{
    "name": "cloud_2_622",
    "num_nodes": 17,
    "num_leaves": 1,
    "providers": {
        "provider_0": {
            "name": "aws",
            "leave": true,
            "estimated_latency": [
                0.0,
                1.9242049007742283,
                3.845052104121558,
                6.570181184690718,
                0.5087010092456515,
                8.790468701164368,
                9.523950986638495,
                0.7102710414492107,
                6.938918392476505,
                8.803832134093263,
                4.978650493191737,
                6.141242615552923,
                6.082137715674461,
                5.704651108949495,
                9.811294357520621,
                3.279998954211173,
                0.23429789194492145
            ],
            "pricing_Storage_Transfer": 0,
            "max_RAM_curr": 6.172553773958255,
            "pricing_RAM": 5,
            "pricing_data_sent": 0.01,
            "pricing_StartRequest": 4e-07
        },
        "provider_1": {
            "name": "aws",
            "estimated_latency": [
                1.9242049007742283,
                0.0,
                6.751571241695195,
                4.685523727174101,
                4.0233912336971125,
                1.5958660299154293,
                8.53120970627962,
                5.903677289755634,
                9.8271235828188,
                7.994530719812806,
                0.7539026056261089,
                2.2428727900065573,
                8.903464697689296,
                7.499130265341946,
                8.13143111648483,
                1.27527094302723,
                9.549330759820805
            ],
            "leave": false,
            "pricing_Storage_Transfer": 0,
            "max_RAM_curr": 4.273544446431254,
            "pricing_RAM": 5,
            "pricing_data_sent": 0.01,
            "pricing_StartRequest": 4e-07
        },
        "provider_2": {
            "name": "aws",
            "estimated_latency": [
                3.845052104121558,
                6.751571241695195,
                0.0,
                1.3894843394717844,
                5.50228073668129,
                5.0719945996386535,
                5.437489329798933,
                2.3750213019819872,
                1.542089806185906,
                3.5157073880628773,
                2.020537904879376,
                4.438412739133417,
                9.535954491510505,
                7.488447616887695,
                2.729034737733136,
                8.794266554602558,
                0.23377330152686265
            ],
            "leave": false,
            "pricing_Storage_Transfer": 0,
            "max_RAM_curr": 2.866400426910226,
            "pricing_RAM": 5,
            "pricing_data_sent": 0.01,
            "pricing_StartRequest": 4e-07
        },
        "provider_3": {
            "name": "aws",
            "estimated_latency": [
                6.570181184690718,
                4.685523727174101,
                1.3894843394717844,
                0.0,
                5.568922447994902,
                2.385684807245592,
                7.541169182708645,
                8.591561880097114,
                6.150513400219313,
                6.383161903052446,
                7.979537912373207,
                7.819676320427621,
                5.728925467967795,
                3.1619543563000314,
                6.277954764633787,
                8.91489051742988,
                1.0098760421843245
            ],
            "leave": false,
            "pricing_Storage_Transfer": 0,
            "max_RAM_curr": 2.5121342799878827,
            "pricing_RAM": 5,
            "pricing_data_sent": 0.01,
            "pricing_StartRequest": 4e-07
        },
        "provider_4": {
            "name": "aws",
            "estimated_latency": [
                0.5087010092456515,
                4.0233912336971125,
                5.50228073668129,
                5.568922447994902,
                0.0,
                6.712215918832433,
                5.391868419640111,
                2.396892311224787,
                7.409343796429244,
                6.628887935694468,
                7.652085558587024,
                0.28331184967450007,
                4.798204135530848,
                7.287082896736036,
                1.8470601611394788,
                4.660508636018857,
                5.416170681690798
            ],
            "leave": false,
            "pricing_Storage_Transfer": 0,
            "max_RAM_curr": 2.1341357259753027,
            "pricing_RAM": 5,
            "pricing_data_sent": 0.01,
            "pricing_StartRequest": 4e-07
        },
        "provider_5": {
            "name": "aws",
            "estimated_latency": [
                8.790468701164368,
                1.5958660299154293,
                5.0719945996386535,
                2.385684807245592,
                6.712215918832433,
                0.0,
                2.3181729279183756,
                5.6891089961892165,
                1.8056079081758885,
                2.6482621722747797,
                1.5715505107333434,
                6.469400027803596,
                7.44534815202863,
                4.144791607988511,
                5.898970608906953,
                2.8218655269050807,
                9.948721716559255
            ],
            "leave": false,
            "pricing_Storage_Transfer": 0,
            "max_RAM_curr": 9.697438040298096,
            "pricing_RAM": 5,
            "pricing_data_sent": 0.01,
            "pricing_StartRequest": 4e-07
        },
        "provider_6": {
            "name": "aws",
            "estimated_latency": [
                9.523950986638495,
                8.53120970627962,
                5.437489329798933,
                7.541169182708645,
                5.391868419640111,
                2.3181729279183756,
                0.0,
                7.115109049726807,
                0.3048922901831488,
                1.4584825176360798,
                9.246386485789046,
                8.683839700376794,
                9.974760663846993,
                5.865815370884605,
                2.3773134861095673,
                3.5541137240347007,
                0.7312721311128484
            ],
            "leave": false,
            "pricing_Storage_Transfer": 0,
            "max_RAM_curr": 3.0123123691778644,
            "pricing_RAM": 5,
            "pricing_data_sent": 0.01,
            "pricing_StartRequest": 4e-07
        },
        "provider_7": {
            "name": "aws",
            "estimated_latency": [
                0.7102710414492107,
                5.903677289755634,
                2.3750213019819872,
                8.591561880097114,
                2.396892311224787,
                5.6891089961892165,
                7.115109049726807,
                0.0,
                0.11111400841394892,
                8.14370981683164,
                0.165704950442374,
                6.845118673357953,
                4.645505841876462,
                5.032510178093053,
                0.7102601578847972,
                4.042762439201866,
                2.231456975987698
            ],
            "leave": false,
            "pricing_Storage_Transfer": 0,
            "max_RAM_curr": 1.4829262138520793,
            "pricing_RAM": 5,
            "pricing_data_sent": 0.01,
            "pricing_StartRequest": 4e-07
        },
        "provider_8": {
            "name": "aws",