{
    "name": "cloud_2_810",
    "num_nodes": 16,
    "num_leaves": 1,
    "providers": {
        "provider_0": {
            "name": "aws",
            "leave": true,
            "estimated_latency": [
                0.0,
                9.175081511368246,
                5.843865935342556,
                0.10258558685862545,
                7.2238096639756035,
                4.1546743433736975,
                7.146493826949794,
                5.5020850307102105,
                1.819634746152633,
                6.24838583827422,
                1.4499605999039376,
                8.719289929436298,
                5.085557316388212,
                4.264484227850168,
                3.0686334249611305,
                1.06166692874975
            ],
            "pricing_Storage_Transfer": 0,
            "max_RAM_curr": 3.284917007439562,
            "pricing_RAM": 5,
            "pricing_data_sent": 0.01,
            "pricing_StartRequest": 4e-07
        },
        "provider_1": {
            "name": "aws",
            "estimated_latency": [
                9.175081511368246,
                0.0,
                3.375301576243164,
                6.535434125512603,
                2.7371191035621774,
                0.33140279628584857,
                4.367454137018749,
                7.926562619595996,
                1.317719505555944,
                7.494210909767349,
                6.818642936646923,
                7.080202593682837,
                9.18593061921291,
                6.794812950477508,
                3.458780433171733,
                4.006429550792455
            ],
            "leave": false,
            "pricing_Storage_Transfer": 0,
            "max_RAM_curr": 27.7306842776487,
            "pricing_RAM": 5,
            "pricing_data_sent": 0.01,
            "pricing_StartRequest": 4e-07
        },
        "provider_2": {
            "name": "aws",
            "estimated_latency": [
                5.843865935342556,
                3.375301576243164,
                0.0,
                4.734149357369467,
                9.217281490843359,
                8.59405503321769,
                0.4393570627529233,
                2.6541057881797165,
                5.129773217265403,
                9.669333119212524,
                0.9345019300818862,
                6.857203038700219,
                9.142853763739325,
                4.630290098836593,
                0.6741349505106272,
                2.7728937760947865
            ],
            "leave": false,
            "pricing_Storage_Transfer": 0,
            "max_RAM_curr": 6.231047217973864,
            "pricing_RAM": 5,
            "pricing_data_sent": 0.01,
            "pricing_StartRequest": 4e-07
        },
        "provider_3": {
            "name": "aws",
            "estimated_latency": [
                0.10258558685862545,
                6.535434125512603,
                4.734149357369467,
                0.0,
                1.0533986752033444,
                0.4378166455670853,
                1.6473735980670394,
                4.248490069419837,
                7.449548131199414,
                6.5890533801663445,
                8.728624462840004,
                0.6230702104529283,
                1.2818103225428725,
                0.8288480648289437,
                3.085885822857245,
                8.552227040592506
            ],
            "leave": false,
            "pricing_Storage_Transfer": 0,
            "max_RAM_curr": 3.0627586838318965,
            "pricing_RAM": 5,
            "pricing_data_sent": 0.01,
            "pricing_StartRequest": 4e-07
        },
        "provider_4": {
            "name": "aws",
            "estimated_latency": [
                7.2238096639756035,
                2.7371191035621774,
                9.217281490843359,
                1.0533986752033444,
                0.0,
                2.5629052578135396,
                3.160920454151834,
                4.982075323002201,
                3.120994579788089,
                6.638810232171514,
                3.5351887559760753,
                2.6124959190064816,
                2.479478188246098,
                3.345074462587009,
                8.280584038832004,
                3.5137302546011155
            ],
            "leave": false,
            "pricing_Storage_Transfer": 0,
            "max_RAM_curr": 2.306879479626504,
            "pricing_RAM": 5,
            "pricing_data_sent": 0.01,
            "pricing_StartRequest": 4e-07
        },
        "provider_5": {
            "name": "aws",
            "estimated_latency": [
                4.1546743433736975,
                0.33140279628584857,
                8.59405503321769,
                0.4378166455670853,
                2.5629052578135396,
                0.0,
                4.251337902630241,
                7.757388751565447,
                3.288168451320905,
                8.827094385466705,
                8.458359936047154,
                4.930832663859151,
                3.40624490652538,
                3.5379254927485126,
                3.7450111911399926,
                5.99013863608024
            ],
            "leave": false,
            "pricing_Storage_Transfer": 0,
            "max_RAM_curr": 5.415015259016778,
            "pricing_RAM": 5,
            "pricing_data_sent": 0.01,
            "pricing_StartRequest": 4e-07
        },
        "provider_6": {
            "name": "aws",
            "estimated_latency": [
                7.146493826949794,
                4.367454137018749,
                0.4393570627529233,
                1.6473735980670394,
                3.160920454151834,
                4.251337902630241,
                0.0,
                0.38033685129362105,
                4.238624184533178,
                9.75868511204484,
                0.2149173013401437,
                5.536927209398192,
                5.200945511566277,
                3.8844385533759884,
                9.744664639114525,
                6.586527773273951
            ],
            "leave": false,
            "pricing_Storage_Transfer": 0,
            "max_RAM_curr": 4.909387311696025,
            "pricing_RAM": 5,
            "pricing_data_sent": 0.01,
            "pricing_StartRequest": 4e-07
        },
        "provider_7": {
            "name": "aws",
            "estimated_latency": [
                5.5020850307102105,
                7.926562619595996,
                2.6541057881797165,
                4.248490069419837,
                4.982075323002201,
                7.757388751565447,
                0.38033685129362105,
                0.0,
                3.344608591073545,
                3.8555295449902918,
                4.043450006257759,
                3.166551842695269,
                6.540153506385304,
                0.8590090950063639,
                2.685389378297914,
                3.1068161914932415
            ],
            "leave": false,
            "pricing_Storage_Transfer": 0,
            "max_RAM_curr": 6.155465737998953,
            "pricing_RAM": 5,
            "pricing_data_sent": 0.01,
            "pricing_StartRequest": 4e-07
        },
        "provider_8": {
            "name": "aws",
            "estimated_latency": [
                1.819634746152633,
                1.317719505555944,
                5.129773217265403,
                7.449548131199414,
                3.120994579788089,
                3.288168451320905,
                4.238624184533178,
                3.344608591073545,
                0.0,
                1.7902505825651494,
                2.222605739651469,
                5.053783332194531,
                0.5883421601612513,
                9.488072111825671,
                1.0204072321757616,
                0.200335677644578
            ],
            "leave": false,
            "pricing_Storage_Transfer": 0,
            "max_RAM_curr": 0.6470193568815918,