{
    "name": "cloud_2_260",
    "num_nodes": 10,
    "num_leaves": 1,
    "providers": {
        "provider_0": {
            "name": "aws",
            "leave": true,
            "estimated_latency": [
                0.0,
                1.573786154333395,
                6.760220103397968,
                3.4072973671242255,
                3.4378121421787875,
                0.5097888077948004,
                5.070844900289284,
                8.442714092509974,
                8.312986279921438,
                5.756114444627227
            ],
            "pricing_Storage_Transfer": 0,
            "max_RAM_curr": 2.8846570309054136,
            "pricing_RAM": 5,
            "pricing_data_sent": 0.01,
            "pricing_StartRequest": 4e-07
        },
        "provider_1": {
            "name": "aws",
            "estimated_latency": [
                1.573786154333395,
                0.0,
                4.019411909307862,
                3.3112949307399466,
                7.828781709799271,
                1.2673128848511328,
                6.482636009042794,
                8.797982978580263,
                1.6663511908080624,
                0.5409181123183322
            ],
            "leave": false,
            "pricing_Storage_Transfer": 0,
            "max_RAM_curr": 3.0727793345567407,
            "pricing_RAM": 5,
            "pricing_data_sent": 0.01,
            "pricing_StartRequest": 4e-07
        },
        "provider_2": {
            "name": "aws",
            "estimated_latency": [
                6.760220103397968,
                4.019411909307862,
                0.0,
                6.1030837936706765,
                3.582113242402701,
                4.415589831701059,
                6.830845728352933,
                7.549626018302009,
                9.367135085655875,
                7.71161547695225
            ],
            "leave": false,
            "pricing_Storage_Transfer": 0,
            "max_RAM_curr": 20.2149014870109,
            "pricing_RAM": 5,
            "pricing_data_sent": 0.01,
            "pricing_StartRequest": 4e-07
        },
        "provider_3": {
            "name": "aws",
            "estimated_latency": [
                3.4072973671242255,
                3.3112949307399466,
                6.1030837936706765,
                0.0,
                7.680891494718075,
                3.38013980366144,
                5.182923691343407,
                1.6882409649947023,
                5.24796619190808,
                0.48561088700821065
            ],
            "leave": false,
            "pricing_Storage_Transfer": 0,
            "max_RAM_curr": 2.6663461530835035,
            "pricing_RAM": 5,
            "pricing_data_sent": 0.01,
            "pricing_StartRequest": 4e-07
        },
        "provider_4": {
            "name": "aws",
            "estimated_latency": [
                3.4378121421787875,
                7.828781709799271,
                3.582113242402701,
                7.680891494718075,
                0.0,
                5.204945283293657,
                6.273539984884666,
                5.218804724281943,
                4.338066621923924,
                1.8095271899915424
            ],
            "leave": false,
            "pricing_Storage_Transfer": 0,
            "max_RAM_curr": 0.4425983765859158,
            "pricing_RAM": 5,
            "pricing_data_sent": 0.01,
            "pricing_StartRequest": 4e-07
        },
        "provider_5": {
            "name": "aws",
            "estimated_latency": [
                0.5097888077948004,
                1.2673128848511328,
                4.415589831701059,
                3.38013980366144,
                5.204945283293657,
                0.0,
                5.891976935097981,
                4.434830164571266,
                4.889853860155209,
                7.097700515439894
            ],
            "leave": false,
            "pricing_Storage_Transfer": 0,
            "max_RAM_curr": 5.372962844697179,
            "pricing_RAM": 5,
            "pricing_data_sent": 0.01,
            "pricing_StartRequest": 4e-07
        },
        "provider_6": {
            "name": "aws",
            "estimated_latency": [
                5.070844900289284,
                6.482636009042794,
                6.830845728352933,
                5.182923691343407,
                6.273539984884666,
                5.891976935097981,
                0.0,
                4.9394890943498115,
                3.9082321874635744,
                5.717611103256028
            ],
            "leave": false,
            "pricing_Storage_Transfer": 0,
            "max_RAM_curr": 4.758955979909115,
            "pricing_RAM": 5,
            "pricing_data_sent": 0.01,
            "pricing_StartRequest": 4e-07
        },
        "provider_7": {
            "name": "aws",
            "estimated_latency": [
                8.442714092509974,
                8.797982978580263,
                7.549626018302009,
                1.6882409649947023,
                5.218804724281943,
                4.434830164571266,
                4.9394890943498115,
                0.0,
                3.9103165482631854,
                4.381175303031488
            ],
            "leave": false,
            "pricing_Storage_Transfer": 0,
            "max_RAM_curr": 6.199053462840313,
            "pricing_RAM": 5,
            "pricing_data_sent": 0.01,
            "pricing_StartRequest": 4e-07
        },
        "provider_8": {
            "name": "aws",
            "estimated_latency": [
                8.312986279921438,
                1.6663511908080624,
                9.367135085655875,
                5.24796619190808,
                4.338066621923924,
                4.889853860155209,
                3.9082321874635744,
                3.9103165482631854,
                0.0,
                9.304220271857394
            ],
            "leave": false,
            "pricing_Storage_Transfer": 0,
            "max_RAM_curr": 0.8571222367527469,
            "pricing_RAM": 5,
            "pricing_data_sent": 0.01,
            "pricing_StartRequest": 4e-07
        },
        "provider_9": {
            "name": "aws",
            "estimated_latency": [
                5.756114444627227,
                0.5409181123183322,
                7.71161547695225,
                0.48561088700821065,
                1.8095271899915424,
                7.097700515439894,
                5.717611103256028,
                4.381175303031488,
                9.304220271857394,
                0.0
            ],
            "leave": false,
            "pricing_Storage_Transfer": 0,
            "max_RAM_curr": 6.599415703961779,
            "pricing_RAM": 5,
            "pricing_data_sent": 0.01,
            "pricing_StartRequest": 4e-07
        }
    }
}