{
    "name": "cloud_2_737",
    "num_nodes": 7,
    "num_leaves": 1,
    "providers": {
        "provider_0": {
            "name": "aws",
            "leave": true,
            "estimated_latency": [
                0.0,
                0.8411299030205986,
                3.8543144029515286,
                0.20894122956595113,
                5.780148709740692,
                6.012915262574953,
                5.9827494304065105
            ],
            "pricing_Storage_Transfer": 0,
            "max_RAM_curr": 1.0952790124554435,
            "pricing_RAM": 5,
            "pricing_data_sent": 0.01,
            "pricing_StartRequest": 4e-07,
            "max_ram_curr": 1.0952790124554435
        },
        "provider_1": {
            "name": "aws",
            "estimated_latency": [
                0.8411299030205986,
                0.0,
                0.47654959738161196,
                4.3632160559999225,
                9.497466288965793,
                2.0601054105514875,
                7.757175801421183
            ],
            "leave": false,
            "pricing_Storage_Transfer": 0,
            "max_RAM_curr": 2.5282436932443777,
            "pricing_RAM": 5,
            "pricing_data_sent": 0.01,
            "pricing_StartRequest": 4e-07,
            "max_ram_curr": 2.5282436932443777
        },
        "provider_2": {
            "name": "aws",
            "estimated_latency": [
                3.8543144029515286,
                0.47654959738161196,
                0.0,
                0.6609419575065482,
                2.1911911664274153,
                1.5301328063410775,
                2.236744479695205
            ],
            "leave": false,
            "pricing_Storage_Transfer": 0,
            "max_RAM_curr": 5.571642298487481,
            "pricing_RAM": 5,
            "pricing_data_sent": 0.01,
            "pricing_StartRequest": 4e-07,
            "max_ram_curr": 5.571642298487481
        },
        "provider_3": {
            "name": "aws",
            "estimated_latency": [
                0.20894122956595113,
                4.3632160559999225,
                0.6609419575065482,
                0.0,
                7.221310981415811,
                5.038792433168236,
                9.216574435063393
            ],
            "leave": false,
            "pricing_Storage_Transfer": 0,
            "max_RAM_curr": 17.703370116318446,
            "pricing_RAM": 5,
            "pricing_data_sent": 0.01,
            "pricing_StartRequest": 4e-07,
            "max_ram_curr": 17.703370116318446
        },
        "provider_4": {
            "name": "aws",
            "estimated_latency": [
                5.780148709740692,
                9.497466288965793,
                2.1911911664274153,
                7.221310981415811,
                0.0,
                1.5441858902502752,
                5.599343985516288
            ],
            "leave": false,
            "pricing_Storage_Transfer": 0,
            "max_RAM_curr": 4.003136700127737,
            "pricing_RAM": 5,
            "pricing_data_sent": 0.01,
            "pricing_StartRequest": 4e-07,
            "max_ram_curr": 4.003136700127737
        },
        "provider_5": {
            "name": "aws",
            "estimated_latency": [
                6.012915262574953,
                2.0601054105514875,
                1.5301328063410775,
                5.038792433168236,
                1.5441858902502752,
                0.0,
                6.501411168152115
            ],
            "leave": false,
            "pricing_Storage_Transfer": 0,
            "max_RAM_curr": 9.513085936499431,
            "pricing_RAM": 5,
            "pricing_data_sent": 0.01,
            "pricing_StartRequest": 4e-07,
            "max_ram_curr": 9.513085936499431
        },
        "provider_6": {
            "name": "aws",
            "estimated_latency": [
                5.9827494304065105,
                7.757175801421183,
                2.236744479695205,
                9.216574435063393,
                5.599343985516288,
                6.501411168152115,
                0.0
            ],
            "leave": false,
            "pricing_Storage_Transfer": 0,
            "max_RAM_curr": 0.9296206316247896,
            "pricing_RAM": 5,
            "pricing_data_sent": 0.01,
            "pricing_StartRequest": 4e-07,
            "max_ram_curr": 0.9296206316247896
        }
    }
}