{
    "name": "cloud_2_774",
    "num_nodes": 5,
    "num_leaves": 1,
    "providers": {
        "provider_0": {
            "name": "aws",
            "leave": true,
            "estimated_latency": [
                0.0,
                4.7895348735060495,
                6.239105452107332,
                4.521225805719876,
                7.829525884369266
            ],
            "pricing_Storage_Transfer": 0,
            "max_RAM_curr": 0.4259333210279288,
            "pricing_RAM": 5,
            "pricing_data_sent": 0.01,
            "pricing_StartRequest": 4e-07,
            "max_ram_curr": 0.4259333210279288
        },
        "provider_1": {
            "name": "aws",
            "estimated_latency": [
                4.7895348735060495,
                0.0,
                0.7645012153451851,
                0.48473204995662433,
                2.8329141214454245
            ],
            "leave": false,
            "pricing_Storage_Transfer": 0,
            "max_RAM_curr": 1.4615827138003816,
            "pricing_RAM": 5,
            "pricing_data_sent": 0.01,
            "pricing_StartRequest": 4e-07,
            "max_ram_curr": 1.4615827138003816
        },
        "provider_2": {
            "name": "aws",
            "estimated_latency": [
                6.239105452107332,
                0.7645012153451851,
                0.0,
                4.972127997549833,
                4.534601112526428
            ],
            "leave": false,
            "pricing_Storage_Transfer": 0,
            "max_RAM_curr": 12.016550098911006,
            "pricing_RAM": 5,
            "pricing_data_sent": 0.01,
            "pricing_StartRequest": 4e-07,
            "max_ram_curr": 12.016550098911006
        },
        "provider_3": {
            "name": "aws",
            "estimated_latency": [
                4.521225805719876,
                0.48473204995662433,
                4.972127997549833,
                0.0,
                9.16094225212242
            ],
            "leave": false,
            "pricing_Storage_Transfer": 0,
            "max_RAM_curr": 5.382048526854705,
            "pricing_RAM": 5,
            "pricing_data_sent": 0.01,
            "pricing_StartRequest": 4e-07,
            "max_ram_curr": 5.382048526854705
        },
        "provider_4": {
            "name": "aws",
            "estimated_latency": [
                7.829525884369266,
                2.8329141214454245,
                4.534601112526428,
                9.16094225212242,
                0.0
            ],
            "leave": false,
            "pricing_Storage_Transfer": 0,
            "max_RAM_curr": 2.6149140552525574,
            "pricing_RAM": 5,
            "pricing_data_sent": 0.01,
            "pricing_StartRequest": 4e-07,
            "max_ram_curr": 2.6149140552525574
        }
    }
}