{
    "name": "cloud_2_820",
    "num_nodes": 4,
    "num_leaves": 1,
    "providers": {
        "provider_0": {
            "name": "aws",
            "leave": true,
            "estimated_latency": [
                0.0,
                2.2510102244689376,
                6.648543631116746,
                1.9336828505157997
            ],
            "pricing_Storage_Transfer": 0,
            "max_RAM_curr": 6.11543669262649,
            "pricing_RAM": 5,
            "pricing_data_sent": 0.01,
            "pricing_StartRequest": 4e-07
        },
        "provider_1": {
            "name": "aws",
            "estimated_latency": [
                2.2510102244689376,
                0.0,
                3.5990328194777668,
                6.714494237407569
            ],
            "leave": false,
            "pricing_Storage_Transfer": 0,
            "max_RAM_curr": 9.384968372443492,
            "pricing_RAM": 5,
            "pricing_data_sent": 0.01,
            "pricing_StartRequest": 4e-07
        },
        "provider_2": {
            "name": "aws",
            "estimated_latency": [
                6.648543631116746,
                3.5990328194777668,
                0.0,
                3.8173784115387095
            ],
            "leave": false,
            "pricing_Storage_Transfer": 0,
            "max_RAM_curr": 0.13668115272186937,
            "pricing_RAM": 5,
            "pricing_data_sent": 0.01,
            "pricing_StartRequest": 4e-07
        },
        "provider_3": {
            "name": "aws",
            "estimated_latency": [
                1.9336828505157997,
                6.714494237407569,
                3.8173784115387095,
                0.0
            ],
            "leave": false,
            "pricing_Storage_Transfer": 0,
            "max_RAM_curr": 2.2923244398576528,
            "pricing_RAM": 5,
            "pricing_data_sent": 0.01,
            "pricing_StartRequest": 4e-07
        }
    }
}