{
    "name": "cloud_2_4",
    "num_nodes": 6,
    "num_leaves": 1,
    "providers": {
        "provider_0": {
            "name": "aws",
            "leave": true,
            "estimated_latency": [
                0.0,
                0.48420420217089866,
                6.58757201912113,
                4.8633421218723925,
                6.581997051306776,
                9.285788825635043
            ],
            "pricing_Storage_Transfer": 0,
            "max_RAM_curr": Infinity,
            "pricing_RAM": 0.01667,
            "pricing_data_sent": 0.01,
            "pricing_StartRequest": 4e-07,
            "max_ram_curr": Infinity
        },
        "provider_1": {
            "name": "aws",
            "estimated_latency": [
                0.48420420217089866,
                0.0,
                8.52556420070478,
                0.19543134292008182,
                1.0548678367085644,
                6.6343872291861095
            ],
            "leave": false,
            "pricing_Storage_Transfer": 0,
            "max_RAM_curr": Infinity,
            "pricing_RAM": 0.01667,
            "pricing_data_sent": 0.01,
            "pricing_StartRequest": 4e-07,
            "max_ram_curr": Infinity
        },
        "provider_2": {
            "name": "aws",
            "estimated_latency": [
                6.58757201912113,
                8.52556420070478,
                0.0,
                6.612022275975221,
                6.493852641225808,
                4.893661451294949
            ],
            "leave": false,
            "pricing_Storage_Transfer": 0,
            "max_RAM_curr": Infinity,
            "pricing_RAM": 0.01667,
            "pricing_data_sent": 0.01,
            "pricing_StartRequest": 4e-07,
            "max_ram_curr": Infinity
        },
        "provider_3": {
            "name": "aws",
            "estimated_latency": [
                4.8633421218723925,
                0.19543134292008182,
                6.612022275975221,
                0.0,
                5.916338187767309,
                9.624628093634476
            ],
            "leave": false,
            "pricing_Storage_Transfer": 0,
            "max_RAM_curr": Infinity,
            "pricing_RAM": 0.01667,
            "pricing_data_sent": 0.01,
            "pricing_StartRequest": 4e-07,
            "max_ram_curr": Infinity
        },
        "provider_4": {
            "name": "aws",
            "estimated_latency": [
                6.581997051306776,
                1.0548678367085644,
                6.493852641225808,
                5.916338187767309,
                0.0,
                2.6052620599530485
            ],
            "leave": false,
            "pricing_Storage_Transfer": 0,
            "max_RAM_curr": Infinity,
            "pricing_RAM": 0.01667,
            "pricing_data_sent": 0.01,
            "pricing_StartRequest": 4e-07,
            "max_ram_curr": Infinity
        },
        "provider_5": {
            "name": "aws",
            "estimated_latency": [
                9.285788825635043,
                6.6343872291861095,
                4.893661451294949,
                9.624628093634476,
                2.6052620599530485,
                0.0
            ],
            "leave": false,
            "pricing_Storage_Transfer": 0,
            "max_RAM_curr": Infinity,
            "pricing_RAM": 0.01667,
            "pricing_data_sent": 0.01,
            "pricing_StartRequest": 4e-07,
            "max_ram_curr": Infinity
        }
    }
}