{
    "name": "cloud_2_664",
    "num_nodes": 13,
    "num_leaves": 1,
    "providers": {
        "provider_0": {
            "name": "aws",
            "leave": true,
            "estimated_latency": [
                0.0,
                1.3124283630783427,
                3.7441743826340717,
                1.7191402863614822,
                2.130888148350565,
                6.491975703658105,
                2.592037135426722,
                1.667097397812078,
                0.4083755514659875,
                5.229485989076098,
                1.245017495300865,
                1.9911725624160788,
                0.6727239200969076
            ],
            "pricing_Storage_Transfer": 0,
            "max_RAM_curr": 1.019185055084286,
            "pricing_RAM": 5,
            "pricing_data_sent": 0.01,
            "pricing_StartRequest": 4e-07
        },
        "provider_1": {
            "name": "aws",
            "estimated_latency": [
                1.3124283630783427,
                0.0,
                1.8446792238276373,
                8.191244869019554,
                0.11787884663197225,
                1.609065049544255,
                4.06769347908661,
                5.990112900357251,
                9.412777849713715,
                4.784412106959872,
                1.9432409852072745,
                0.17860146166900637,
                6.149080211843242
            ],
            "leave": false,
            "pricing_Storage_Transfer": 0,
            "max_RAM_curr": 2.7017422969393783,
            "pricing_RAM": 5,
            "pricing_data_sent": 0.01,
            "pricing_StartRequest": 4e-07
        },
        "provider_2": {
            "name": "aws",
            "estimated_latency": [
                3.7441743826340717,
                1.8446792238276373,
                0.0,
                1.4575002817724774,
                1.5471966484200776,
                8.50444231289965,
                0.6023837593162318,
                6.4559171617175215,
                4.747224749621616,
                4.939155673559556,
                1.5796300153594727,
                3.3825772074102765,
                1.3742496345106237
            ],
            "leave": false,
            "pricing_Storage_Transfer": 0,
            "max_RAM_curr": 4.491427171116749,
            "pricing_RAM": 5,
            "pricing_data_sent": 0.01,
            "pricing_StartRequest": 4e-07
        },
        "provider_3": {
            "name": "aws",
            "estimated_latency": [
                1.7191402863614822,
                8.191244869019554,
                1.4575002817724774,
                0.0,
                4.430614862832449,
                5.745422064308316,
                3.1965018364720437,
                6.4831095238557195,
                4.963568012903587,
                9.143077318559925,
                2.099626079291819,
                2.775020782100735,
                8.762375122885766
            ],
            "leave": false,
            "pricing_Storage_Transfer": 0,
            "max_RAM_curr": 0.435988529863833,
            "pricing_RAM": 5,
            "pricing_data_sent": 0.01,
            "pricing_StartRequest": 4e-07
        },
        "provider_4": {
            "name": "aws",
            "estimated_latency": [
                2.130888148350565,
                0.11787884663197225,
                1.5471966484200776,
                4.430614862832449,
                0.0,
                7.178410420414704,
                3.2537151967157305,
                5.734764863240612,
                9.590217936380865,
                1.9789364229830682,
                2.9002511415962897,
                6.7591444117992925,
                6.569911191874259
            ],
            "leave": false,
            "pricing_Storage_Transfer": 0,
            "max_RAM_curr": 1.5592188903388768,
            "pricing_RAM": 5,
            "pricing_data_sent": 0.01,
            "pricing_StartRequest": 4e-07
        },
        "provider_5": {
            "name": "aws",
            "estimated_latency": [
                6.491975703658105,
                1.609065049544255,
                8.50444231289965,
                5.745422064308316,
                7.178410420414704,
                0.0,
                0.5409055638143181,
                9.116541169535626,
                5.519638760061679,
                2.4115876620596284,
                5.079220674428125,
                5.4875761521313295,
                7.2647742590870035
            ],
            "leave": false,
            "pricing_Storage_Transfer": 0,
            "max_RAM_curr": 0.26480780274616894,
            "pricing_RAM": 5,
            "pricing_data_sent": 0.01,
            "pricing_StartRequest": 4e-07
        },
        "provider_6": {
            "name": "aws",
            "estimated_latency": [
                2.592037135426722,
                4.06769347908661,
                0.6023837593162318,
                3.1965018364720437,
                3.2537151967157305,
                0.5409055638143181,
                0.0,
                1.8854367026643735,
                4.849653886810327,
                1.8259554413477161,
                3.1789725020862307,
                6.431360944516414,
                7.667953515346849
            ],
            "leave": false,
            "pricing_Storage_Transfer": 0,
            "max_RAM_curr": 4.074924880120444,
            "pricing_RAM": 5,
            "pricing_data_sent": 0.01,
            "pricing_StartRequest": 4e-07
        },
        "provider_7": {
            "name": "aws",
            "estimated_latency": [
                1.667097397812078,
                5.990112900357251,
                6.4559171617175215,
                6.4831095238557195,
                5.734764863240612,
                9.116541169535626,
                1.8854367026643735,
                0.0,
                5.748823371804902,
                6.636013790110181,
                4.088556040952894,
                7.308675322410479,
                1.4054884334890427
            ],
            "leave": false,
            "pricing_Storage_Transfer": 0,
            "max_RAM_curr": 2.347397447997627,
            "pricing_RAM": 5,
            "pricing_data_sent": 0.01,
            "pricing_StartRequest": 4e-07
        },
        "provider_8": {
            "name": "aws",
            "estimated_latency": [
                0.4083755514659875,
                9.412777849713715,
                4.747224749621616,
                4.963568012903587,
                9.590217936380865,
                5.519638760061679,
                4.849653886810327,
                5.748823371804902,
                0.0,
                5.808729753162927,
                8.659894004148864,
                2.239209412184345,
                5.546290842159397
            ],
            "leave": false,
            "pricing_Storage_Transfer": 0,
            "max_RAM_curr": 6.211509112735803,
            "pricing_RAM": 5,
            "pricing_data_sent": 0.01,
            "pricing_StartRequest": 4e-07
        },
        "provider_9": {
            "name": "aws",
            "estimated_latency": [
                5.229485989076098,
                4.784412106959872,
                4.939155673559556,
                9.143077318559925,
                1.9789364229830682,
                2.4115876620596284,
                1.8259554413477161,
                6.636013790110181,
                5.808729753162927,
                0.0,
                2.5420503658634943,
                5.9554923151807015,
                7.418811186500165
            ],
            "leave": false,
            "pricing_Storage_Transfer": 0,
            "max_RAM_curr": 0.5931099078999245,
            "pricing_RAM": 5,
            "pricing_data_sent": 0.01,
            "pricing_StartRequest": 4e-07
        },