{
    "name": "cloud_2_465",
    "num_nodes": 11,
    "num_leaves": 1,
    "providers": {
        "provider_0": {
            "name": "aws",
            "leave": true,
            "estimated_latency": [
                0.0,
                1.4416214456421175,
                3.973640984714185,
                0.6842226236912923,
                1.1890443016667478,
                3.5104030813465825,
                8.808989755674691,
                0.5444190610859392,
                3.0602083496256043,
                4.735171638179622,
                8.282549660302955
            ],
            "pricing_Storage_Transfer": 0,
            "max_RAM_curr": 0.22177349544871158,
            "pricing_RAM": 5,
            "pricing_data_sent": 0.01,
            "pricing_StartRequest": 4e-07
        },
        "provider_1": {
            "name": "aws",
            "estimated_latency": [
                1.4416214456421175,
                0.0,
                7.0110286256396455,
                7.0669711947039895,
                4.62431684469481,
                8.968197878514209,
                0.5813191003504905,
                2.444364621710294,
                0.5716354530536518,
                6.88574907214154,
                6.382887446073622
            ],
            "leave": false,
            "pricing_Storage_Transfer": 0,
            "max_RAM_curr": 0.10959197587590033,
            "pricing_RAM": 5,
            "pricing_data_sent": 0.01,
            "pricing_StartRequest": 4e-07
        },
        "provider_2": {
            "name": "aws",
            "estimated_latency": [
                3.973640984714185,
                7.0110286256396455,
                0.0,
                8.477168992298575,
                8.904537669849995,
                5.620828128973393,
                2.449310260375711,
                8.473658718262719,
                6.711839706374307,
                1.8463597878450324,
                7.562406455271095
            ],
            "leave": false,
            "pricing_Storage_Transfer": 0,
            "max_RAM_curr": 0.3144845944910488,
            "pricing_RAM": 5,
            "pricing_data_sent": 0.01,
            "pricing_StartRequest": 4e-07
        },
        "provider_3": {
            "name": "aws",
            "estimated_latency": [
                0.6842226236912923,
                7.0669711947039895,
                8.477168992298575,
                0.0,
                3.9749178391887363,
                0.4175827200411134,
                7.683186379591968,
                1.3691327684714327,
                1.2180427812347072,
                6.0777283597021405,
                7.010533721701711
            ],
            "leave": false,
            "pricing_Storage_Transfer": 0,
            "max_RAM_curr": 0.5053341799546117,
            "pricing_RAM": 5,
            "pricing_data_sent": 0.01,
            "pricing_StartRequest": 4e-07
        },
        "provider_4": {
            "name": "aws",
            "estimated_latency": [
                1.1890443016667478,
                4.62431684469481,
                8.904537669849995,
                3.9749178391887363,
                0.0,
                9.95818896954172,
                1.0762298432659647,
                7.6620308560189585,
                2.817912229430271,
                1.3702571155427004,
                6.521576493373095
            ],
            "leave": false,
            "pricing_Storage_Transfer": 0,
            "max_RAM_curr": 0.33463729456999985,
            "pricing_RAM": 5,
            "pricing_data_sent": 0.01,
            "pricing_StartRequest": 4e-07
        },
        "provider_5": {
            "name": "aws",
            "estimated_latency": [
                3.5104030813465825,
                8.968197878514209,
                5.620828128973393,
                0.4175827200411134,
                9.95818896954172,
                0.0,
                3.8453187513460394,
                6.470621834987196,
                4.617226043137435,
                6.659582102193781,
                9.067518723757692
            ],
            "leave": false,
            "pricing_Storage_Transfer": 0,
            "max_RAM_curr": 0.24913863972464606,
            "pricing_RAM": 5,
            "pricing_data_sent": 0.01,
            "pricing_StartRequest": 4e-07
        },
        "provider_6": {
            "name": "aws",
            "estimated_latency": [
                8.808989755674691,
                0.5813191003504905,
                2.449310260375711,
                7.683186379591968,
                1.0762298432659647,
                3.8453187513460394,
                0.0,
                6.404181331630023,
                5.848267509469498,
                9.737378848061601,
                5.029085009239095
            ],
            "leave": false,
            "pricing_Storage_Transfer": 0,
            "max_RAM_curr": 0.12227541687133668,
            "pricing_RAM": 5,
            "pricing_data_sent": 0.01,
            "pricing_StartRequest": 4e-07
        },
        "provider_7": {
            "name": "aws",
            "estimated_latency": [
                0.5444190610859392,
                2.444364621710294,
                8.473658718262719,
                1.3691327684714327,
                7.6620308560189585,
                6.470621834987196,
                6.404181331630023,
                0.0,
                3.393394036513676,
                7.981556853848697,
                1.1439143354993195
            ],
            "leave": false,
            "pricing_Storage_Transfer": 0,
            "max_RAM_curr": 0.8496042044198487,
            "pricing_RAM": 5,
            "pricing_data_sent": 0.01,
            "pricing_StartRequest": 4e-07
        },
        "provider_8": {
            "name": "aws",
            "estimated_latency": [
                3.0602083496256043,
                0.5716354530536518,
                6.711839706374307,
                1.2180427812347072,
                2.817912229430271,
                4.617226043137435,
                5.848267509469498,
                3.393394036513676,
                0.0,
                6.530512378357102,
                5.04915125205278
            ],
            "leave": false,
            "pricing_Storage_Transfer": 0,
            "max_RAM_curr": 0.08743370986526873,
            "pricing_RAM": 5,
            "pricing_data_sent": 0.01,
            "pricing_StartRequest": 4e-07
        },
        "provider_9": {
            "name": "aws",
            "estimated_latency": [
                4.735171638179622,
                6.88574907214154,
                1.8463597878450324,
                6.0777283597021405,
                1.3702571155427004,
                6.659582102193781,
                9.737378848061601,
                7.981556853848697,
                6.530512378357102,
                0.0,
                1.6988602583784032
            ],
            "leave": false,
            "pricing_Storage_Transfer": 0,
            "max_RAM_curr": 3.065199368004076,
            "pricing_RAM": 5,
            "pricing_data_sent": 0.01,
            "pricing_StartRequest": 4e-07
        },
        "provider_10": {
            "name": "aws",
            "estimated_latency": [
                8.282549660302955,
                6.382887446073622,
                7.562406455271095,
                7.010533721701711,
                6.521576493373095,
                9.067518723757692,
                5.029085009239095,
                1.1439143354993195,
                5.04915125205278,
                1.6988602583784032,
                0.0
            ],
            "leave": false,
            "pricing_Storage_Transfer": 0,
            "max_RAM_curr": 1.0735396656529537,
            "pricing_RAM": 5,
            "pricing_data_sent": 0.01,
            "pricing_StartRequest": 4e-07
        }
    }
}