{
    "name": "cloud_2_583",
    "num_nodes": 16,
    "num_leaves": 1,
    "providers": {
        "provider_0": {
            "name": "aws",
            "leave": true,
            "estimated_latency": [
                0.0,
                7.870191015019385,
                3.4429683551176375,
                1.1139376824460743,
                0.16519146685530964,
                6.731833860323459,
                0.446978565368253,
                4.145167487049237,
                4.381671652454693,
                2.4500593036600824,
                0.4876685510166723,
                3.6649745568061265,
                8.182764901070936,
                8.75948264645443,
                3.453309110019009,
                2.030488434510993
            ],
            "pricing_Storage_Transfer": 0,
            "max_RAM_curr": 2.1690169676091164,
            "pricing_RAM": 5,
            "pricing_data_sent": 0.01,
            "pricing_StartRequest": 4e-07
        },
        "provider_1": {
            "name": "aws",
            "estimated_latency": [
                7.870191015019385,
                0.0,
                9.564612261982768,
                8.471870284040383,
                2.3653480095704342,
                2.2985664723229773,
                8.138534392332723,
                6.07532120914478,
                8.05971365768974,
                0.871420672766197,
                5.206569353821668,
                6.354768570910812,
                7.493741477677385,
                2.9912291135395717,
                2.9334253837293054,
                7.928284944889354
            ],
            "leave": false,
            "pricing_Storage_Transfer": 0,
            "max_RAM_curr": 2.1463910090199914,
            "pricing_RAM": 5,
            "pricing_data_sent": 0.01,
            "pricing_StartRequest": 4e-07
        },
        "provider_2": {
            "name": "aws",
            "estimated_latency": [
                3.4429683551176375,
                9.564612261982768,
                0.0,
                7.320935607227252,
                4.068598806317801,
                1.4186243757880226,
                6.4773342574020285,
                6.3864557763770815,
                9.738261158784232,
                3.582444763344085,
                8.62084477395103,
                4.528920008410129,
                3.9815143948436766,
                7.835466327896296,
                0.5212436815366724,
                3.6026899966392376
            ],
            "leave": false,
            "pricing_Storage_Transfer": 0,
            "max_RAM_curr": 1.9322198916103022,
            "pricing_RAM": 5,
            "pricing_data_sent": 0.01,
            "pricing_StartRequest": 4e-07
        },
        "provider_3": {
            "name": "aws",
            "estimated_latency": [
                1.1139376824460743,
                8.471870284040383,
                7.320935607227252,
                0.0,
                2.7378393578656275,
                0.11939253842202041,
                5.089172143209321,
                9.879438543737725,
                0.980681936991628,
                9.814698157623939,
                9.895753671416873,
                3.56547250701501,
                6.175195916195812,
                2.0098021905439283,
                6.508826229546741,
                5.7022476760621466
            ],
            "leave": false,
            "pricing_Storage_Transfer": 0,
            "max_RAM_curr": 1.5457270196131714,
            "pricing_RAM": 5,
            "pricing_data_sent": 0.01,
            "pricing_StartRequest": 4e-07
        },
        "provider_4": {
            "name": "aws",
            "estimated_latency": [
                0.16519146685530964,
                2.3653480095704342,
                4.068598806317801,
                2.7378393578656275,
                0.0,
                6.406466442237522,
                4.257104778131095,
                8.28019623731711,
                5.558747687469674,
                8.464764572320762,
                3.4811690165174536,
                3.267165632355436,
                0.25257601066531,
                8.321273183972725,
                7.1758403839305505,
                7.668201058250264
            ],
            "leave": false,
            "pricing_Storage_Transfer": 0,
            "max_RAM_curr": 1.578949255626853,
            "pricing_RAM": 5,
            "pricing_data_sent": 0.01,
            "pricing_StartRequest": 4e-07
        },
        "provider_5": {
            "name": "aws",
            "estimated_latency": [
                6.731833860323459,
                2.2985664723229773,
                1.4186243757880226,
                0.11939253842202041,
                6.406466442237522,
                0.0,
                5.181675808767861,
                2.766257004105569,
                6.966286758634038,
                6.347784804038798,
                1.0062612216224112,
                1.2893995086078658,
                7.654732604535583,
                3.6358818022882287,
                4.535780500375076,
                5.325054812509779
            ],
            "leave": false,
            "pricing_Storage_Transfer": 0,
            "max_RAM_curr": 0.11321127213573069,
            "pricing_RAM": 5,
            "pricing_data_sent": 0.01,
            "pricing_StartRequest": 4e-07
        },
        "provider_6": {
            "name": "aws",
            "estimated_latency": [
                0.446978565368253,
                8.138534392332723,
                6.4773342574020285,
                5.089172143209321,
                4.257104778131095,
                5.181675808767861,
                0.0,
                9.96473560585384,
                6.101054267943219,
                3.312427940481834,
                4.618944043989407,
                7.283083888260496,
                5.155251971007924,
                8.514483707709985,
                3.8491264482748053,
                7.640351596195717
            ],
            "leave": false,
            "pricing_Storage_Transfer": 0,
            "max_RAM_curr": 2.758692522166244,
            "pricing_RAM": 5,
            "pricing_data_sent": 0.01,
            "pricing_StartRequest": 4e-07
        },
        "provider_7": {
            "name": "aws",
            "estimated_latency": [
                4.145167487049237,
                6.07532120914478,
                6.3864557763770815,
                9.879438543737725,
                8.28019623731711,
                2.766257004105569,
                9.96473560585384,
                0.0,
                6.9248386298469935,
                8.113951842626255,
                1.066716366811234,
                8.649005885241973,
                1.4677631449467734,
                9.253617747295925,
                0.5959254340953148,
                6.461811311342
            ],
            "leave": false,
            "pricing_Storage_Transfer": 0,
            "max_RAM_curr": 0.4611211655082851,
            "pricing_RAM": 5,
            "pricing_data_sent": 0.01,
            "pricing_StartRequest": 4e-07
        },
        "provider_8": {
            "name": "aws",
            "estimated_latency": [
                4.381671652454693,
                8.05971365768974,
                9.738261158784232,
                0.980681936991628,
                5.558747687469674,
                6.966286758634038,
                6.101054267943219,
                6.9248386298469935,
                0.0,
                6.211649100332176,
                4.637623264176352,
                5.073837982431089,
                3.408543674318725,
                1.2322285521314482,
                3.056750252879842,
                4.214887962208106
            ],
            "leave": false,
            "pricing_Storage_Transfer": 0,
            "max_RAM_curr": 3.0570032889237955,