{
    "name": "cloud_2_591",
    "num_nodes": 15,
    "num_leaves": 1,
    "providers": {
        "provider_0": {
            "name": "aws",
            "leave": true,
            "estimated_latency": [
                0.0,
                4.764285584602852,
                0.12110607754850661,
                1.733268365996313,
                9.658424848115718,
                9.030143869172932,
                0.4091114216264291,
                3.5293324443569025,
                4.379557986056546,
                0.30540220675521346,
                9.823966986727703,
                8.234664656437776,
                2.317954150147635,
                1.631079968402556,
                7.477490976088614
            ],
            "pricing_Storage_Transfer": 0,
            "max_RAM_curr": 2.8092698367927778,
            "pricing_RAM": 5,
            "pricing_data_sent": 0.01,
            "pricing_StartRequest": 4e-07
        },
        "provider_1": {
            "name": "aws",
            "estimated_latency": [
                4.764285584602852,
                0.0,
                8.430118867983365,
                6.743107283304709,
                6.18771243293507,
                1.8781122367218455,
                2.962694388739706,
                5.525074856335789,
                3.4396443765003557,
                1.4062380266760546,
                1.075894370230983,
                9.914034255452416,
                8.293178443236497,
                2.8129843824218463,
                6.288769648215459
            ],
            "leave": false,
            "pricing_Storage_Transfer": 0,
            "max_RAM_curr": 3.6020638937526024,
            "pricing_RAM": 5,
            "pricing_data_sent": 0.01,
            "pricing_StartRequest": 4e-07
        },
        "provider_2": {
            "name": "aws",
            "estimated_latency": [
                0.12110607754850661,
                8.430118867983365,
                0.0,
                3.9063572969020215,
                2.739291537913808,
                6.42926462557885,
                3.208459831784234,
                3.5289981532072168,
                8.257558301196227,
                4.255034440145009,
                3.2738878439323753,
                4.944085879669227,
                4.7120601126141946,
                8.482986268023545,
                7.906585289472762
            ],
            "leave": false,
            "pricing_Storage_Transfer": 0,
            "max_RAM_curr": 2.667546964007292,
            "pricing_RAM": 5,
            "pricing_data_sent": 0.01,
            "pricing_StartRequest": 4e-07
        },
        "provider_3": {
            "name": "aws",
            "estimated_latency": [
                1.733268365996313,
                6.743107283304709,
                3.9063572969020215,
                0.0,
                5.659430467316459,
                5.2182635936983885,
                9.153728616978114,
                4.034996411547747,
                3.8166009320875856,
                6.136740432556514,
                5.530917745769846,
                5.286271734840464,
                1.1531988453958,
                0.2369326995639078,
                6.225568722500295
            ],
            "leave": false,
            "pricing_Storage_Transfer": 0,
            "max_RAM_curr": 0.40491499141856935,
            "pricing_RAM": 5,
            "pricing_data_sent": 0.01,
            "pricing_StartRequest": 4e-07
        },
        "provider_4": {
            "name": "aws",
            "estimated_latency": [
                9.658424848115718,
                6.18771243293507,
                2.739291537913808,
                5.659430467316459,
                0.0,
                6.15746991912744,
                3.883281365788837,
                5.077414025133535,
                3.282055345762155,
                3.678551708005718,
                9.812236040188326,
                0.4084794507794607,
                4.555729365013791,
                2.23588308991669,
                9.171468882365312
            ],
            "leave": false,
            "pricing_Storage_Transfer": 0,
            "max_RAM_curr": 2.958606186214896,
            "pricing_RAM": 5,
            "pricing_data_sent": 0.01,
            "pricing_StartRequest": 4e-07
        },
        "provider_5": {
            "name": "aws",
            "estimated_latency": [
                9.030143869172932,
                1.8781122367218455,
                6.42926462557885,
                5.2182635936983885,
                6.15746991912744,
                0.0,
                1.7714574692586724,
                1.7938715376373895,
                5.198719386680653,
                5.311839343165863,
                4.249063349211484,
                2.692690899958139,
                1.1010688279923442,
                7.38842651512267,
                1.7384075378617578
            ],
            "leave": false,
            "pricing_Storage_Transfer": 0,
            "max_RAM_curr": 6.934105412372818,
            "pricing_RAM": 5,
            "pricing_data_sent": 0.01,
            "pricing_StartRequest": 4e-07
        },
        "provider_6": {
            "name": "aws",
            "estimated_latency": [
                0.4091114216264291,
                2.962694388739706,
                3.208459831784234,
                9.153728616978114,
                3.883281365788837,
                1.7714574692586724,
                0.0,
                5.846826182049413,
                2.0585044837269937,
                3.2358562670703437,
                8.276790397527913,
                5.341244088119981,
                3.4631548057664747,
                7.513808942256649,
                9.468109860674325
            ],
            "leave": false,
            "pricing_Storage_Transfer": 0,
            "max_RAM_curr": 11.377652172313878,
            "pricing_RAM": 5,
            "pricing_data_sent": 0.01,
            "pricing_StartRequest": 4e-07
        },
        "provider_7": {
            "name": "aws",
            "estimated_latency": [
                3.5293324443569025,
                5.525074856335789,
                3.5289981532072168,
                4.034996411547747,
                5.077414025133535,
                1.7938715376373895,
                5.846826182049413,
                0.0,
                4.412366521590016,
                7.5658339788704145,
                4.8426075831480215,
                9.30717129448727,
                3.686226943951234,
                3.064096685264779,
                4.37786378807662
            ],
            "leave": false,
            "pricing_Storage_Transfer": 0,
            "max_RAM_curr": 2.0332087381423776,
            "pricing_RAM": 5,
            "pricing_data_sent": 0.01,
            "pricing_StartRequest": 4e-07
        },
        "provider_8": {
            "name": "aws",
            "estimated_latency": [
                4.379557986056546,
                3.4396443765003557,
                8.257558301196227,
                3.8166009320875856,
                3.282055345762155,
                5.198719386680653,
                2.0585044837269937,
                4.412366521590016,
                0.0,
                0.7042844619448363,
                5.883219299794536,
                0.4072650037139427,
                5.5836892989864895,
                5.241606030752961,
                2.9607596012456034
            ],
            "leave": false,
            "pricing_Storage_Transfer": 0,
            "max_RAM_curr": 3.6538219096196562,
            "pricing_RAM": 5,
            "pricing_data_sent": 0.01,
            "pricing_StartRequest": 4e-07
        },
        "provider_9": {
            "name": "aws",