{
    "name": "cloud_2_636",
    "num_nodes": 12,
    "num_leaves": 1,
    "providers": {
        "provider_0": {
            "name": "aws",
            "leave": true,
            "estimated_latency": [
                0.0,
                1.4136124707108269,
                9.434438983532525,
                6.2181956795346816,
                2.873080624328844,
                1.644187136839705,
                4.310875296410456,
                0.5738250292289689,
                5.2286369303031,
                8.781793478227135,
                2.320724115924127,
                1.604057811713926
            ],
            "pricing_Storage_Transfer": 0,
            "max_RAM_curr": 0.2030225134581064,
            "pricing_RAM": 5,
            "pricing_data_sent": 0.01,
            "pricing_StartRequest": 4e-07
        },
        "provider_1": {
            "name": "aws",
            "estimated_latency": [
                1.4136124707108269,
                0.0,
                3.5300079918399105,
                8.774820898098104,
                5.333350762456473,
                1.0974166851611464,
                2.132786469811114,
                7.041594322646065,
                7.083130826102982,
                5.752083331546422,
                1.724082344294519,
                7.200975699175272
            ],
            "leave": false,
            "pricing_Storage_Transfer": 0,
            "max_RAM_curr": 0.13831209341104647,
            "pricing_RAM": 5,
            "pricing_data_sent": 0.01,
            "pricing_StartRequest": 4e-07
        },
        "provider_2": {
            "name": "aws",
            "estimated_latency": [
                9.434438983532525,
                3.5300079918399105,
                0.0,
                4.0349206430487925,
                3.526250211024795,
                1.8407252705342843,
                2.023880463161642,
                7.684891028716444,
                1.16651633961314,
                9.481191159460042,
                3.267625376088621,
                7.12323763619473
            ],
            "leave": false,
            "pricing_Storage_Transfer": 0,
            "max_RAM_curr": 1.0326709748028078,
            "pricing_RAM": 5,
            "pricing_data_sent": 0.01,
            "pricing_StartRequest": 4e-07
        },
        "provider_3": {
            "name": "aws",
            "estimated_latency": [
                6.2181956795346816,
                8.774820898098104,
                4.0349206430487925,
                0.0,
                9.077915064824422,
                0.7670548771987032,
                0.632367725327828,
                6.181775470684446,
                4.510949780898953,
                0.7941940596815441,
                2.801849858792486,
                3.8421993047106
            ],
            "leave": false,
            "pricing_Storage_Transfer": 0,
            "max_RAM_curr": 0.6423292931462847,
            "pricing_RAM": 5,
            "pricing_data_sent": 0.01,
            "pricing_StartRequest": 4e-07
        },
        "provider_4": {
            "name": "aws",
            "estimated_latency": [
                2.873080624328844,
                5.333350762456473,
                3.526250211024795,
                9.077915064824422,
                0.0,
                1.969002733437646,
                0.43054007378130654,
                5.848701024892228,
                2.256548272743641,
                7.362948829013702,
                7.7001825418837555,
                6.87587010379098
            ],
            "leave": false,
            "pricing_Storage_Transfer": 0,
            "max_RAM_curr": 0.20044367857880863,
            "pricing_RAM": 5,
            "pricing_data_sent": 0.01,
            "pricing_StartRequest": 4e-07
        },
        "provider_5": {
            "name": "aws",
            "estimated_latency": [
                1.644187136839705,
                1.0974166851611464,
                1.8407252705342843,
                0.7670548771987032,
                1.969002733437646,
                0.0,
                0.8934333188214254,
                0.8222678822369971,
                8.425147239329506,
                3.6084873344544035,
                5.429647384600658,
                8.77598861115973
            ],
            "leave": false,
            "pricing_Storage_Transfer": 0,
            "max_RAM_curr": 0.24680380906605576,
            "pricing_RAM": 5,
            "pricing_data_sent": 0.01,
            "pricing_StartRequest": 4e-07
        },
        "provider_6": {
            "name": "aws",
            "estimated_latency": [
                4.310875296410456,
                2.132786469811114,
                2.023880463161642,
                0.632367725327828,
                0.43054007378130654,
                0.8934333188214254,
                0.0,
                7.364001430655417,
                3.6483188980279304,
                5.004926347132239,
                3.7609463221905974,
                4.896711093779563
            ],
            "leave": false,
            "pricing_Storage_Transfer": 0,
            "max_RAM_curr": 0.17517429855723393,
            "pricing_RAM": 5,
            "pricing_data_sent": 0.01,
            "pricing_StartRequest": 4e-07
        },
        "provider_7": {
            "name": "aws",
            "estimated_latency": [
                0.5738250292289689,
                7.041594322646065,
                7.684891028716444,
                6.181775470684446,
                5.848701024892228,
                0.8222678822369971,
                7.364001430655417,
                0.0,
                6.7030521469795845,
                1.358152338895794,
                0.5754960885746944,
                6.399076124171684
            ],
            "leave": false,
            "pricing_Storage_Transfer": 0,
            "max_RAM_curr": 0.4859057922363774,
            "pricing_RAM": 5,
            "pricing_data_sent": 0.01,
            "pricing_StartRequest": 4e-07
        },
        "provider_8": {
            "name": "aws",
            "estimated_latency": [
                5.2286369303031,
                7.083130826102982,
                1.16651633961314,
                4.510949780898953,
                2.256548272743641,
                8.425147239329506,
                3.6483188980279304,
                6.7030521469795845,
                0.0,
                5.158140041948622,
                9.612507581074908,
                6.348709902295526
            ],
            "leave": false,
            "pricing_Storage_Transfer": 0,
            "max_RAM_curr": 0.3627396636292101,
            "pricing_RAM": 5,
            "pricing_data_sent": 0.01,
            "pricing_StartRequest": 4e-07
        },
        "provider_9": {
            "name": "aws",
            "estimated_latency": [
                8.781793478227135,
                5.752083331546422,
                9.481191159460042,
                0.7941940596815441,
                7.362948829013702,
                3.6084873344544035,
                5.004926347132239,
                1.358152338895794,
                5.158140041948622,
                0.0,
                6.8345359021905825,
                4.361086232420052
            ],
            "leave": false,
            "pricing_Storage_Transfer": 0,
            "max_RAM_curr": 0.10527375937218637,
            "pricing_RAM": 5,
            "pricing_data_sent": 0.01,
            "pricing_StartRequest": 4e-07
        },
        "provider_10": {
            "name": "aws",