{
    "name": "cloud_2_739",
    "num_nodes": 8,
    "num_leaves": 1,
    "providers": {
        "provider_0": {
            "name": "aws",
            "leave": true,
            "estimated_latency": [
                0.0,
                7.538733215551779,
                2.3929597097299182,
                8.867682867954422,
                1.7499840492180636,
                6.061882001664163,
                8.552086353804997,
                9.570854220835807
            ],
            "pricing_Storage_Transfer": 0,
            "max_RAM_curr": 11.086819169187146,
            "pricing_RAM": 5,
            "pricing_data_sent": 0.01,
            "pricing_StartRequest": 4e-07,
            "max_ram_curr": 11.086819169187146
        },
        "provider_1": {
            "name": "aws",
            "estimated_latency": [
                7.538733215551779,
                0.0,
                5.527164804675401,
                4.11337141322142,
                5.69891046022542,
                6.727858168197551,
                1.8955498690137844,
                3.48086878459283
            ],
            "leave": false,
            "pricing_Storage_Transfer": 0,
            "max_RAM_curr": 37.001877373072254,
            "pricing_RAM": 5,
            "pricing_data_sent": 0.01,
            "pricing_StartRequest": 4e-07,
            "max_ram_curr": 37.001877373072254
        },
        "provider_2": {
            "name": "aws",
            "estimated_latency": [
                2.3929597097299182,
                5.527164804675401,
                0.0,
                7.183359910121463,
                8.700310226772235,
                7.985938186618177,
                3.7989138582737536,
                8.390796870458923
            ],
            "leave": false,
            "pricing_Storage_Transfer": 0,
            "max_RAM_curr": 38.25749953410977,
            "pricing_RAM": 5,
            "pricing_data_sent": 0.01,
            "pricing_StartRequest": 4e-07,
            "max_ram_curr": 38.25749953410977
        },
        "provider_3": {
            "name": "aws",
            "estimated_latency": [
                8.867682867954422,
                4.11337141322142,
                7.183359910121463,
                0.0,
                6.821045549662243,
                6.427468782619397,
                0.46602014221524224,
                4.106215452848935
            ],
            "leave": false,
            "pricing_Storage_Transfer": 0,
            "max_RAM_curr": 48.39452815778798,
            "pricing_RAM": 5,
            "pricing_data_sent": 0.01,
            "pricing_StartRequest": 4e-07,
            "max_ram_curr": 48.39452815778798
        },
        "provider_4": {
            "name": "aws",
            "estimated_latency": [
                1.7499840492180636,
                5.69891046022542,
                8.700310226772235,
                6.821045549662243,
                0.0,
                9.655737512093479,
                0.9384167856595768,
                4.3322707775502245
            ],
            "leave": false,
            "pricing_Storage_Transfer": 0,
            "max_RAM_curr": 86.23813861477906,
            "pricing_RAM": 5,
            "pricing_data_sent": 0.01,
            "pricing_StartRequest": 4e-07,
            "max_ram_curr": 86.23813861477906
        },
        "provider_5": {
            "name": "aws",
            "estimated_latency": [
                6.061882001664163,
                6.727858168197551,
                7.985938186618177,
                6.427468782619397,
                9.655737512093479,
                0.0,
                5.517882924491498,
                9.518987844949457
            ],
            "leave": false,
            "pricing_Storage_Transfer": 0,
            "max_RAM_curr": 29.0375640210707,
            "pricing_RAM": 5,
            "pricing_data_sent": 0.01,
            "pricing_StartRequest": 4e-07,
            "max_ram_curr": 29.0375640210707
        },
        "provider_6": {
            "name": "aws",
            "estimated_latency": [
                8.552086353804997,
                1.8955498690137844,
                3.7989138582737536,
                0.46602014221524224,
                0.9384167856595768,
                5.517882924491498,
                0.0,
                8.7070985426069
            ],
            "leave": false,
            "pricing_Storage_Transfer": 0,
            "max_RAM_curr": 46.29635496787822,
            "pricing_RAM": 5,
            "pricing_data_sent": 0.01,
            "pricing_StartRequest": 4e-07,
            "max_ram_curr": 46.29635496787822
        },
        "provider_7": {
            "name": "aws",
            "estimated_latency": [
                9.570854220835807,
                3.48086878459283,
                8.390796870458923,
                4.106215452848935,
                4.3322707775502245,
                9.518987844949457,
                8.7070985426069,
                0.0
            ],
            "leave": false,
            "pricing_Storage_Transfer": 0,
            "max_RAM_curr": 22.0670024391816,
            "pricing_RAM": 5,
            "pricing_data_sent": 0.01,
            "pricing_StartRequest": 4e-07,
            "max_ram_curr": 22.0670024391816
        }
    }
}