{
    "name": "cloud_2_17",
    "num_nodes": 3,
    "num_leaves": 1,
    "providers": {
        "provider_0": {
            "name": "aws",
            "leave": true,
            "estimated_latency": [
                0.0,
                9.679266492925532,
                9.002910690659562
            ],
            "pricing_Storage_Transfer": 0,
            "max_RAM_curr": 0.9137414809371742,
            "pricing_RAM": 0.01667,
            "pricing_data_sent": 0.01,
            "pricing_StartRequest": 4e-07,
            "max_ram_curr": 0.9137414809371742
        },
        "provider_1": {
            "name": "aws",
            "estimated_latency": [
                9.679266492925532,
                0.0,
                5.250957880371092
            ],
            "leave": false,
            "pricing_Storage_Transfer": 0,
            "max_RAM_curr": 20.575002992588445,
            "pricing_RAM": 0.01667,
            "pricing_data_sent": 0.01,
            "pricing_StartRequest": 4e-07,
            "max_ram_curr": 20.575002992588445
        },
        "provider_2": {
            "name": "aws",
            "estimated_latency": [
                9.002910690659562,
                5.250957880371092,
                0.0
            ],
            "leave": false,
            "pricing_Storage_Transfer": 0,
            "max_RAM_curr": 0.6897064251028443,
            "pricing_RAM": 0.01667,
            "pricing_data_sent": 0.01,
            "pricing_StartRequest": 4e-07,
            "max_ram_curr": 0.6897064251028443
        }
    }
}