{
    "name": "cloud_2_518",
    "num_nodes": 17,
    "num_leaves": 1,
    "providers": {
        "provider_0": {
            "name": "aws",
            "leave": true,
            "estimated_latency": [
                0.0,
                2.5284989408683205,
                3.1698923332219464,
                8.52568752598694,
                3.207624256438381,
                4.814479999286182,
                6.590873756860481,
                8.549727498243925,
                5.773409151369005,
                4.90483990907209,
                3.1918260305145063,
                6.460420825556629,
                7.916778034897784,
                1.8972716665360951,
                0.7995667892375422,
                7.409097200878854,
                2.1434583405598673
            ],
            "pricing_Storage_Transfer": 0,
            "max_RAM_curr": 0.6143814014159572,
            "pricing_RAM": 5,
            "pricing_data_sent": 0.01,
            "pricing_StartRequest": 4e-07
        },
        "provider_1": {
            "name": "aws",
            "estimated_latency": [
                2.5284989408683205,
                0.0,
                3.5461898319885203,
                3.736347248506732,
                2.0910723058712213,
                0.7296048177759994,
                7.990009462156703,
                9.477115568416759,
                7.296764080629221,
                6.023079003619579,
                0.8558949061370242,
                2.1963544341539496,
                0.7410787423045961,
                4.304849550114528,
                6.224280696491997,
                1.7651749284868243,
                8.416402877604725
            ],
            "leave": false,
            "pricing_Storage_Transfer": 0,
            "max_RAM_curr": 0.0323016574575794,
            "pricing_RAM": 5,
            "pricing_data_sent": 0.01,
            "pricing_StartRequest": 4e-07
        },
        "provider_2": {
            "name": "aws",
            "estimated_latency": [
                3.1698923332219464,
                3.5461898319885203,
                0.0,
                8.251477446013219,
                5.816294235800012,
                7.295758425085067,
                8.101084536750575,
                5.1479982502824155,
                4.3578180289667925,
                4.420588377183698,
                1.7489332640879554,
                6.660112936246227,
                5.790393253202895,
                9.197126807540446,
                1.6022323863656365,
                0.1143980832525115,
                5.2777517938306255
            ],
            "leave": false,
            "pricing_Storage_Transfer": 0,
            "max_RAM_curr": 0.008095745386093032,
            "pricing_RAM": 5,
            "pricing_data_sent": 0.01,
            "pricing_StartRequest": 4e-07
        },
        "provider_3": {
            "name": "aws",
            "estimated_latency": [
                8.52568752598694,
                3.736347248506732,
                8.251477446013219,
                0.0,
                5.005241127548421,
                9.814558849621532,
                3.2600648191660615,
                0.6181402736968914,
                2.60538084690988,
                0.4654363582644906,
                7.894620535657433,
                0.3742583168082646,
                1.5737647860959185,
                6.237402579298594,
                8.437347635888012,
                8.830539904942434,
                6.656798648335436
            ],
            "leave": false,
            "pricing_Storage_Transfer": 0,
            "max_RAM_curr": 0.11365649279468654,
            "pricing_RAM": 5,
            "pricing_data_sent": 0.01,
            "pricing_StartRequest": 4e-07
        },
        "provider_4": {
            "name": "aws",
            "estimated_latency": [
                3.207624256438381,
                2.0910723058712213,
                5.816294235800012,
                5.005241127548421,
                0.0,
                1.8178239201097688,
                7.03341824657223,
                2.2699671618067003,
                8.629696101227482,
                7.741641692293796,
                4.804829146520483,
                5.702158303383299,
                0.7275775681813609,
                9.813244723660262,
                5.52607090979632,
                2.2477858192186773,
                3.457605156028226
            ],
            "leave": false,
            "pricing_Storage_Transfer": 0,
            "max_RAM_curr": 0.17650322389054685,
            "pricing_RAM": 5,
            "pricing_data_sent": 0.01,
            "pricing_StartRequest": 4e-07
        },
        "provider_5": {
            "name": "aws",
            "estimated_latency": [
                4.814479999286182,
                0.7296048177759994,
                7.295758425085067,
                9.814558849621532,
                1.8178239201097688,
                0.0,
                2.0273697188811566,
                6.637877179738357,
                0.14777401779080576,
                6.0527404446223745,
                6.7926671645193135,
                8.600181944166406,
                1.984952505044578,
                5.8510107259293145,
                4.251596361885402,
                1.0658633117347145,
                9.973550992582545
            ],
            "leave": false,
            "pricing_Storage_Transfer": 0,
            "max_RAM_curr": 0.07799785059293184,
            "pricing_RAM": 5,
            "pricing_data_sent": 0.01,
            "pricing_StartRequest": 4e-07
        },
        "provider_6": {
            "name": "aws",
            "estimated_latency": [
                6.590873756860481,
                7.990009462156703,
                8.101084536750575,
                3.2600648191660615,
                7.03341824657223,
                2.0273697188811566,
                0.0,
                6.731303081252648,
                7.058624151711221,
                8.052716693484607,
                9.356230885640361,
                9.715638184800024,
                5.386163770205875,
                5.485481328678569,
                6.1103696528263365,
                8.396151513925648,
                8.255702496409402
            ],
            "leave": false,
            "pricing_Storage_Transfer": 0,
            "max_RAM_curr": 0.11908108403287056,
            "pricing_RAM": 5,
            "pricing_data_sent": 0.01,
            "pricing_StartRequest": 4e-07
        },
        "provider_7": {
            "name": "aws",
            "estimated_latency": [
                8.549727498243925,
                9.477115568416759,
                5.1479982502824155,
                0.6181402736968914,
                2.2699671618067003,
                6.637877179738357,
                6.731303081252648,
                0.0,
                9.850074033095291,
                5.434102728328796,
                9.040196204730814,
                5.966739562937183,
                3.3178412065060856,
                1.1785168648696793,
                1.4491532216692935,
                2.1004275506957377,
                8.444990779075152
            ],
            "leave": false,
            "pricing_Storage_Transfer": 0,
            "max_RAM_curr": 0.7927331671794859,
            "pricing_RAM": 5,
            "pricing_data_sent": 0.01,
            "pricing_StartRequest": 4e-07
        },
        "provider_8": {
            "name": "aws",