{
    "name": "cloud_2_373",
    "num_nodes": 4,
    "num_leaves": 1,
    "providers": {
        "provider_0": {
            "name": "aws",
            "leave": true,
            "estimated_latency": [
                0.0,
                5.64146854099902,
                5.482877318170433,
                2.3579492681211245
            ],
            "pricing_Storage_Transfer": 0,
            "max_RAM_curr": 21.11972031380725,
            "pricing_RAM": 5,
            "pricing_data_sent": 0.01,
            "pricing_StartRequest": 4e-07
        },
        "provider_1": {
            "name": "aws",
            "estimated_latency": [
                5.64146854099902,
                0.0,
                1.8504502795528588,
                2.2759901965330105
            ],
            "leave": false,
            "pricing_Storage_Transfer": 0,
            "max_RAM_curr": 9.227415556963999,
            "pricing_RAM": 5,
            "pricing_data_sent": 0.01,
            "pricing_StartRequest": 4e-07
        },
        "provider_2": {
            "name": "aws",
            "estimated_latency": [
                5.482877318170433,
                1.8504502795528588,
                0.0,
                6.785572659431599
            ],
            "leave": false,
            "pricing_Storage_Transfer": 0,
            "max_RAM_curr": 29.48234728477455,
            "pricing_RAM": 5,
            "pricing_data_sent": 0.01,
            "pricing_StartRequest": 4e-07
        },
        "provider_3": {
            "name": "aws",
            "estimated_latency": [
                2.3579492681211245,
                2.2759901965330105,
                6.785572659431599,
                0.0
            ],
            "leave": false,
            "pricing_Storage_Transfer": 0,
            "max_RAM_curr": 0.41402540625046,
            "pricing_RAM": 5,
            "pricing_data_sent": 0.01,
            "pricing_StartRequest": 4e-07
        }
    }
}