{
    "name": "cloud_2_470",
    "num_nodes": 19,
    "num_leaves": 1,
    "providers": {
        "provider_0": {
            "name": "aws",
            "leave": true,
            "estimated_latency": [
                0.0,
                9.644257449157209,
                5.405098641710693,
                8.547839077505673,
                9.965442607851974,
                4.884924444442692,
                3.6250952542254034,
                0.19065621285893217,
                8.855102776331051,
                4.79210994026564,
                4.132424495833081,
                4.990611031686646,
                2.338446578328601,
                7.1331218660135285,
                1.1402078351697136,
                9.806694768258978,
                2.733782514899574,
                5.478056656183752,
                6.788484907994966
            ],
            "pricing_Storage_Transfer": 0,
            "max_RAM_curr": 19.004381208561504,
            "pricing_RAM": 5,
            "pricing_data_sent": 0.01,
            "pricing_StartRequest": 4e-07
        },
        "provider_1": {
            "name": "aws",
            "estimated_latency": [
                9.644257449157209,
                0.0,
                3.9551350126588463,
                7.6579120835432555,
                0.4367483782335304,
                7.537944921303092,
                1.937037020760592,
                7.044900416211991,
                2.38250258214999,
                8.389246879002895,
                7.890660599399547,
                8.751629292280997,
                1.4862559826518964,
                9.922537534339384,
                1.4718817658886885,
                1.8655835976135489,
                5.210013499519406,
                8.556048328560875,
                9.608824319661514
            ],
            "leave": false,
            "pricing_Storage_Transfer": 0,
            "max_RAM_curr": 15.963815758222717,
            "pricing_RAM": 5,
            "pricing_data_sent": 0.01,
            "pricing_StartRequest": 4e-07
        },
        "provider_2": {
            "name": "aws",
            "estimated_latency": [
                5.405098641710693,
                3.9551350126588463,
                0.0,
                5.621423960057442,
                5.970504121192607,
                2.737358449861314,
                5.052655022959007,
                0.8858888851094315,
                0.8632535505291298,
                4.009080328189592,
                0.5010879105834561,
                4.404223597811076,
                1.192330865262443,
                9.422955414595585,
                0.9721822304164617,
                6.673420179598809,
                9.430108960470337,
                7.9159253106002145,
                8.248816379978658
            ],
            "leave": false,
            "pricing_Storage_Transfer": 0,
            "max_RAM_curr": 23.470751628531687,
            "pricing_RAM": 5,
            "pricing_data_sent": 0.01,
            "pricing_StartRequest": 4e-07
        },
        "provider_3": {
            "name": "aws",
            "estimated_latency": [
                8.547839077505673,
                7.6579120835432555,
                5.621423960057442,
                0.0,
                2.6970580732927605,
                0.8341811855272471,
                6.247923357888235,
                3.1745412565374624,
                6.902351779400608,
                3.4126889387203896,
                2.881218700622479,
                5.744064864884868,
                7.303336672978194,
                0.6591307682180488,
                3.4060841115617886,
                3.352865077974037,
                7.839148508182408,
                6.355625047983247,
                5.202536892816055
            ],
            "leave": false,
            "pricing_Storage_Transfer": 0,
            "max_RAM_curr": 0.9857001426236648,
            "pricing_RAM": 5,
            "pricing_data_sent": 0.01,
            "pricing_StartRequest": 4e-07
        },
        "provider_4": {
            "name": "aws",
            "estimated_latency": [
                9.965442607851974,
                0.4367483782335304,
                5.970504121192607,
                2.6970580732927605,
                0.0,
                5.76324690222331,
                9.134305285900435,
                7.462821197926035,
                2.6947581369217777,
                3.098695708021341,
                6.485462378777063,
                7.906068228503067,
                9.951989239862572,
                4.465752814207118,
                8.660177466276602,
                8.554674713174089,
                5.217637683962898,
                7.443041341189654,
                6.561710177678854
            ],
            "leave": false,
            "pricing_Storage_Transfer": 0,
            "max_RAM_curr": 4.205152315159186,
            "pricing_RAM": 5,
            "pricing_data_sent": 0.01,
            "pricing_StartRequest": 4e-07
        },
        "provider_5": {
            "name": "aws",
            "estimated_latency": [
                4.884924444442692,
                7.537944921303092,
                2.737358449861314,
                0.8341811855272471,
                5.76324690222331,
                0.0,
                9.528827192902359,
                5.794784604848403,
                8.408767399752067,
                1.0943528476370006,
                6.2269086622276495,
                7.501196669443483,
                8.764129161663677,
                4.586036000341271,
                4.15648567410038,
                3.677936865039913,
                0.8878141782759936,
                7.992938925635113,
                4.834321661098211
            ],
            "leave": false,
            "pricing_Storage_Transfer": 0,
            "max_RAM_curr": 10.058739165476345,
            "pricing_RAM": 5,
            "pricing_data_sent": 0.01,
            "pricing_StartRequest": 4e-07
        },
        "provider_6": {
            "name": "aws",
            "estimated_latency": [
                3.6250952542254034,
                1.937037020760592,
                5.052655022959007,
                6.247923357888235,
                9.134305285900435,
                9.528827192902359,
                0.0,
                6.729607214996991,
                2.0742520723757862,
                6.745333904975067,
                5.481105549923139,
                1.8556103335094243,
                0.1700457568291202,
                6.822107957841608,
                6.384772693222458,
                7.919340827783355,
                6.981976194069089,
                3.6032082014547595,
                2.324395589062467
            ],
            "leave": false,
            "pricing_Storage_Transfer": 0,
            "max_RAM_curr": 3.818480811840426,
            "pricing_RAM": 5,
            "pricing_data_sent": 0.01,
            "pricing_StartRequest": 4e-07
        },
        "provider_7": {
            "name": "aws",
            "estimated_latency": [
                0.19065621285893217,
                7.044900416211991,
                0.8858888851094315,
                3.1745412565374624,
                7.462821197926035,
                5.794784604848403,
                6.729607214996991,
                0.0,
                2.889927821690379,
                6.543213207061512,
                1.6685458333177137,
                7.91517707144648,
                9.969526008779056,
                2.951129467659534,
                1.0473362382563551,
                8.270880792265283,
                8.394123086931398,
                5.720744995916358,
                6.87854033411018
            ],
            "leave": false,
            "pricing_Storage_Transfer": 0,
            "max_RAM_curr": 5.425505163247527,
            "pricing_RAM": 5,