{
    "name": "cloud_2_14",
    "num_nodes": 9,
    "num_leaves": 1,
    "providers": {
        "provider_0": {
            "name": "aws",
            "leave": true,
            "estimated_latency": [
                0.0,
                3.141915469100676,
                7.205412857963656,
                8.981814917258166,
                6.32116963306447,
                1.0308233696810396,
                5.793095704424871,
                3.9226934399182625,
                4.084659068377416
            ],
            "pricing_Storage_Transfer": 0,
            "max_RAM_curr": 17.05319075248367,
            "pricing_RAM": 0.01667,
            "pricing_data_sent": 0.01,
            "pricing_StartRequest": 4e-07,
            "max_ram_curr": 17.05319075248367
        },
        "provider_1": {
            "name": "aws",
            "estimated_latency": [
                3.141915469100676,
                0.0,
                2.7195728424761687,
                0.9455452002681691,
                4.839727352558642,
                5.661734572930575,
                1.2846312714112227,
                9.35488988350585,
                8.807041949384448
            ],
            "leave": false,
            "pricing_Storage_Transfer": 0,
            "max_RAM_curr": 7.480833295438176,
            "pricing_RAM": 0.01667,
            "pricing_data_sent": 0.01,
            "pricing_StartRequest": 4e-07,
            "max_ram_curr": 7.480833295438176
        },
        "provider_2": {
            "name": "aws",
            "estimated_latency": [
                7.205412857963656,
                2.7195728424761687,
                0.0,
                3.6902847798347493,
                5.616274922771942,
                0.6563907674562002,
                2.587926170672559,
                6.268661914319546,
                6.363143143428151
            ],
            "leave": false,
            "pricing_Storage_Transfer": 0,
            "max_RAM_curr": 90.13306492765373,
            "pricing_RAM": 0.01667,
            "pricing_data_sent": 0.01,
            "pricing_StartRequest": 4e-07,
            "max_ram_curr": 90.13306492765373
        },
        "provider_3": {
            "name": "aws",
            "estimated_latency": [
                8.981814917258166,
                0.9455452002681691,
                3.6902847798347493,
                0.0,
                4.3571866313216345,
                3.6290244792082045,
                6.174350714191914,
                2.319520623121998,
                7.163721305559597
            ],
            "leave": false,
            "pricing_Storage_Transfer": 0,
            "max_RAM_curr": 19.157904778616313,
            "pricing_RAM": 0.01667,
            "pricing_data_sent": 0.01,
            "pricing_StartRequest": 4e-07,
            "max_ram_curr": 19.157904778616313
        },
        "provider_4": {
            "name": "aws",
            "estimated_latency": [
                6.32116963306447,
                4.839727352558642,
                5.616274922771942,
                4.3571866313216345,
                0.0,
                3.523844079107204,
                2.4730436468993373,
                5.6746846261962105,
                2.5816336696285482
            ],
            "leave": false,
            "pricing_Storage_Transfer": 0,
            "max_RAM_curr": 178.3629915811138,
            "pricing_RAM": 0.01667,
            "pricing_data_sent": 0.01,
            "pricing_StartRequest": 4e-07,
            "max_ram_curr": 178.3629915811138
        },
        "provider_5": {
            "name": "aws",
            "estimated_latency": [
                1.0308233696810396,
                5.661734572930575,
                0.6563907674562002,
                3.6290244792082045,
                3.523844079107204,
                0.0,
                5.915047573597808,
                8.335169120949901,
                9.82511858608013
            ],
            "leave": false,
            "pricing_Storage_Transfer": 0,
            "max_RAM_curr": 170.29521494406254,
            "pricing_RAM": 0.01667,
            "pricing_data_sent": 0.01,
            "pricing_StartRequest": 4e-07,
            "max_ram_curr": 170.29521494406254
        },
        "provider_6": {
            "name": "aws",
            "estimated_latency": [
                5.793095704424871,
                1.2846312714112227,
                2.587926170672559,
                6.174350714191914,
                2.4730436468993373,
                5.915047573597808,
                0.0,
                6.3737321690049855,
                4.323431264417034
            ],
            "leave": false,
            "pricing_Storage_Transfer": 0,
            "max_RAM_curr": 72.71041262369192,
            "pricing_RAM": 0.01667,
            "pricing_data_sent": 0.01,
            "pricing_StartRequest": 4e-07,
            "max_ram_curr": 72.71041262369192
        },
        "provider_7": {
            "name": "aws",
            "estimated_latency": [
                3.9226934399182625,
                9.35488988350585,
                6.268661914319546,
                2.319520623121998,
                5.6746846261962105,
                8.335169120949901,
                6.3737321690049855,
                0.0,
                0.8702693553814692
            ],
            "leave": false,
            "pricing_Storage_Transfer": 0,
            "max_RAM_curr": 21.208197718974095,
            "pricing_RAM": 0.01667,
            "pricing_data_sent": 0.01,
            "pricing_StartRequest": 4e-07,
            "max_ram_curr": 21.208197718974095
        },
        "provider_8": {
            "name": "aws",
            "estimated_latency": [
                4.084659068377416,
                8.807041949384448,
                6.363143143428151,
                7.163721305559597,
                2.5816336696285482,
                9.82511858608013,
                4.323431264417034,
                0.8702693553814692,
                0.0
            ],
            "leave": false,
            "pricing_Storage_Transfer": 0,
            "max_RAM_curr": 81.44098374737861,
            "pricing_RAM": 0.01667,
            "pricing_data_sent": 0.01,
            "pricing_StartRequest": 4e-07,
            "max_ram_curr": 81.44098374737861
        }
    }
}