{
    "name": "cloud_2_354",
    "num_nodes": 19,
    "num_leaves": 1,
    "providers": {
        "provider_0": {
            "name": "aws",
            "leave": true,
            "estimated_latency": [
                0.0,
                4.257405362214168,
                8.942411119032272,
                2.747745162614856,
                2.3088706806453634,
                2.2317453643690874,
                4.623997704894291,
                3.3709909743538975,
                3.623796450794018,
                3.6663952216383304,
                8.081476062109026,
                3.75804032423992,
                7.731728257735959,
                3.1874962379235185,
                2.531783840244962,
                8.521761027631213,
                1.2394673780533767,
                0.5496158274758239,
                5.621686301735709
            ],
            "pricing_Storage_Transfer": 0,
            "max_RAM_curr": 0.23915193132238108,
            "pricing_RAM": 5,
            "pricing_data_sent": 0.01,
            "pricing_StartRequest": 4e-07
        },
        "provider_1": {
            "name": "aws",
            "estimated_latency": [
                4.257405362214168,
                0.0,
                3.539075346871564,
                4.8920332375681035,
                3.80973923085518,
                5.701027902809129,
                8.390278935880191,
                9.353980638878328,
                6.317621788231259,
                5.78203236647515,
                3.257224183640683,
                0.24154108312723382,
                6.6781361433633855,
                0.38673884828690597,
                4.050191721009004,
                0.4793205238584731,
                4.001848076735769,
                5.959251615083281,
                2.331396664857119
            ],
            "leave": false,
            "pricing_Storage_Transfer": 0,
            "max_RAM_curr": 0.011064798547861358,
            "pricing_RAM": 5,
            "pricing_data_sent": 0.01,
            "pricing_StartRequest": 4e-07
        },
        "provider_2": {
            "name": "aws",
            "estimated_latency": [
                8.942411119032272,
                3.539075346871564,
                0.0,
                2.5622161731351407,
                2.138445342672027,
                9.965578048595662,
                9.643196939026165,
                7.610831218931823,
                3.4452450945803976,
                6.262991163506801,
                5.828804873168457,
                6.1908289961024385,
                3.5702842891153797,
                3.418721463654421,
                4.782240978676225,
                1.8216638986109324,
                5.110250532922074,
                8.392690033648721,
                5.465606224978068
            ],
            "leave": false,
            "pricing_Storage_Transfer": 0,
            "max_RAM_curr": 0.23212946311755567,
            "pricing_RAM": 5,
            "pricing_data_sent": 0.01,
            "pricing_StartRequest": 4e-07
        },
        "provider_3": {
            "name": "aws",
            "estimated_latency": [
                2.747745162614856,
                4.8920332375681035,
                2.5622161731351407,
                0.0,
                6.191304992489506,
                4.1479469014447865,
                6.5899872405106334,
                1.5468203317122566,
                3.869980400118752,
                5.311141885288134,
                5.838952807642935,
                4.651788173066916,
                0.7114992140197568,
                7.906159972101601,
                1.3146995248315754,
                9.732520703316832,
                1.2591252517999634,
                3.922291501358106,
                2.886798289793736
            ],
            "leave": false,
            "pricing_Storage_Transfer": 0,
            "max_RAM_curr": 0.3681206295877325,
            "pricing_RAM": 5,
            "pricing_data_sent": 0.01,
            "pricing_StartRequest": 4e-07
        },
        "provider_4": {
            "name": "aws",
            "estimated_latency": [
                2.3088706806453634,
                3.80973923085518,
                2.138445342672027,
                6.191304992489506,
                0.0,
                3.672030873372768,
                5.27063234652506,
                1.0396578298029795,
                9.323315796110027,
                8.229976719767064,
                6.8384197643187745,
                3.449346688963441,
                1.691686572631046,
                4.470915648655002,
                9.772145630097457,
                2.229752465345503,
                7.112431496969526,
                6.745716270916897,
                1.0849547892632285
            ],
            "leave": false,
            "pricing_Storage_Transfer": 0,
            "max_RAM_curr": 0.10376585111487124,
            "pricing_RAM": 5,
            "pricing_data_sent": 0.01,
            "pricing_StartRequest": 4e-07
        },
        "provider_5": {
            "name": "aws",
            "estimated_latency": [
                2.2317453643690874,
                5.701027902809129,
                9.965578048595662,
                4.1479469014447865,
                3.672030873372768,
                0.0,
                3.196518372476691,
                4.734166972448379,
                8.79785186492137,
                8.80465913597268,
                4.297822934806714,
                4.524726456475498,
                0.36418902553689736,
                1.3110489497370976,
                7.41050364440963,
                8.063426387709876,
                2.9700804288262543,
                1.9883759959219247,
                2.049304811753774
            ],
            "leave": false,
            "pricing_Storage_Transfer": 0,
            "max_RAM_curr": 0.42885762569593605,
            "pricing_RAM": 5,
            "pricing_data_sent": 0.01,
            "pricing_StartRequest": 4e-07
        },
        "provider_6": {
            "name": "aws",
            "estimated_latency": [
                4.623997704894291,
                8.390278935880191,
                9.643196939026165,
                6.5899872405106334,
                5.27063234652506,
                3.196518372476691,
                0.0,
                6.85526787268953,
                3.5582806197560384,
                9.847642433716894,
                5.353372158579583,
                9.62695164247483,
                9.118789931493332,
                3.440261567744201,
                5.167879279338135,
                6.01935759702396,
                4.522724149254252,
                8.641163730785028,
                1.5595463882787737
            ],
            "leave": false,
            "pricing_Storage_Transfer": 0,
            "max_RAM_curr": 0.20701129586229552,
            "pricing_RAM": 5,
            "pricing_data_sent": 0.01,
            "pricing_StartRequest": 4e-07
        },
        "provider_7": {
            "name": "aws",
            "estimated_latency": [
                3.3709909743538975,
                9.353980638878328,
                7.610831218931823,
                1.5468203317122566,
                1.0396578298029795,
                4.734166972448379,
                6.85526787268953,
                0.0,
                1.947420963248961,
                0.3664763651358556,
                4.944454699717968,
                7.01107476568182,
                9.020861748399168,
                8.237473106989182,
                4.088269277647432,
                7.183437695028188,
                4.2415246463528025,
                3.8500245568522504,
                8.828362941445867
            ],
            "leave": false,
            "pricing_Storage_Transfer": 0,
            "max_RAM_curr": 0.21448258898142983,
            "pricing_RAM": 5,