{
    "name": "cloud_2_130",
    "num_nodes": 7,
    "num_leaves": 1,
    "providers": {
        "provider_0": {
            "name": "aws",
            "leave": true,
            "estimated_latency": [
                0.0,
                8.846741321423847,
                8.395087227635413,
                9.866248760679893,
                9.606222250503476,
                7.204367100265729,
                6.904885058689087
            ],
            "pricing_Storage_Transfer": 0,
            "max_RAM_curr": 6.071686304274055,
            "pricing_RAM": 5,
            "pricing_data_sent": 0.01,
            "pricing_StartRequest": 4e-07
        },
        "provider_1": {
            "name": "aws",
            "estimated_latency": [
                8.846741321423847,
                0.0,
                3.180364897528107,
                8.106186875742491,
                7.173112750464253,
                0.2136301219096372,
                8.78052059966445
            ],
            "leave": false,
            "pricing_Storage_Transfer": 0,
            "max_RAM_curr": 30.07998648861535,
            "pricing_RAM": 5,
            "pricing_data_sent": 0.01,
            "pricing_StartRequest": 4e-07
        },
        "provider_2": {
            "name": "aws",
            "estimated_latency": [
                8.395087227635413,
                3.180364897528107,
                0.0,
                7.817066931649644,
                1.831833973031274,
                6.092498922863973,
                1.8732008418594581
            ],
            "leave": false,
            "pricing_Storage_Transfer": 0,
            "max_RAM_curr": 2.1443055493207748,
            "pricing_RAM": 5,
            "pricing_data_sent": 0.01,
            "pricing_StartRequest": 4e-07
        },
        "provider_3": {
            "name": "aws",
            "estimated_latency": [
                9.866248760679893,
                8.106186875742491,
                7.817066931649644,
                0.0,
                3.2293431106919672,
                8.123556352818325,
                4.938356515747575
            ],
            "leave": false,
            "pricing_Storage_Transfer": 0,
            "max_RAM_curr": 10.176958238570448,
            "pricing_RAM": 5,
            "pricing_data_sent": 0.01,
            "pricing_StartRequest": 4e-07
        },
        "provider_4": {
            "name": "aws",
            "estimated_latency": [
                9.606222250503476,
                7.173112750464253,
                1.831833973031274,
                3.2293431106919672,
                0.0,
                9.917684124639575,
                4.228268346237019
            ],
            "leave": false,
            "pricing_Storage_Transfer": 0,
            "max_RAM_curr": 2.667247875644517,
            "pricing_RAM": 5,
            "pricing_data_sent": 0.01,
            "pricing_StartRequest": 4e-07
        },
        "provider_5": {
            "name": "aws",
            "estimated_latency": [
                7.204367100265729,
                0.2136301219096372,
                6.092498922863973,
                8.123556352818325,
                9.917684124639575,
                0.0,
                7.325241403848367
            ],
            "leave": false,
            "pricing_Storage_Transfer": 0,
            "max_RAM_curr": 5.299937992482262,
            "pricing_RAM": 5,
            "pricing_data_sent": 0.01,
            "pricing_StartRequest": 4e-07
        },
        "provider_6": {
            "name": "aws",
            "estimated_latency": [
                6.904885058689087,
                8.78052059966445,
                1.8732008418594581,
                4.938356515747575,
                4.228268346237019,
                7.325241403848367,
                0.0
            ],
            "leave": false,
            "pricing_Storage_Transfer": 0,
            "max_RAM_curr": 16.007652491313035,
            "pricing_RAM": 5,
            "pricing_data_sent": 0.01,
            "pricing_StartRequest": 4e-07
        }
    }
}