{
    "name": "cloud_2_571",
    "num_nodes": 18,
    "num_leaves": 1,
    "providers": {
        "provider_0": {
            "name": "aws",
            "leave": true,
            "estimated_latency": [
                0.0,
                0.7186837036509788,
                0.9343878356506401,
                6.761269879487083,
                3.6489302258388747,
                5.47680028338506,
                1.9910644104177257,
                5.284992925198426,
                9.26758303395622,
                6.906642753873908,
                7.640091909103345,
                3.55518361894826,
                4.538252424455101,
                7.3487560441990905,
                0.9865478066407503,
                9.015299329451866,
                2.927724421777871,
                5.864136057824453
            ],
            "pricing_Storage_Transfer": 0,
            "max_RAM_curr": 1.3905115841970987,
            "pricing_RAM": 5,
            "pricing_data_sent": 0.01,
            "pricing_StartRequest": 4e-07
        },
        "provider_1": {
            "name": "aws",
            "estimated_latency": [
                0.7186837036509788,
                0.0,
                5.789758007553463,
                2.923135562809148,
                7.967491135936767,
                5.861228322673363,
                1.2788381919246392,
                5.456826402304962,
                8.39183254781472,
                3.6431682110085086,
                9.666098717664575,
                2.917821370421415,
                1.930676539726556,
                9.886080039301,
                8.25847212732558,
                2.4190351338342593,
                1.6940809182894343,
                6.851012628374789
            ],
            "leave": false,
            "pricing_Storage_Transfer": 0,
            "max_RAM_curr": 0.4700124493300357,
            "pricing_RAM": 5,
            "pricing_data_sent": 0.01,
            "pricing_StartRequest": 4e-07
        },
        "provider_2": {
            "name": "aws",
            "estimated_latency": [
                0.9343878356506401,
                5.789758007553463,
                0.0,
                5.106631839451616,
                3.2845799491752814,
                3.7129314797543267,
                9.812676311014362,
                0.6121630176933807,
                1.3248172153323154,
                1.759511292047809,
                3.310318193080218,
                1.9570788137774584,
                9.46979878426129,
                0.7342915307474343,
                5.644407290821988,
                1.6576979154317877,
                0.538357958617397,
                3.8912013977682296
            ],
            "leave": false,
            "pricing_Storage_Transfer": 0,
            "max_RAM_curr": 0.6514773755934905,
            "pricing_RAM": 5,
            "pricing_data_sent": 0.01,
            "pricing_StartRequest": 4e-07
        },
        "provider_3": {
            "name": "aws",
            "estimated_latency": [
                6.761269879487083,
                2.923135562809148,
                5.106631839451616,
                0.0,
                5.429410151926616,
                4.338210873373451,
                3.30859462403627,
                3.819945056755974,
                9.258655079407777,
                6.834062889449356,
                3.7988961250043745,
                3.303812027666425,
                8.23096798413007,
                6.704277627852891,
                3.339462538897906,
                5.050276843927769,
                1.9115430105108935,
                1.733675701588629
            ],
            "leave": false,
            "pricing_Storage_Transfer": 0,
            "max_RAM_curr": 0.930177182100109,
            "pricing_RAM": 5,
            "pricing_data_sent": 0.01,
            "pricing_StartRequest": 4e-07
        },
        "provider_4": {
            "name": "aws",
            "estimated_latency": [
                3.6489302258388747,
                7.967491135936767,
                3.2845799491752814,
                5.429410151926616,
                0.0,
                8.6666115579513,
                9.692735573797075,
                3.00789465452654,
                7.974175880200062,
                1.3927414996898695,
                8.931693633235833,
                4.6421612526628175,
                9.08093988162362,
                9.137713748124037,
                5.491904640946432,
                7.861267326273425,
                9.740308357961498,
                1.6348983104345105
            ],
            "leave": false,
            "pricing_Storage_Transfer": 0,
            "max_RAM_curr": 0.44277189643752984,
            "pricing_RAM": 5,
            "pricing_data_sent": 0.01,
            "pricing_StartRequest": 4e-07
        },
        "provider_5": {
            "name": "aws",
            "estimated_latency": [
                5.47680028338506,
                5.861228322673363,
                3.7129314797543267,
                4.338210873373451,
                8.6666115579513,
                0.0,
                0.45385570665122477,
                3.4583232981843444,
                5.0827360583983765,
                8.69139357156739,
                5.917714156603274,
                9.357072269180982,
                3.7545713205524978,
                2.5301679047489474,
                8.999617846667954,
                8.475976890162912,
                8.689850884859917,
                8.222890349939515
            ],
            "leave": false,
            "pricing_Storage_Transfer": 0,
            "max_RAM_curr": 1.617291636003124,
            "pricing_RAM": 5,
            "pricing_data_sent": 0.01,
            "pricing_StartRequest": 4e-07
        },
        "provider_6": {
            "name": "aws",
            "estimated_latency": [
                1.9910644104177257,
                1.2788381919246392,
                9.812676311014362,
                3.30859462403627,
                9.692735573797075,
                0.45385570665122477,
                0.0,
                6.048205756069632,
                3.0830715520207073,
                1.916404814817414,
                8.37744782506635,
                4.569142414145309,
                9.341428047134567,
                6.013823509531092,
                3.4106108999336118,
                6.393141286487601,
                1.6424464684095332,
                4.398537553906738
            ],
            "leave": false,
            "pricing_Storage_Transfer": 0,
            "max_RAM_curr": 0.6407746276647074,
            "pricing_RAM": 5,
            "pricing_data_sent": 0.01,
            "pricing_StartRequest": 4e-07
        },
        "provider_7": {
            "name": "aws",
            "estimated_latency": [
                5.284992925198426,
                5.456826402304962,
                0.6121630176933807,
                3.819945056755974,
                3.00789465452654,
                3.4583232981843444,
                6.048205756069632,
                0.0,
                2.7199489304301907,
                8.837134388289805,
                1.4145404422270822,
                2.0764306184133297,
                0.57026482679774,
                1.043655490807594,
                6.113073723422811,
                2.539792587420496,
                2.3215528202079496,
                0.7398904067727631
            ],
            "leave": false,
            "pricing_Storage_Transfer": 0,
            "max_RAM_curr": 0.0003702466636518678,
            "pricing_RAM": 5,
            "pricing_data_sent": 0.01,
            "pricing_StartRequest": 4e-07
        },
        "provider_8": {
            "name": "aws",