{
    "name": "cloud_2_836",
    "num_nodes": 4,
    "num_leaves": 1,
    "providers": {
        "provider_0": {
            "name": "aws",
            "leave": true,
            "estimated_latency": [
                0.0,
                6.814697297432141,
                4.698431520625643,
                8.522993141737297
            ],
            "pricing_Storage_Transfer": 0,
            "max_RAM_curr": 57.12150475755578,
            "pricing_RAM": 5,
            "pricing_data_sent": 0.01,
            "pricing_StartRequest": 4e-07
        },
        "provider_1": {
            "name": "aws",
            "estimated_latency": [
                6.814697297432141,
                0.0,
                6.761750613556826,
                3.1863109592789525
            ],
            "leave": false,
            "pricing_Storage_Transfer": 0,
            "max_RAM_curr": 17.974937545423295,
            "pricing_RAM": 5,
            "pricing_data_sent": 0.01,
            "pricing_StartRequest": 4e-07
        },
        "provider_2": {
            "name": "aws",
            "estimated_latency": [
                4.698431520625643,
                6.761750613556826,
                0.0,
                9.854776686124367
            ],
            "leave": false,
            "pricing_Storage_Transfer": 0,
            "max_RAM_curr": 94.65495555005658,
            "pricing_RAM": 5,
            "pricing_data_sent": 0.01,
            "pricing_StartRequest": 4e-07
        },
        "provider_3": {
            "name": "aws",
            "estimated_latency": [
                8.522993141737297,
                3.1863109592789525,
                9.854776686124367,
                0.0
            ],
            "leave": false,
            "pricing_Storage_Transfer": 0,
            "max_RAM_curr": 23.165497404355687,
            "pricing_RAM": 5,
            "pricing_data_sent": 0.01,
            "pricing_StartRequest": 4e-07
        }
    }
}