{
    "name": "cloud_2_725",
    "num_nodes": 12,
    "num_leaves": 1,
    "providers": {
        "provider_0": {
            "name": "aws",
            "leave": true,
            "estimated_latency": [
                0.0,
                6.505864012111945,
                1.3134254801660006,
                5.577513906254693,
                4.454306714923921,
                7.385689118487436,
                8.171060899127088,
                7.961434044072886,
                5.758080661713212,
                7.329402478438991,
                4.290166431173757,
                0.9458455200226125
            ],
            "pricing_Storage_Transfer": 0,
            "max_RAM_curr": 7.6218735000730415,
            "pricing_RAM": 5,
            "pricing_data_sent": 0.01,
            "pricing_StartRequest": 4e-07,
            "max_ram_curr": 7.6218735000730415
        },
        "provider_1": {
            "name": "aws",
            "estimated_latency": [
                6.505864012111945,
                0.0,
                9.766656942694325,
                2.542297229337252,
                0.4179512323514346,
                5.700590994482079,
                1.3936715124670194,
                3.8791119607167692,
                0.6407120787615234,
                2.5186179320195197,
                0.328815355322816,
                9.903714143436344
            ],
            "leave": false,
            "pricing_Storage_Transfer": 0,
            "max_RAM_curr": 17.10534519588655,
            "pricing_RAM": 5,
            "pricing_data_sent": 0.01,
            "pricing_StartRequest": 4e-07,
            "max_ram_curr": 17.10534519588655
        },
        "provider_2": {
            "name": "aws",
            "estimated_latency": [
                1.3134254801660006,
                9.766656942694325,
                0.0,
                1.7778382396640744,
                2.765515646027259,
                5.659507696370263,
                5.512043252808357,
                3.491231971141123,
                4.290718986514139,
                6.133619992637845,
                9.238172165534174,
                5.147054298495103
            ],
            "leave": false,
            "pricing_Storage_Transfer": 0,
            "max_RAM_curr": 3.8998762458678025,
            "pricing_RAM": 5,
            "pricing_data_sent": 0.01,
            "pricing_StartRequest": 4e-07,
            "max_ram_curr": 3.8998762458678025
        },
        "provider_3": {
            "name": "aws",
            "estimated_latency": [
                5.577513906254693,
                2.542297229337252,
                1.7778382396640744,
                0.0,
                3.414812941739367,
                2.5224339545063077,
                2.3570196579058083,
                1.9878852476757964,
                1.3357412577540824,
                7.765352069268203,
                4.839585991482392,
                0.9025232087898232
            ],
            "leave": false,
            "pricing_Storage_Transfer": 0,
            "max_RAM_curr": 2.870592967726759,
            "pricing_RAM": 5,
            "pricing_data_sent": 0.01,
            "pricing_StartRequest": 4e-07,
            "max_ram_curr": 2.870592967726759
        },
        "provider_4": {
            "name": "aws",
            "estimated_latency": [
                4.454306714923921,
                0.4179512323514346,
                2.765515646027259,
                3.414812941739367,
                0.0,
                6.004786461812066,
                7.63110352203195,
                0.7641074526657847,
                9.386411412459832,
                5.705714448595419,
                1.9277309470804629,
                7.724789286048211
            ],
            "leave": false,
            "pricing_Storage_Transfer": 0,
            "max_RAM_curr": 8.280992892875492,
            "pricing_RAM": 5,
            "pricing_data_sent": 0.01,
            "pricing_StartRequest": 4e-07,
            "max_ram_curr": 8.280992892875492
        },
        "provider_5": {
            "name": "aws",
            "estimated_latency": [
                7.385689118487436,
                5.700590994482079,
                5.659507696370263,
                2.5224339545063077,
                6.004786461812066,
                0.0,
                3.209800491461157,
                4.047290401456828,
                6.093530591240497,
                9.218003039969123,
                2.566738712790672,
                8.21972744034558
            ],
            "leave": false,
            "pricing_Storage_Transfer": 0,
            "max_RAM_curr": 5.002440894413798,
            "pricing_RAM": 5,
            "pricing_data_sent": 0.01,
            "pricing_StartRequest": 4e-07,
            "max_ram_curr": 5.002440894413798
        },
        "provider_6": {
            "name": "aws",
            "estimated_latency": [
                8.171060899127088,
                1.3936715124670194,
                5.512043252808357,
                2.3570196579058083,
                7.63110352203195,
                3.209800491461157,
                0.0,
                1.2908640864968144,
                8.440356896640347,
                1.9824412841409227,
                0.6515289447224931,
                8.832703926146145
            ],
            "leave": false,
            "pricing_Storage_Transfer": 0,
            "max_RAM_curr": 20.652615386542283,
            "pricing_RAM": 5,
            "pricing_data_sent": 0.01,
            "pricing_StartRequest": 4e-07,
            "max_ram_curr": 20.652615386542283
        },
        "provider_7": {
            "name": "aws",
            "estimated_latency": [
                7.961434044072886,
                3.8791119607167692,
                3.491231971141123,
                1.9878852476757964,
                0.7641074526657847,
                4.047290401456828,
                1.2908640864968144,
                0.0,
                2.466832512734509,
                8.213318805347795,
                3.4857784330605908,
                4.553784812714969
            ],
            "leave": false,
            "pricing_Storage_Transfer": 0,
            "max_RAM_curr": 7.643120251964994,
            "pricing_RAM": 5,
            "pricing_data_sent": 0.01,
            "pricing_StartRequest": 4e-07,
            "max_ram_curr": 7.643120251964994
        },
        "provider_8": {
            "name": "aws",
            "estimated_latency": [
                5.758080661713212,
                0.6407120787615234,
                4.290718986514139,
                1.3357412577540824,
                9.386411412459832,
                6.093530591240497,
                8.440356896640347,
                2.466832512734509,
                0.0,
                8.388627322835607,
                2.14368142809887,
                1.3141003305616388
            ],
            "leave": false,
            "pricing_Storage_Transfer": 0,
            "max_RAM_curr": 6.23061499378782,
            "pricing_RAM": 5,
            "pricing_data_sent": 0.01,
            "pricing_StartRequest": 4e-07,
            "max_ram_curr": 6.23061499378782
        },
        "provider_9": {
            "name": "aws",
            "estimated_latency": [
                7.329402478438991,
                2.5186179320195197,
                6.133619992637845,
                7.765352069268203,
                5.705714448595419,
                9.218003039969123,
                1.9824412841409227,
                8.213318805347795,
                8.388627322835607,
                0.0,
                0.6428848325273193,
                2.804879266542706
            ],
            "leave": false,
            "pricing_Storage_Transfer": 0,
            "max_RAM_curr": 17.042649948100976,
            "pricing_RAM": 5,
            "pricing_data_sent": 0.01,
            "pricing_StartRequest": 4e-07,