{
    "name": "cloud_1_2",
    "num_nodes": 7,
    "num_leaves": 7,
    "providers": {
        "provider_0": {
            "name": "tinyfaas",
            "leave": true,
            "estimated_latency": [
                0.0,
                10.495394364521726,
                49.075489942191595,
                36.227188642497026,
                99.23582940280725,
                64.24274580784555,
                57.90192451617488
            ],
            "pricing_Storage_Transfer": 0,
            "max_RAM_curr": 178.31029264706578,
            "pricing_RAM": 0.01667,
            "pricing_data_sent": 0.01,
            "pricing_StartRequest": 4e-07,
            "max_ram_curr": 178.31029264706578
        },
        "provider_1": {
            "name": "tinyfaas",
            "estimated_latency": [
                10.495394364521726,
                0.0,
                95.06254260707448,
                95.62000319822621,
                97.61570809474156,
                58.85571657828688,
                71.14115184236576
            ],
            "leave": true,
            "pricing_Storage_Transfer": 0,
            "max_RAM_curr": 657.8427943694129,
            "pricing_RAM": 0.01667,
            "pricing_data_sent": 0.01,
            "pricing_StartRequest": 4e-07,
            "max_ram_curr": 657.8427943694129
        },
        "provider_2": {
            "name": "tinyfaas",
            "estimated_latency": [
                49.075489942191595,
                95.06254260707448,
                0.0,
                57.209812961906835,
                26.253298431330926,
                32.37310949218795,
                67.85837634098843
            ],
            "leave": true,
            "pricing_Storage_Transfer": 0,
            "max_RAM_curr": 993.2974338327355,
            "pricing_RAM": 0.01667,
            "pricing_data_sent": 0.01,
            "pricing_StartRequest": 4e-07,
            "max_ram_curr": 993.2974338327355
        },
        "provider_3": {
            "name": "tinyfaas",
            "estimated_latency": [
                36.227188642497026,
                95.62000319822621,
                57.209812961906835,
                0.0,
                93.24935854883945,
                46.40570760317891,
                60.566711747934654
            ],
            "leave": true,
            "pricing_Storage_Transfer": 0,
            "max_RAM_curr": 2005.4400038884826,
            "pricing_RAM": 0.01667,
            "pricing_data_sent": 0.01,
            "pricing_StartRequest": 4e-07,
            "max_ram_curr": 2005.4400038884826
        },
        "provider_4": {
            "name": "tinyfaas",
            "estimated_latency": [
                99.23582940280725,
                97.61570809474156,
                26.253298431330926,
                93.24935854883945,
                0.0,
                82.47929856590305,
                4.73207505790001
            ],
            "leave": true,
            "pricing_Storage_Transfer": 0,
            "max_RAM_curr": 22.178450898628466,
            "pricing_RAM": 0.01667,
            "pricing_data_sent": 0.01,
            "pricing_StartRequest": 4e-07,
            "max_ram_curr": 22.178450898628466
        },
        "provider_5": {
            "name": "tinyfaas",
            "estimated_latency": [
                64.24274580784555,
                58.85571657828688,
                32.37310949218795,
                46.40570760317891,
                82.47929856590305,
                0.0,
                7.764464283945104
            ],
            "leave": true,
            "pricing_Storage_Transfer": 0,
            "max_RAM_curr": 427.03148181268176,
            "pricing_RAM": 0.01667,
            "pricing_data_sent": 0.01,
            "pricing_StartRequest": 4e-07,
            "max_ram_curr": 427.03148181268176
        },
        "provider_6": {
            "name": "tinyfaas",
            "estimated_latency": [
                57.90192451617488,
                71.14115184236576,
                67.85837634098843,
                60.566711747934654,
                4.73207505790001,
                7.764464283945104,
                0.0
            ],
            "leave": true,
            "pricing_Storage_Transfer": 0,
            "max_RAM_curr": 110.5302047489889,
            "pricing_RAM": 0.01667,
            "pricing_data_sent": 0.01,
            "pricing_StartRequest": 4e-07,
            "max_ram_curr": 110.5302047489889
        }
    }
}