{
    "name": "cloud_2_10",
    "num_nodes": 4,
    "num_leaves": 4,
    "providers": {
        "provider_0": {
            "name": "tinyfaas",
            "leave": true,
            "estimated_latency": [
                0.0,
                7.927767428425751,
                9.582011285495055,
                2.2453227685827173
            ],
            "pricing_Storage_Transfer": 0,
            "max_RAM_curr": 11.735729266917614,
            "pricing_RAM": 0.01667,
            "pricing_data_sent": 0.01,
            "pricing_StartRequest": 4e-07,
            "max_ram_curr": 11.735729266917614
        },
        "provider_1": {
            "name": "tinyfaas",
            "estimated_latency": [
                7.927767428425751,
                0.0,
                6.770964521211571,
                8.668377220304182
            ],
            "leave": true,
            "pricing_Storage_Transfer": 0,
            "max_RAM_curr": 86.75343118869014,
            "pricing_RAM": 0.01667,
            "pricing_data_sent": 0.01,
            "pricing_StartRequest": 4e-07,
            "max_ram_curr": 86.75343118869014
        },
        "provider_2": {
            "name": "tinyfaas",
            "estimated_latency": [
                9.582011285495055,
                6.770964521211571,
                0.0,
                7.050305002126018
            ],
            "leave": true,
            "pricing_Storage_Transfer": 0,
            "max_RAM_curr": 38.40252333848764,
            "pricing_RAM": 0.01667,
            "pricing_data_sent": 0.01,
            "pricing_StartRequest": 4e-07,
            "max_ram_curr": 38.40252333848764
        },
        "provider_3": {
            "name": "tinyfaas",
            "estimated_latency": [
                2.2453227685827173,
                8.668377220304182,
                7.050305002126018,
                0.0
            ],
            "leave": true,
            "pricing_Storage_Transfer": 0,
            "max_RAM_curr": 1.0735443063555299,
            "pricing_RAM": 0.01667,
            "pricing_data_sent": 0.01,
            "pricing_StartRequest": 4e-07,
            "max_ram_curr": 1.0735443063555299
        }
    }
}