{
    "name": "cloud_2_424",
    "num_nodes": 12,
    "num_leaves": 1,
    "providers": {
        "provider_0": {
            "name": "aws",
            "leave": true,
            "estimated_latency": [
                0.0,
                9.517602081197742,
                3.9000348288512083,
                4.638651596939602,
                2.6872722110912934,
                2.8999130520596736,
                4.441877337801764,
                7.0410611000759475,
                4.8623230431964615,
                5.285097516291834,
                2.443235062261051,
                1.5981814085420323
            ],
            "pricing_Storage_Transfer": 0,
            "max_RAM_curr": 2.8950907805339545,
            "pricing_RAM": 5,
            "pricing_data_sent": 0.01,
            "pricing_StartRequest": 4e-07
        },
        "provider_1": {
            "name": "aws",
            "estimated_latency": [
                9.517602081197742,
                0.0,
                7.5853141430634246,
                8.952105254231077,
                9.812187661288792,
                1.2857756140058385,
                2.6198031581192947,
                4.687907801736962,
                7.156745721531246,
                5.564667820019279,
                5.757067192358743,
                8.836041956641592
            ],
            "leave": false,
            "pricing_Storage_Transfer": 0,
            "max_RAM_curr": 0.7801014790411601,
            "pricing_RAM": 5,
            "pricing_data_sent": 0.01,
            "pricing_StartRequest": 4e-07
        },
        "provider_2": {
            "name": "aws",
            "estimated_latency": [
                3.9000348288512083,
                7.5853141430634246,
                0.0,
                7.120057470944993,
                4.949064402119062,
                4.0178566708857435,
                1.8050934837120456,
                8.680749887321976,
                4.858861886529089,
                8.371254222413418,
                5.329502217603259,
                2.1959695508598176
            ],
            "leave": false,
            "pricing_Storage_Transfer": 0,
            "max_RAM_curr": 0.3720845566056508,
            "pricing_RAM": 5,
            "pricing_data_sent": 0.01,
            "pricing_StartRequest": 4e-07
        },
        "provider_3": {
            "name": "aws",
            "estimated_latency": [
                4.638651596939602,
                8.952105254231077,
                7.120057470944993,
                0.0,
                4.4580792242271245,
                4.845704774869414,
                4.963724475850455,
                0.22525804823613285,
                5.345873480808698,
                9.529728622129175,
                2.741456982747794,
                1.5693817528372371
            ],
            "leave": false,
            "pricing_Storage_Transfer": 0,
            "max_RAM_curr": 3.604887112768394,
            "pricing_RAM": 5,
            "pricing_data_sent": 0.01,
            "pricing_StartRequest": 4e-07
        },
        "provider_4": {
            "name": "aws",
            "estimated_latency": [
                2.6872722110912934,
                9.812187661288792,
                4.949064402119062,
                4.4580792242271245,
                0.0,
                6.984318630253313,
                8.175557102307929,
                8.315474403166071,
                9.053409331700754,
                6.5495532707733775,
                1.3485920868815047,
                6.443872144731131
            ],
            "leave": false,
            "pricing_Storage_Transfer": 0,
            "max_RAM_curr": 2.835944776623383,
            "pricing_RAM": 5,
            "pricing_data_sent": 0.01,
            "pricing_StartRequest": 4e-07
        },
        "provider_5": {
            "name": "aws",
            "estimated_latency": [
                2.8999130520596736,
                1.2857756140058385,
                4.0178566708857435,
                4.845704774869414,
                6.984318630253313,
                0.0,
                6.7641532725912406,
                7.737238573773773,
                1.9624477899053456,
                5.352314180398811,
                0.803383380213751,
                9.536413663653063
            ],
            "leave": false,
            "pricing_Storage_Transfer": 0,
            "max_RAM_curr": 1.1796851763417242,
            "pricing_RAM": 5,
            "pricing_data_sent": 0.01,
            "pricing_StartRequest": 4e-07
        },
        "provider_6": {
            "name": "aws",
            "estimated_latency": [
                4.441877337801764,
                2.6198031581192947,
                1.8050934837120456,
                4.963724475850455,
                8.175557102307929,
                6.7641532725912406,
                0.0,
                2.131256233741916,
                2.7503721860807033,
                4.429492553113415,
                3.9888009629934325,
                7.600573766295498
            ],
            "leave": false,
            "pricing_Storage_Transfer": 0,
            "max_RAM_curr": 1.100217601884,
            "pricing_RAM": 5,
            "pricing_data_sent": 0.01,
            "pricing_StartRequest": 4e-07
        },
        "provider_7": {
            "name": "aws",
            "estimated_latency": [
                7.0410611000759475,
                4.687907801736962,
                8.680749887321976,
                0.22525804823613285,
                8.315474403166071,
                7.737238573773773,
                2.131256233741916,
                0.0,
                4.169956553503869,
                7.334663591495894,
                9.786773397938354,
                0.47074655962767065
            ],
            "leave": false,
            "pricing_Storage_Transfer": 0,
            "max_RAM_curr": 2.3940522932488313,
            "pricing_RAM": 5,
            "pricing_data_sent": 0.01,
            "pricing_StartRequest": 4e-07
        },
        "provider_8": {
            "name": "aws",
            "estimated_latency": [
                4.8623230431964615,
                7.156745721531246,
                4.858861886529089,
                5.345873480808698,
                9.053409331700754,
                1.9624477899053456,
                2.7503721860807033,
                4.169956553503869,
                0.0,
                3.672608649479022,
                9.101831108595658,
                9.670522645111776
            ],
            "leave": false,
            "pricing_Storage_Transfer": 0,
            "max_RAM_curr": 3.9787473531854243,
            "pricing_RAM": 5,
            "pricing_data_sent": 0.01,
            "pricing_StartRequest": 4e-07
        },
        "provider_9": {
            "name": "aws",
            "estimated_latency": [
                5.285097516291834,
                5.564667820019279,
                8.371254222413418,
                9.529728622129175,
                6.5495532707733775,
                5.352314180398811,
                4.429492553113415,
                7.334663591495894,
                3.672608649479022,
                0.0,
                0.3319673861276981,
                6.856555851133246
            ],
            "leave": false,
            "pricing_Storage_Transfer": 0,
            "max_RAM_curr": 1.0333355748944582,
            "pricing_RAM": 5,
            "pricing_data_sent": 0.01,
            "pricing_StartRequest": 4e-07
        },
        "provider_10": {
            "name": "aws",