{
    "name": "cloud_2_76",
    "num_nodes": 17,
    "num_leaves": 1,
    "providers": {
        "provider_0": {
            "name": "aws",
            "leave": true,
            "estimated_latency": [
                0.0,
                9.42551543236797,
                8.293731579727702,
                9.616870905302914,
                9.725817087782865,
                8.405159287140156,
                3.9526896848306268,
                5.234150558016231,
                0.7326550206197658,
                7.512156045963837,
                3.635661982336539,
                5.149545004160133,
                7.397145118880656,
                9.872939536900208,
                9.947275492754617,
                0.2013085886822191,
                1.2093279312972247
            ],
            "pricing_Storage_Transfer": 0,
            "max_RAM_curr": 2.0519158762775063,
            "pricing_RAM": 5,
            "pricing_data_sent": 0.01,
            "pricing_StartRequest": 4e-07
        },
        "provider_1": {
            "name": "aws",
            "estimated_latency": [
                9.42551543236797,
                0.0,
                9.26886241589307,
                1.3591084320250806,
                9.774058869045962,
                1.6435315999393123,
                7.137246673618782,
                8.223439575926676,
                2.0149651632895704,
                8.066012328652487,
                1.8480774494007175,
                7.613602921644009,
                2.6400022320682206,
                1.381569952768628,
                1.5554386653731274,
                7.202167117730658,
                0.7147800749370707
            ],
            "leave": false,
            "pricing_Storage_Transfer": 0,
            "max_RAM_curr": 0.20427870750759503,
            "pricing_RAM": 5,
            "pricing_data_sent": 0.01,
            "pricing_StartRequest": 4e-07
        },
        "provider_2": {
            "name": "aws",
            "estimated_latency": [
                8.293731579727702,
                9.26886241589307,
                0.0,
                1.417455609676056,
                6.836458250508239,
                7.704326697526297,
                4.570216369910078,
                5.86253296217322,
                9.75244166921943,
                8.282789220624911,
                3.2096671613389733,
                3.795881676473894,
                1.2973660860888123,
                0.42047316761840814,
                5.210021924609363,
                1.01877394091497,
                3.807327457086015
            ],
            "leave": false,
            "pricing_Storage_Transfer": 0,
            "max_RAM_curr": 1.1640269777402514,
            "pricing_RAM": 5,
            "pricing_data_sent": 0.01,
            "pricing_StartRequest": 4e-07
        },
        "provider_3": {
            "name": "aws",
            "estimated_latency": [
                9.616870905302914,
                1.3591084320250806,
                1.417455609676056,
                0.0,
                5.828301705605246,
                3.0030181052354434,
                6.668150358799151,
                2.7413894365788285,
                6.464638321415287,
                5.585496538811671,
                4.994867840312619,
                2.905111356781206,
                9.199374771312746,
                1.39574470373434,
                4.807681801920868,
                7.290632658075415,
                6.733566388376791
            ],
            "leave": false,
            "pricing_Storage_Transfer": 0,
            "max_RAM_curr": 2.91037291011561,
            "pricing_RAM": 5,
            "pricing_data_sent": 0.01,
            "pricing_StartRequest": 4e-07
        },
        "provider_4": {
            "name": "aws",
            "estimated_latency": [
                9.725817087782865,
                9.774058869045962,
                6.836458250508239,
                5.828301705605246,
                0.0,
                6.900229155732766,
                8.472918187623623,
                5.906111664808362,
                7.49844726194645,
                5.720079700799428,
                1.0464648338511497,
                7.893511916817435,
                4.699653300763889,
                3.57100017192632,
                8.50229928095419,
                7.879488164363405,
                0.7470636809121262
            ],
            "leave": false,
            "pricing_Storage_Transfer": 0,
            "max_RAM_curr": 0.8208476109546446,
            "pricing_RAM": 5,
            "pricing_data_sent": 0.01,
            "pricing_StartRequest": 4e-07
        },
        "provider_5": {
            "name": "aws",
            "estimated_latency": [
                8.405159287140156,
                1.6435315999393123,
                7.704326697526297,
                3.0030181052354434,
                6.900229155732766,
                0.0,
                3.817126884144413,
                3.386508260111189,
                4.863688150004237,
                3.2687911398153005,
                8.876460400538216,
                4.2324108364533455,
                1.4849673675291393,
                4.116385784289402,
                3.9709880038321086,
                5.116694389738223,
                8.065414833647063
            ],
            "leave": false,
            "pricing_Storage_Transfer": 0,
            "max_RAM_curr": 0.022655096154972503,
            "pricing_RAM": 5,
            "pricing_data_sent": 0.01,
            "pricing_StartRequest": 4e-07
        },
        "provider_6": {
            "name": "aws",
            "estimated_latency": [
                3.9526896848306268,
                7.137246673618782,
                4.570216369910078,
                6.668150358799151,
                8.472918187623623,
                3.817126884144413,
                0.0,
                5.611404281010723,
                4.258482396810829,
                1.344095523108065,
                0.3300906249711571,
                9.657872215849482,
                9.392591934710165,
                2.0212498365250275,
                1.6681703506014645,
                5.575203203971197,
                4.935397615274874
            ],
            "leave": false,
            "pricing_Storage_Transfer": 0,
            "max_RAM_curr": 0.29670463079508025,
            "pricing_RAM": 5,
            "pricing_data_sent": 0.01,
            "pricing_StartRequest": 4e-07
        },
        "provider_7": {
            "name": "aws",
            "estimated_latency": [
                5.234150558016231,
                8.223439575926676,
                5.86253296217322,
                2.7413894365788285,
                5.906111664808362,
                3.386508260111189,
                5.611404281010723,
                0.0,
                6.52808156834899,
                1.6855104301829156,
                4.119529336577363,
                4.569019705125336,
                1.9291554958044004,
                8.548411439386697,
                8.757001718405125,
                7.224266890442169,
                8.6229565475676
            ],
            "leave": false,
            "pricing_Storage_Transfer": 0,
            "max_RAM_curr": 2.6231260442999416,
            "pricing_RAM": 5,
            "pricing_data_sent": 0.01,
            "pricing_StartRequest": 4e-07
        },
        "provider_8": {
            "name": "aws",