{
    "name": "cloud_2_543",
    "num_nodes": 13,
    "num_leaves": 1,
    "providers": {
        "provider_0": {
            "name": "aws",
            "leave": true,
            "estimated_latency": [
                0.0,
                5.902332119620491,
                0.19631807757173386,
                4.678806492760818,
                7.511414626722079,
                7.891157889905942,
                6.945350374308087,
                4.663206186550879,
                7.894637947254984,
                1.807581912627111,
                7.305817273926681,
                1.9940568230774367,
                6.561733153442097
            ],
            "pricing_Storage_Transfer": 0,
            "max_RAM_curr": 0.016136793303427713,
            "pricing_RAM": 5,
            "pricing_data_sent": 0.01,
            "pricing_StartRequest": 4e-07
        },
        "provider_1": {
            "name": "aws",
            "estimated_latency": [
                5.902332119620491,
                0.0,
                0.8235685974230931,
                1.0534455187938618,
                6.502586192184723,
                7.001651565370648,
                6.616604499601704,
                6.064403051330751,
                6.578524818433791,
                4.899946239546325,
                2.9517841915290157,
                6.841647116743286,
                8.45826211658263
            ],
            "leave": false,
            "pricing_Storage_Transfer": 0,
            "max_RAM_curr": 0.23052357703544507,
            "pricing_RAM": 5,
            "pricing_data_sent": 0.01,
            "pricing_StartRequest": 4e-07
        },
        "provider_2": {
            "name": "aws",
            "estimated_latency": [
                0.19631807757173386,
                0.8235685974230931,
                0.0,
                1.3926807969618538,
                1.7294453579094171,
                0.7738080417729459,
                3.010162264940547,
                4.643076579225615,
                7.472709039620923,
                7.812721174357181,
                5.870897521837486,
                2.9068904118212386,
                7.536004018650242
            ],
            "leave": false,
            "pricing_Storage_Transfer": 0,
            "max_RAM_curr": 0.004034452945772582,
            "pricing_RAM": 5,
            "pricing_data_sent": 0.01,
            "pricing_StartRequest": 4e-07
        },
        "provider_3": {
            "name": "aws",
            "estimated_latency": [
                4.678806492760818,
                1.0534455187938618,
                1.3926807969618538,
                0.0,
                1.4990426218897426,
                0.8361537971860986,
                8.815635459858198,
                2.035642265390584,
                5.819469360634249,
                3.8563832327002165,
                9.923912062341058,
                0.6796242939725295,
                7.660303187730994
            ],
            "leave": false,
            "pricing_Storage_Transfer": 0,
            "max_RAM_curr": 0.08671782688879079,
            "pricing_RAM": 5,
            "pricing_data_sent": 0.01,
            "pricing_StartRequest": 4e-07
        },
        "provider_4": {
            "name": "aws",
            "estimated_latency": [
                7.511414626722079,
                6.502586192184723,
                1.7294453579094171,
                1.4990426218897426,
                0.0,
                2.6305539938013722,
                4.66249593768374,
                6.216372019325188,
                7.362993163278911,
                0.7225764039109062,
                7.402731982007778,
                7.6271380964091735,
                6.713835609422146
            ],
            "leave": false,
            "pricing_Storage_Transfer": 0,
            "max_RAM_curr": 0.28329470709255006,
            "pricing_RAM": 5,
            "pricing_data_sent": 0.01,
            "pricing_StartRequest": 4e-07
        },
        "provider_5": {
            "name": "aws",
            "estimated_latency": [
                7.891157889905942,
                7.001651565370648,
                0.7738080417729459,
                0.8361537971860986,
                2.6305539938013722,
                0.0,
                5.093150639723933,
                0.13234605828092796,
                4.713949040222241,
                3.202566850472451,
                5.141557450076217,
                2.1185291442280954,
                5.190971936238572
            ],
            "leave": false,
            "pricing_Storage_Transfer": 0,
            "max_RAM_curr": 0.2959173843660618,
            "pricing_RAM": 5,
            "pricing_data_sent": 0.01,
            "pricing_StartRequest": 4e-07
        },
        "provider_6": {
            "name": "aws",
            "estimated_latency": [
                6.945350374308087,
                6.616604499601704,
                3.010162264940547,
                8.815635459858198,
                4.66249593768374,
                5.093150639723933,
                0.0,
                3.052166057603902,
                5.636095527904102,
                9.017184280409294,
                3.0561449676547205,
                7.533084576070317,
                1.5053963626414872
            ],
            "leave": false,
            "pricing_Storage_Transfer": 0,
            "max_RAM_curr": 0.18358081953519115,
            "pricing_RAM": 5,
            "pricing_data_sent": 0.01,
            "pricing_StartRequest": 4e-07
        },
        "provider_7": {
            "name": "aws",
            "estimated_latency": [
                4.663206186550879,
                6.064403051330751,
                4.643076579225615,
                2.035642265390584,
                6.216372019325188,
                0.13234605828092796,
                3.052166057603902,
                0.0,
                7.047723274720541,
                9.90987838171354,
                4.920976785956732,
                1.4182497734576323,
                5.358975436958028
            ],
            "leave": false,
            "pricing_Storage_Transfer": 0,
            "max_RAM_curr": 0.09343075901155555,
            "pricing_RAM": 5,
            "pricing_data_sent": 0.01,
            "pricing_StartRequest": 4e-07
        },
        "provider_8": {
            "name": "aws",
            "estimated_latency": [
                7.894637947254984,
                6.578524818433791,
                7.472709039620923,
                5.819469360634249,
                7.362993163278911,
                4.713949040222241,
                5.636095527904102,
                7.047723274720541,
                0.0,
                1.481867245800184,
                7.859602372462698,
                0.46226731231646534,
                5.024962485952498
            ],
            "leave": false,
            "pricing_Storage_Transfer": 0,
            "max_RAM_curr": 0.4830533689774273,
            "pricing_RAM": 5,
            "pricing_data_sent": 0.01,
            "pricing_StartRequest": 4e-07
        },
        "provider_9": {
            "name": "aws",
            "estimated_latency": [
                1.807581912627111,
                4.899946239546325,
                7.812721174357181,
                3.8563832327002165,
                0.7225764039109062,
                3.202566850472451,
                9.017184280409294,
                9.90987838171354,
                1.481867245800184,
                0.0,
                2.291176993005602,
                7.39537596646168,
                9.37782083940091
            ],
            "leave": false,
            "pricing_Storage_Transfer": 0,
            "max_RAM_curr": 0.1860664069180985,
            "pricing_RAM": 5,
            "pricing_data_sent": 0.01,
            "pricing_StartRequest": 4e-07
        },