{
    "name": "cloud_2_303",
    "num_nodes": 19,
    "num_leaves": 1,
    "providers": {
        "provider_0": {
            "name": "aws",
            "leave": true,
            "estimated_latency": [
                0.0,
                4.20641152596834,
                9.253201798570394,
                2.46678157257592,
                8.823578546473078,
                9.365435379269263,
                9.553927559387049,
                0.5732903268731966,
                4.921059828820788,
                4.959359538931844,
                5.014682010290774,
                9.384818682983006,
                5.7338329712986225,
                5.104192626460465,
                3.6368397139722948,
                9.692451893696585,
                3.295333658068263,
                8.073369989570747,
                5.4208530491872065
            ],
            "pricing_Storage_Transfer": 0,
            "max_RAM_curr": 3.3258461774753516,
            "pricing_RAM": 5,
            "pricing_data_sent": 0.01,
            "pricing_StartRequest": 4e-07
        },
        "provider_1": {
            "name": "aws",
            "estimated_latency": [
                4.20641152596834,
                0.0,
                8.43465508455119,
                8.918156727335429,
                7.339862579174667,
                8.899682511274959,
                0.8231658708643366,
                2.8673787574092797,
                9.31899463339829,
                6.925970894409734,
                5.691012267887327,
                9.648259287935566,
                2.01960989565969,
                8.09113123481166,
                2.449636103227636,
                1.9830671186968953,
                4.174645560861799,
                5.442347942748324,
                4.08859298604228
            ],
            "leave": false,
            "pricing_Storage_Transfer": 0,
            "max_RAM_curr": 11.018398009212996,
            "pricing_RAM": 5,
            "pricing_data_sent": 0.01,
            "pricing_StartRequest": 4e-07
        },
        "provider_2": {
            "name": "aws",
            "estimated_latency": [
                9.253201798570394,
                8.43465508455119,
                0.0,
                7.2785201941137645,
                7.701021152629289,
                5.116729819398531,
                9.357497682814412,
                4.6426119265671435,
                3.3893786139285216,
                2.342455731073871,
                7.185538126561906,
                9.940890851485731,
                7.5654074735266725,
                9.966292786057968,
                8.71500480295767,
                9.846444866957055,
                8.71919095410271,
                2.160330052210258,
                6.6065759051026625
            ],
            "leave": false,
            "pricing_Storage_Transfer": 0,
            "max_RAM_curr": 9.5461405351374,
            "pricing_RAM": 5,
            "pricing_data_sent": 0.01,
            "pricing_StartRequest": 4e-07
        },
        "provider_3": {
            "name": "aws",
            "estimated_latency": [
                2.46678157257592,
                8.918156727335429,
                7.2785201941137645,
                0.0,
                9.96624143680515,
                5.296797528566979,
                1.6918512810982878,
                8.856829351439611,
                2.819484221453526,
                7.075453131855541,
                5.327265531000497,
                0.15968484369182842,
                0.48818755589612006,
                4.297154060696854,
                9.527945876430834,
                4.562596620095348,
                7.361217826803698,
                7.570396255398333,
                8.834672274373535
            ],
            "leave": false,
            "pricing_Storage_Transfer": 0,
            "max_RAM_curr": 0.19094814204413896,
            "pricing_RAM": 5,
            "pricing_data_sent": 0.01,
            "pricing_StartRequest": 4e-07
        },
        "provider_4": {
            "name": "aws",
            "estimated_latency": [
                8.823578546473078,
                7.339862579174667,
                7.701021152629289,
                9.96624143680515,
                0.0,
                2.2879053256962245,
                7.275182949039869,
                6.9191297868177415,
                0.21071527850790844,
                0.11970663366285039,
                2.7554359131017976,
                9.39416324601333,
                9.257363726118177,
                4.487253422868839,
                3.4263724744785335,
                7.281700093039006,
                4.261531087948753,
                6.267324392574031,
                3.679804408104693
            ],
            "leave": false,
            "pricing_Storage_Transfer": 0,
            "max_RAM_curr": 8.619637177412699,
            "pricing_RAM": 5,
            "pricing_data_sent": 0.01,
            "pricing_StartRequest": 4e-07
        },
        "provider_5": {
            "name": "aws",
            "estimated_latency": [
                9.365435379269263,
                8.899682511274959,
                5.116729819398531,
                5.296797528566979,
                2.2879053256962245,
                0.0,
                1.9898233923663786,
                1.5144282262717372,
                7.079561078847429,
                1.750222697769291,
                2.2023655550679604,
                1.0991282793257768,
                1.4307918522668999,
                6.374934141559447,
                6.526286817515762,
                9.623550392494177,
                0.2700076638686842,
                2.243929987165645,
                0.8157755502285896
            ],
            "leave": false,
            "pricing_Storage_Transfer": 0,
            "max_RAM_curr": 17.8748549557694,
            "pricing_RAM": 5,
            "pricing_data_sent": 0.01,
            "pricing_StartRequest": 4e-07
        },
        "provider_6": {
            "name": "aws",
            "estimated_latency": [
                9.553927559387049,
                0.8231658708643366,
                9.357497682814412,
                1.6918512810982878,
                7.275182949039869,
                1.9898233923663786,
                0.0,
                6.058848731297249,
                9.605008790017646,
                5.429812927815514,
                8.077748376288213,
                7.061254823915893,
                0.30920319871686097,
                3.1752432609323478,
                5.483632349745607,
                1.8228485461176505,
                4.039979683265236,
                3.610102361694761,
                6.805007029642775
            ],
            "leave": false,
            "pricing_Storage_Transfer": 0,
            "max_RAM_curr": 6.795643112039268,
            "pricing_RAM": 5,
            "pricing_data_sent": 0.01,
            "pricing_StartRequest": 4e-07
        },
        "provider_7": {
            "name": "aws",
            "estimated_latency": [
                0.5732903268731966,
                2.8673787574092797,
                4.6426119265671435,
                8.856829351439611,
                6.9191297868177415,
                1.5144282262717372,
                6.058848731297249,
                0.0,
                2.2313446461173947,
                8.49919190556275,
                1.150151762452424,
                7.279066963795003,
                1.4207457428701629,
                0.771286309797663,
                7.933261932893272,
                1.106295969680175,
                8.126559375620669,
                6.431268997019097,
                4.7477922488986115
            ],
            "leave": false,
            "pricing_Storage_Transfer": 0,
            "max_RAM_curr": 44.52091117949485,
            "pricing_RAM": 5,
            "pricing_data_sent": 0.01,