{
    "name": "cloud_2_802",
    "num_nodes": 12,
    "num_leaves": 1,
    "providers": {
        "provider_0": {
            "name": "aws",
            "leave": true,
            "estimated_latency": [
                0.0,
                7.3055335663865515,
                0.9296236381687846,
                0.9033039508824374,
                1.4167293087848314,
                0.5350045451657517,
                6.639845800807709,
                1.9696876948208817,
                0.6647084963451443,
                1.5047593512766977,
                3.9208784155589687,
                2.791494800074506
            ],
            "pricing_Storage_Transfer": 0,
            "max_RAM_curr": 1.2750511883050966,
            "pricing_RAM": 5,
            "pricing_data_sent": 0.01,
            "pricing_StartRequest": 4e-07
        },
        "provider_1": {
            "name": "aws",
            "estimated_latency": [
                7.3055335663865515,
                0.0,
                0.24769080521278028,
                6.442434392554123,
                8.144360855116629,
                4.763203920482128,
                4.808149723892046,
                7.073865344055686,
                6.806783538527758,
                2.200128043222362,
                8.881530001790175,
                9.579258918763765
            ],
            "leave": false,
            "pricing_Storage_Transfer": 0,
            "max_RAM_curr": 5.558895906775094,
            "pricing_RAM": 5,
            "pricing_data_sent": 0.01,
            "pricing_StartRequest": 4e-07
        },
        "provider_2": {
            "name": "aws",
            "estimated_latency": [
                0.9296236381687846,
                0.24769080521278028,
                0.0,
                4.094811296919829,
                3.119941305530225,
                4.058535012008666,
                1.0943701211477794,
                8.013736602155882,
                9.16193554566819,
                1.378724088603873,
                5.091235395538393,
                5.2328310676478464
            ],
            "leave": false,
            "pricing_Storage_Transfer": 0,
            "max_RAM_curr": 0.07303957069722802,
            "pricing_RAM": 5,
            "pricing_data_sent": 0.01,
            "pricing_StartRequest": 4e-07
        },
        "provider_3": {
            "name": "aws",
            "estimated_latency": [
                0.9033039508824374,
                6.442434392554123,
                4.094811296919829,
                0.0,
                3.588929519856357,
                5.831853254197395,
                6.567179089923079,
                4.29385826012617,
                7.399356137963415,
                5.392954339054464,
                9.83976414774823,
                6.88709421519074
            ],
            "leave": false,
            "pricing_Storage_Transfer": 0,
            "max_RAM_curr": 9.322911642570931,
            "pricing_RAM": 5,
            "pricing_data_sent": 0.01,
            "pricing_StartRequest": 4e-07
        },
        "provider_4": {
            "name": "aws",
            "estimated_latency": [
                1.4167293087848314,
                8.144360855116629,
                3.119941305530225,
                3.588929519856357,
                0.0,
                8.858593523624808,
                7.32554157095941,
                2.724101455076625,
                4.783239869751898,
                4.939726323308603,
                7.989689854128038,
                6.389854037278187
            ],
            "leave": false,
            "pricing_Storage_Transfer": 0,
            "max_RAM_curr": 15.159103929804282,
            "pricing_RAM": 5,
            "pricing_data_sent": 0.01,
            "pricing_StartRequest": 4e-07
        },
        "provider_5": {
            "name": "aws",
            "estimated_latency": [
                0.5350045451657517,
                4.763203920482128,
                4.058535012008666,
                5.831853254197395,
                8.858593523624808,
                0.0,
                6.345690301089382,
                7.692274988284926,
                8.487230643388688,
                4.522931954736458,
                8.494788739131371,
                3.4969354471036933
            ],
            "leave": false,
            "pricing_Storage_Transfer": 0,
            "max_RAM_curr": 0.4314992976077935,
            "pricing_RAM": 5,
            "pricing_data_sent": 0.01,
            "pricing_StartRequest": 4e-07
        },
        "provider_6": {
            "name": "aws",
            "estimated_latency": [
                6.639845800807709,
                4.808149723892046,
                1.0943701211477794,
                6.567179089923079,
                7.32554157095941,
                6.345690301089382,
                0.0,
                6.570832230864679,
                6.831781237436283,
                5.844090255023678,
                9.363592611135463,
                4.542586082672226
            ],
            "leave": false,
            "pricing_Storage_Transfer": 0,
            "max_RAM_curr": 4.878343514643682,
            "pricing_RAM": 5,
            "pricing_data_sent": 0.01,
            "pricing_StartRequest": 4e-07
        },
        "provider_7": {
            "name": "aws",
            "estimated_latency": [
                1.9696876948208817,
                7.073865344055686,
                8.013736602155882,
                4.29385826012617,
                2.724101455076625,
                7.692274988284926,
                6.570832230864679,
                0.0,
                4.769637380033285,
                7.52161519321435,
                6.8810000393802815,
                2.255271418123168
            ],
            "leave": false,
            "pricing_Storage_Transfer": 0,
            "max_RAM_curr": 0.8922436884423318,
            "pricing_RAM": 5,
            "pricing_data_sent": 0.01,
            "pricing_StartRequest": 4e-07
        },
        "provider_8": {
            "name": "aws",
            "estimated_latency": [
                0.6647084963451443,
                6.806783538527758,
                9.16193554566819,
                7.399356137963415,
                4.783239869751898,
                8.487230643388688,
                6.831781237436283,
                4.769637380033285,
                0.0,
                2.0739550332172527,
                7.9102428533491995,
                6.273139058671031
            ],
            "leave": false,
            "pricing_Storage_Transfer": 0,
            "max_RAM_curr": 8.196374053810612,
            "pricing_RAM": 5,
            "pricing_data_sent": 0.01,
            "pricing_StartRequest": 4e-07
        },
        "provider_9": {
            "name": "aws",
            "estimated_latency": [
                1.5047593512766977,
                2.200128043222362,
                1.378724088603873,
                5.392954339054464,
                4.939726323308603,
                4.522931954736458,
                5.844090255023678,
                7.52161519321435,
                2.0739550332172527,
                0.0,
                3.7123507497114714,
                8.402225678248817
            ],
            "leave": false,
            "pricing_Storage_Transfer": 0,
            "max_RAM_curr": 24.179356414790288,
            "pricing_RAM": 5,
            "pricing_data_sent": 0.01,
            "pricing_StartRequest": 4e-07
        },
        "provider_10": {
            "name": "aws",