{
    "name": "cloud_2_1007",
    "num_nodes": 14,
    "num_leaves": 1,
    "providers": {
        "provider_0": {
            "name": "aws",
            "leave": true,
            "estimated_latency": [
                0.0,
                5.55137794341041,
                0.1629632479813099,
                3.622415780367615,
                7.164385244875727,
                9.16416070760769,
                9.285245564998652,
                8.524441805918126,
                5.657628226307981,
                6.506928292641595,
                7.460695640765936,
                2.719338157139053,
                2.436388597057194,
                0.7325056136958907
            ],
            "pricing_Storage_Transfer": 0,
            "max_RAM_curr": 14.114193990960485,
            "pricing_RAM": 5,
            "pricing_data_sent": 0.01,
            "pricing_StartRequest": 4e-07
        },
        "provider_1": {
            "name": "aws",
            "estimated_latency": [
                5.55137794341041,
                0.0,
                8.731173498251815,
                2.8586296026756215,
                4.6635391379134665,
                8.467657626519413,
                7.6693074519849285,
                4.653683979669107,
                5.13604998346689,
                8.43333686384607,
                8.664057865133303,
                5.770823121176548,
                0.7544128362075893,
                7.1380401004414695
            ],
            "leave": false,
            "pricing_Storage_Transfer": 0,
            "max_RAM_curr": 1.88475574847276,
            "pricing_RAM": 5,
            "pricing_data_sent": 0.01,
            "pricing_StartRequest": 4e-07
        },
        "provider_2": {
            "name": "aws",
            "estimated_latency": [
                0.1629632479813099,
                8.731173498251815,
                0.0,
                8.372493577383981,
                3.1928106280645694,
                7.25596692928744,
                6.340716904747032,
                3.365289741401146,
                7.25237164280673,
                1.0456261119756307,
                3.0398769667403376,
                8.72161181010288,
                0.5121323376891667,
                7.5366039187454055
            ],
            "leave": false,
            "pricing_Storage_Transfer": 0,
            "max_RAM_curr": 2.639428338656533,
            "pricing_RAM": 5,
            "pricing_data_sent": 0.01,
            "pricing_StartRequest": 4e-07
        },
        "provider_3": {
            "name": "aws",
            "estimated_latency": [
                3.622415780367615,
                2.8586296026756215,
                8.372493577383981,
                0.0,
                1.7804815328347667,
                8.628453544358253,
                1.416979196261997,
                8.249993265253167,
                3.203920266721152,
                0.46050135798993064,
                7.920572329117797,
                9.211975481009192,
                3.413828142333746,
                4.956694216296832
            ],
            "leave": false,
            "pricing_Storage_Transfer": 0,
            "max_RAM_curr": 8.692337025237414,
            "pricing_RAM": 5,
            "pricing_data_sent": 0.01,
            "pricing_StartRequest": 4e-07
        },
        "provider_4": {
            "name": "aws",
            "estimated_latency": [
                7.164385244875727,
                4.6635391379134665,
                3.1928106280645694,
                1.7804815328347667,
                0.0,
                2.9602745417027267,
                1.473167238323121,
                8.057946865836854,
                8.392822948869986,
                4.195633415247329,
                8.697829327741786,
                7.853089096521173,
                4.674171881534801,
                5.8244992211038
            ],
            "leave": false,
            "pricing_Storage_Transfer": 0,
            "max_RAM_curr": 1.0844419121098379,
            "pricing_RAM": 5,
            "pricing_data_sent": 0.01,
            "pricing_StartRequest": 4e-07
        },
        "provider_5": {
            "name": "aws",
            "estimated_latency": [
                9.16416070760769,
                8.467657626519413,
                7.25596692928744,
                8.628453544358253,
                2.9602745417027267,
                0.0,
                9.016568531972077,
                2.8643161766295404,
                3.810025260612487,
                4.945972784394942,
                6.260879853280425,
                4.39812290774445,
                0.2158989981327863,
                0.7680952375554367
            ],
            "leave": false,
            "pricing_Storage_Transfer": 0,
            "max_RAM_curr": 14.506714703595824,
            "pricing_RAM": 5,
            "pricing_data_sent": 0.01,
            "pricing_StartRequest": 4e-07
        },
        "provider_6": {
            "name": "aws",
            "estimated_latency": [
                9.285245564998652,
                7.6693074519849285,
                6.340716904747032,
                1.416979196261997,
                1.473167238323121,
                9.016568531972077,
                0.0,
                0.8611814159764436,
                3.217208789880093,
                4.387755911221381,
                3.512335151633126,
                3.7127715643324732,
                4.376692259701626,
                8.156800032745762
            ],
            "leave": false,
            "pricing_Storage_Transfer": 0,
            "max_RAM_curr": 1.8462870966545153,
            "pricing_RAM": 5,
            "pricing_data_sent": 0.01,
            "pricing_StartRequest": 4e-07
        },
        "provider_7": {
            "name": "aws",
            "estimated_latency": [
                8.524441805918126,
                4.653683979669107,
                3.365289741401146,
                8.249993265253167,
                8.057946865836854,
                2.8643161766295404,
                0.8611814159764436,
                0.0,
                6.354172833916055,
                1.8540526898599323,
                7.007155585110039,
                9.219665648124385,
                4.861970197948416,
                0.4314949132751601
            ],
            "leave": false,
            "pricing_Storage_Transfer": 0,
            "max_RAM_curr": 3.4947387720722376,
            "pricing_RAM": 5,
            "pricing_data_sent": 0.01,
            "pricing_StartRequest": 4e-07
        },
        "provider_8": {
            "name": "aws",
            "estimated_latency": [
                5.657628226307981,
                5.13604998346689,
                7.25237164280673,
                3.203920266721152,
                8.392822948869986,
                3.810025260612487,
                3.217208789880093,
                6.354172833916055,
                0.0,
                1.0047290395545019,
                7.288596773153757,
                0.4851545006353186,
                5.39147803935617,
                3.871522457466753
            ],
            "leave": false,
            "pricing_Storage_Transfer": 0,
            "max_RAM_curr": 0.8776103112881737,
            "pricing_RAM": 5,
            "pricing_data_sent": 0.01,
            "pricing_StartRequest": 4e-07
        },
        "provider_9": {
            "name": "aws",