{
    "name": "cloud_2_921",
    "num_nodes": 11,
    "num_leaves": 1,
    "providers": {
        "provider_0": {
            "name": "aws",
            "leave": true,
            "estimated_latency": [
                0.0,
                0.9755507841535366,
                9.04848301148002,
                3.6790247186426837,
                9.283613930079138,
                2.2658166677810176,
                7.646619139144742,
                4.109022665192251,
                4.827009192937185,
                6.3607291533312615,
                2.4440248716750954
            ],
            "pricing_Storage_Transfer": 0,
            "max_RAM_curr": 3.6713369743993263,
            "pricing_RAM": 5,
            "pricing_data_sent": 0.01,
            "pricing_StartRequest": 4e-07
        },
        "provider_1": {
            "name": "aws",
            "estimated_latency": [
                0.9755507841535366,
                0.0,
                1.021029879705412,
                8.12959290319529,
                8.893821249395401,
                4.3926279318020995,
                0.46134674076767446,
                9.39151835268026,
                2.7577308488016583,
                7.49021021628464,
                2.871045535877342
            ],
            "leave": false,
            "pricing_Storage_Transfer": 0,
            "max_RAM_curr": 11.561915787336652,
            "pricing_RAM": 5,
            "pricing_data_sent": 0.01,
            "pricing_StartRequest": 4e-07
        },
        "provider_2": {
            "name": "aws",
            "estimated_latency": [
                9.04848301148002,
                1.021029879705412,
                0.0,
                4.976897720908233,
                4.513873575821622,
                7.688043827199284,
                6.214056349705846,
                3.0972888625108372,
                2.402257534452821,
                4.612574232165031,
                5.006445327397595
            ],
            "leave": false,
            "pricing_Storage_Transfer": 0,
            "max_RAM_curr": 3.4612714709748476,
            "pricing_RAM": 5,
            "pricing_data_sent": 0.01,
            "pricing_StartRequest": 4e-07
        },
        "provider_3": {
            "name": "aws",
            "estimated_latency": [
                3.6790247186426837,
                8.12959290319529,
                4.976897720908233,
                0.0,
                4.576642985881421,
                5.96039653648997,
                6.136273303145018,
                1.40015121960611,
                0.5416410234444975,
                8.253715986175283,
                7.627129931625075
            ],
            "leave": false,
            "pricing_Storage_Transfer": 0,
            "max_RAM_curr": 16.77741181884836,
            "pricing_RAM": 5,
            "pricing_data_sent": 0.01,
            "pricing_StartRequest": 4e-07
        },
        "provider_4": {
            "name": "aws",
            "estimated_latency": [
                9.283613930079138,
                8.893821249395401,
                4.513873575821622,
                4.576642985881421,
                0.0,
                1.5453480562123232,
                5.666896695155271,
                1.256073931067314,
                8.634250731421673,
                5.632316834233074,
                0.7457986115706632
            ],
            "leave": false,
            "pricing_Storage_Transfer": 0,
            "max_RAM_curr": 4.06127099654499,
            "pricing_RAM": 5,
            "pricing_data_sent": 0.01,
            "pricing_StartRequest": 4e-07
        },
        "provider_5": {
            "name": "aws",
            "estimated_latency": [
                2.2658166677810176,
                4.3926279318020995,
                7.688043827199284,
                5.96039653648997,
                1.5453480562123232,
                0.0,
                6.72599715119884,
                9.538246515419974,
                7.170986011428481,
                6.909848839421229,
                2.9148315306462003
            ],
            "leave": false,
            "pricing_Storage_Transfer": 0,
            "max_RAM_curr": 7.929813798313174,
            "pricing_RAM": 5,
            "pricing_data_sent": 0.01,
            "pricing_StartRequest": 4e-07
        },
        "provider_6": {
            "name": "aws",
            "estimated_latency": [
                7.646619139144742,
                0.46134674076767446,
                6.214056349705846,
                6.136273303145018,
                5.666896695155271,
                6.72599715119884,
                0.0,
                0.21831004402660067,
                6.410316569217182,
                4.765863591723441,
                7.659318798383277
            ],
            "leave": false,
            "pricing_Storage_Transfer": 0,
            "max_RAM_curr": 6.697879657203829,
            "pricing_RAM": 5,
            "pricing_data_sent": 0.01,
            "pricing_StartRequest": 4e-07
        },
        "provider_7": {
            "name": "aws",
            "estimated_latency": [
                4.109022665192251,
                9.39151835268026,
                3.0972888625108372,
                1.40015121960611,
                1.256073931067314,
                9.538246515419974,
                0.21831004402660067,
                0.0,
                9.75002305021525,
                9.19234600433091,
                2.0393529270766795
            ],
            "leave": false,
            "pricing_Storage_Transfer": 0,
            "max_RAM_curr": 7.416944309774609,
            "pricing_RAM": 5,
            "pricing_data_sent": 0.01,
            "pricing_StartRequest": 4e-07
        },
        "provider_8": {
            "name": "aws",
            "estimated_latency": [
                4.827009192937185,
                2.7577308488016583,
                2.402257534452821,
                0.5416410234444975,
                8.634250731421673,
                7.170986011428481,
                6.410316569217182,
                9.75002305021525,
                0.0,
                0.9768586361165293,
                3.0268827437807837
            ],
            "leave": false,
            "pricing_Storage_Transfer": 0,
            "max_RAM_curr": 2.839473190918256,
            "pricing_RAM": 5,
            "pricing_data_sent": 0.01,
            "pricing_StartRequest": 4e-07
        },
        "provider_9": {
            "name": "aws",
            "estimated_latency": [
                6.3607291533312615,
                7.49021021628464,
                4.612574232165031,
                8.253715986175283,
                5.632316834233074,
                6.909848839421229,
                4.765863591723441,
                9.19234600433091,
                0.9768586361165293,
                0.0,
                8.421297072223853
            ],
            "leave": false,
            "pricing_Storage_Transfer": 0,
            "max_RAM_curr": 17.541634114930247,
            "pricing_RAM": 5,
            "pricing_data_sent": 0.01,
            "pricing_StartRequest": 4e-07
        },
        "provider_10": {
            "name": "aws",
            "estimated_latency": [
                2.4440248716750954,
                2.871045535877342,
                5.006445327397595,
                7.627129931625075,
                0.7457986115706632,
                2.9148315306462003,
                7.659318798383277,
                2.0393529270766795,
                3.0268827437807837,
                8.421297072223853,
                0.0
            ],
            "leave": false,
            "pricing_Storage_Transfer": 0,
            "max_RAM_curr": 4.147531842259649,
            "pricing_RAM": 5,
            "pricing_data_sent": 0.01,
            "pricing_StartRequest": 4e-07
        }
    }
}