{
    "name": "cloud_2_367",
    "num_nodes": 8,
    "num_leaves": 1,
    "providers": {
        "provider_0": {
            "name": "aws",
            "leave": true,
            "estimated_latency": [
                0.0,
                4.210049046470385,
                6.130685729805604,
                0.16606433528905906,
                2.274450852604849,
                8.021579548472952,
                5.819110031538742,
                2.6193732329561223
            ],
            "pricing_Storage_Transfer": 0,
            "max_RAM_curr": 4.729282517436179,
            "pricing_RAM": 5,
            "pricing_data_sent": 0.01,
            "pricing_StartRequest": 4e-07
        },
        "provider_1": {
            "name": "aws",
            "estimated_latency": [
                4.210049046470385,
                0.0,
                5.895566920262837,
                1.4908969630602102,
                5.397181726061737,
                4.269429157749658,
                9.762828838537024,
                4.802559623363617
            ],
            "leave": false,
            "pricing_Storage_Transfer": 0,
            "max_RAM_curr": 4.28289952801517,
            "pricing_RAM": 5,
            "pricing_data_sent": 0.01,
            "pricing_StartRequest": 4e-07
        },
        "provider_2": {
            "name": "aws",
            "estimated_latency": [
                6.130685729805604,
                5.895566920262837,
                0.0,
                7.511713196935808,
                9.489288998810222,
                5.14983067735605,
                5.232104210296807,
                3.3061317421784087
            ],
            "leave": false,
            "pricing_Storage_Transfer": 0,
            "max_RAM_curr": 4.67932867748048,
            "pricing_RAM": 5,
            "pricing_data_sent": 0.01,
            "pricing_StartRequest": 4e-07
        },
        "provider_3": {
            "name": "aws",
            "estimated_latency": [
                0.16606433528905906,
                1.4908969630602102,
                7.511713196935808,
                0.0,
                8.691668708378483,
                6.6710580023152986,
                1.5655764492904873,
                3.4086222805926383
            ],
            "leave": false,
            "pricing_Storage_Transfer": 0,
            "max_RAM_curr": 3.516970449851653,
            "pricing_RAM": 5,
            "pricing_data_sent": 0.01,
            "pricing_StartRequest": 4e-07
        },
        "provider_4": {
            "name": "aws",
            "estimated_latency": [
                2.274450852604849,
                5.397181726061737,
                9.489288998810222,
                8.691668708378483,
                0.0,
                5.1531765932815725,
                9.12244775184587,
                6.199273561913737
            ],
            "leave": false,
            "pricing_Storage_Transfer": 0,
            "max_RAM_curr": 2.436731959071194,
            "pricing_RAM": 5,
            "pricing_data_sent": 0.01,
            "pricing_StartRequest": 4e-07
        },
        "provider_5": {
            "name": "aws",
            "estimated_latency": [
                8.021579548472952,
                4.269429157749658,
                5.14983067735605,
                6.6710580023152986,
                5.1531765932815725,
                0.0,
                5.916855562898787,
                2.419097875471029
            ],
            "leave": false,
            "pricing_Storage_Transfer": 0,
            "max_RAM_curr": 0.052475272227147964,
            "pricing_RAM": 5,
            "pricing_data_sent": 0.01,
            "pricing_StartRequest": 4e-07
        },
        "provider_6": {
            "name": "aws",
            "estimated_latency": [
                5.819110031538742,
                9.762828838537024,
                5.232104210296807,
                1.5655764492904873,
                9.12244775184587,
                5.916855562898787,
                0.0,
                3.278977217416699
            ],
            "leave": false,
            "pricing_Storage_Transfer": 0,
            "max_RAM_curr": 0.02452989297169906,
            "pricing_RAM": 5,
            "pricing_data_sent": 0.01,
            "pricing_StartRequest": 4e-07
        },
        "provider_7": {
            "name": "aws",
            "estimated_latency": [
                2.6193732329561223,
                4.802559623363617,
                3.3061317421784087,
                3.4086222805926383,
                6.199273561913737,
                2.419097875471029,
                3.278977217416699,
                0.0
            ],
            "leave": false,
            "pricing_Storage_Transfer": 0,
            "max_RAM_curr": 0.6244699063530322,
            "pricing_RAM": 5,
            "pricing_data_sent": 0.01,
            "pricing_StartRequest": 4e-07
        }
    }
}