{
    "name": "cloud_2_474",
    "num_nodes": 13,
    "num_leaves": 1,
    "providers": {
        "provider_0": {
            "name": "aws",
            "leave": true,
            "estimated_latency": [
                0.0,
                6.088935652278226,
                1.6186196305562002,
                0.37161128372129726,
                7.225449165883824,
                5.306355859672401,
                9.218043013024877,
                6.359818077288916,
                5.527647625236321,
                0.8645795903887263,
                9.741076284323716,
                3.5414564581166617,
                4.016848274634717
            ],
            "pricing_Storage_Transfer": 0,
            "max_RAM_curr": 0.8661290662874089,
            "pricing_RAM": 5,
            "pricing_data_sent": 0.01,
            "pricing_StartRequest": 4e-07
        },
        "provider_1": {
            "name": "aws",
            "estimated_latency": [
                6.088935652278226,
                0.0,
                3.510985362598446,
                1.3499053136936094,
                7.544666106608968,
                5.76221658240997,
                1.2685963864923713,
                7.6847769693271974,
                0.4833302434588762,
                4.99157385039179,
                4.7128855410723745,
                2.3414273713836744,
                6.1336460357922284
            ],
            "leave": false,
            "pricing_Storage_Transfer": 0,
            "max_RAM_curr": 0.04666177485142936,
            "pricing_RAM": 5,
            "pricing_data_sent": 0.01,
            "pricing_StartRequest": 4e-07
        },
        "provider_2": {
            "name": "aws",
            "estimated_latency": [
                1.6186196305562002,
                3.510985362598446,
                0.0,
                5.553247173301187,
                6.810203777081451,
                5.554531475089356,
                5.320981274074089,
                6.927669737804409,
                9.54999303582229,
                5.298503067194491,
                8.51455701581972,
                9.888026380490372,
                1.1235432380386279
            ],
            "leave": false,
            "pricing_Storage_Transfer": 0,
            "max_RAM_curr": 0.22444110473836304,
            "pricing_RAM": 5,
            "pricing_data_sent": 0.01,
            "pricing_StartRequest": 4e-07
        },
        "provider_3": {
            "name": "aws",
            "estimated_latency": [
                0.37161128372129726,
                1.3499053136936094,
                5.553247173301187,
                0.0,
                5.452140674957824,
                9.814478485488594,
                0.13699053335417005,
                4.314464499714835,
                5.617767971299296,
                6.351113412322162,
                6.276984578263224,
                9.052545504595072,
                6.2782462889233575
            ],
            "leave": false,
            "pricing_Storage_Transfer": 0,
            "max_RAM_curr": 0.00675696259111165,
            "pricing_RAM": 5,
            "pricing_data_sent": 0.01,
            "pricing_StartRequest": 4e-07
        },
        "provider_4": {
            "name": "aws",
            "estimated_latency": [
                7.225449165883824,
                7.544666106608968,
                6.810203777081451,
                5.452140674957824,
                0.0,
                7.61070940318124,
                9.18452557117485,
                7.509313628032218,
                1.1077812606717072,
                2.413021891020014,
                7.984855642620923,
                0.6129715873947411,
                1.7841336162972645
            ],
            "leave": false,
            "pricing_Storage_Transfer": 0,
            "max_RAM_curr": 0.04020068544924968,
            "pricing_RAM": 5,
            "pricing_data_sent": 0.01,
            "pricing_StartRequest": 4e-07
        },
        "provider_5": {
            "name": "aws",
            "estimated_latency": [
                5.306355859672401,
                5.76221658240997,
                5.554531475089356,
                9.814478485488594,
                7.61070940318124,
                0.0,
                1.0774945286871775,
                1.418092222373972,
                9.8102095641565,
                5.097193495696952,
                7.487685179656919,
                0.4603368948157549,
                0.3582241618671189
            ],
            "leave": false,
            "pricing_Storage_Transfer": 0,
            "max_RAM_curr": 0.5503917819915298,
            "pricing_RAM": 5,
            "pricing_data_sent": 0.01,
            "pricing_StartRequest": 4e-07
        },
        "provider_6": {
            "name": "aws",
            "estimated_latency": [
                9.218043013024877,
                1.2685963864923713,
                5.320981274074089,
                0.13699053335417005,
                9.18452557117485,
                1.0774945286871775,
                0.0,
                0.3784824580715097,
                9.692231714991625,
                3.5965407279202255,
                4.420862921089088,
                5.541672141002503,
                6.922899666240166
            ],
            "leave": false,
            "pricing_Storage_Transfer": 0,
            "max_RAM_curr": 1.4906269114345179,
            "pricing_RAM": 5,
            "pricing_data_sent": 0.01,
            "pricing_StartRequest": 4e-07
        },
        "provider_7": {
            "name": "aws",
            "estimated_latency": [
                6.359818077288916,
                7.6847769693271974,
                6.927669737804409,
                4.314464499714835,
                7.509313628032218,
                1.418092222373972,
                0.3784824580715097,
                0.0,
                7.006644096608923,
                5.238579458506861,
                1.378289926013128,
                0.9938010065044854,
                4.765894367320496
            ],
            "leave": false,
            "pricing_Storage_Transfer": 0,
            "max_RAM_curr": 0.6586502687844623,
            "pricing_RAM": 5,
            "pricing_data_sent": 0.01,
            "pricing_StartRequest": 4e-07
        },
        "provider_8": {
            "name": "aws",
            "estimated_latency": [
                5.527647625236321,
                0.4833302434588762,
                9.54999303582229,
                5.617767971299296,
                1.1077812606717072,
                9.8102095641565,
                9.692231714991625,
                7.006644096608923,
                0.0,
                1.6551475065368069,
                8.172127610405811,
                7.902063175309753,
                8.381131682037905
            ],
            "leave": false,
            "pricing_Storage_Transfer": 0,
            "max_RAM_curr": 0.532720973432905,
            "pricing_RAM": 5,
            "pricing_data_sent": 0.01,
            "pricing_StartRequest": 4e-07
        },
        "provider_9": {
            "name": "aws",
            "estimated_latency": [
                0.8645795903887263,
                4.99157385039179,
                5.298503067194491,
                6.351113412322162,
                2.413021891020014,
                5.097193495696952,
                3.5965407279202255,
                5.238579458506861,
                1.6551475065368069,
                0.0,
                9.640636141027827,
                9.884726146224422,
                5.015968517021197
            ],
            "leave": false,
            "pricing_Storage_Transfer": 0,
            "max_RAM_curr": 3.8853769715515805,
            "pricing_RAM": 5,
            "pricing_data_sent": 0.01,
            "pricing_StartRequest": 4e-07
        },
        "provider_10": {
            "name": "aws",