{
    "name": "cloud_2_795",
    "num_nodes": 15,
    "num_leaves": 1,
    "providers": {
        "provider_0": {
            "name": "aws",
            "leave": true,
            "estimated_latency": [
                0.0,
                5.857122824860467,
                9.7204094719524,
                5.795755195708419,
                8.704904969788796,
                1.8329968763298479,
                8.798436291489608,
                6.11330549239017,
                3.577071761782268,
                8.516602096378824,
                3.394868118905417,
                7.3068952581904325,
                5.572153445296827,
                3.881077599024002,
                3.7276626662004313
            ],
            "pricing_Storage_Transfer": 0,
            "max_RAM_curr": 1.9033230560488081,
            "pricing_RAM": 5,
            "pricing_data_sent": 0.01,
            "pricing_StartRequest": 4e-07
        },
        "provider_1": {
            "name": "aws",
            "estimated_latency": [
                5.857122824860467,
                0.0,
                3.802913996451849,
                4.64873081352859,
                4.482297079422992,
                2.9430165776667763,
                2.132580134159911,
                3.486599536859301,
                0.5802310603293679,
                9.714624414269691,
                3.865851023369849,
                2.3258342015058235,
                3.2576096442813363,
                7.2667324234144655,
                9.663086437453178
            ],
            "leave": false,
            "pricing_Storage_Transfer": 0,
            "max_RAM_curr": 8.552815829386727,
            "pricing_RAM": 5,
            "pricing_data_sent": 0.01,
            "pricing_StartRequest": 4e-07
        },
        "provider_2": {
            "name": "aws",
            "estimated_latency": [
                9.7204094719524,
                3.802913996451849,
                0.0,
                3.974251263953192,
                3.229853979316633,
                0.4094000226963339,
                8.247286442897495,
                0.29257768780604865,
                6.596550629128568,
                8.242958819133602,
                3.2967446308796355,
                7.520047815369443,
                8.508110924069484,
                1.6782815096191344,
                7.106246449844768
            ],
            "leave": false,
            "pricing_Storage_Transfer": 0,
            "max_RAM_curr": 5.877758334956152,
            "pricing_RAM": 5,
            "pricing_data_sent": 0.01,
            "pricing_StartRequest": 4e-07
        },
        "provider_3": {
            "name": "aws",
            "estimated_latency": [
                5.795755195708419,
                4.64873081352859,
                3.974251263953192,
                0.0,
                7.250052555928077,
                7.192635735726003,
                6.83734648634039,
                4.313189491743912,
                1.2660308495145582,
                6.597751217097781,
                4.131918009795036,
                6.513957484043402,
                4.77364939089112,
                1.5574341974189354,
                5.891896690540324
            ],
            "leave": false,
            "pricing_Storage_Transfer": 0,
            "max_RAM_curr": 1.5924094497089294,
            "pricing_RAM": 5,
            "pricing_data_sent": 0.01,
            "pricing_StartRequest": 4e-07
        },
        "provider_4": {
            "name": "aws",
            "estimated_latency": [
                8.704904969788796,
                4.482297079422992,
                3.229853979316633,
                7.250052555928077,
                0.0,
                2.853475878924788,
                6.762510193718963,
                7.2356547662333375,
                8.884894993394795,
                3.1210151861228614,
                5.267226691710617,
                7.40271905733983,
                9.47582206317367,
                3.8779577752984236,
                2.6300939796235747
            ],
            "leave": false,
            "pricing_Storage_Transfer": 0,
            "max_RAM_curr": 0.2533754712697457,
            "pricing_RAM": 5,
            "pricing_data_sent": 0.01,
            "pricing_StartRequest": 4e-07
        },
        "provider_5": {
            "name": "aws",
            "estimated_latency": [
                1.8329968763298479,
                2.9430165776667763,
                0.4094000226963339,
                7.192635735726003,
                2.853475878924788,
                0.0,
                6.643198161060764,
                0.6141259399532032,
                3.583860561377436,
                3.2749812551138295,
                2.4146182706308057,
                2.4719646635278503,
                1.8621154437886864,
                6.20660409674209,
                1.7784580536464032
            ],
            "leave": false,
            "pricing_Storage_Transfer": 0,
            "max_RAM_curr": 5.515864243190998,
            "pricing_RAM": 5,
            "pricing_data_sent": 0.01,
            "pricing_StartRequest": 4e-07
        },
        "provider_6": {
            "name": "aws",
            "estimated_latency": [
                8.798436291489608,
                2.132580134159911,
                8.247286442897495,
                6.83734648634039,
                6.762510193718963,
                6.643198161060764,
                0.0,
                2.79306285354766,
                4.2603034860691125,
                8.20023660548131,
                4.756984718917594,
                8.15500310084696,
                4.884849914114824,
                2.6596731063276295,
                2.9482906070717667
            ],
            "leave": false,
            "pricing_Storage_Transfer": 0,
            "max_RAM_curr": 0.49270498202345986,
            "pricing_RAM": 5,
            "pricing_data_sent": 0.01,
            "pricing_StartRequest": 4e-07
        },
        "provider_7": {
            "name": "aws",
            "estimated_latency": [
                6.11330549239017,
                3.486599536859301,
                0.29257768780604865,
                4.313189491743912,
                7.2356547662333375,
                0.6141259399532032,
                2.79306285354766,
                0.0,
                9.708040591022964,
                9.312350539976682,
                5.679004524824585,
                5.95621310767485,
                5.546718074279246,
                1.5503022061568894,
                1.0029213558546892
            ],
            "leave": false,
            "pricing_Storage_Transfer": 0,
            "max_RAM_curr": 25.900241838850516,
            "pricing_RAM": 5,
            "pricing_data_sent": 0.01,
            "pricing_StartRequest": 4e-07
        },
        "provider_8": {
            "name": "aws",
            "estimated_latency": [
                3.577071761782268,
                0.5802310603293679,
                6.596550629128568,
                1.2660308495145582,
                8.884894993394795,
                3.583860561377436,
                4.2603034860691125,
                9.708040591022964,
                0.0,
                0.9318164724585564,
                2.1332535196027753,
                2.072859364278743,
                3.4150464791015764,
                1.9283444249824755,
                5.0914612543097375
            ],
            "leave": false,
            "pricing_Storage_Transfer": 0,
            "max_RAM_curr": 0.07868764375783681,
            "pricing_RAM": 5,
            "pricing_data_sent": 0.01,
            "pricing_StartRequest": 4e-07
        },
        "provider_9": {
            "name": "aws",