{
    "name": "cloud_2_687",
    "num_nodes": 11,
    "num_leaves": 1,
    "providers": {
        "provider_0": {
            "name": "aws",
            "leave": true,
            "estimated_latency": [
                0.0,
                7.55657885363682,
                9.324134676582949,
                7.4226338269060905,
                9.935610269451082,
                9.938710049427076,
                0.6682321059590082,
                5.853674206098776,
                2.8258091643329313,
                9.308434713414824,
                3.7511270587745957
            ],
            "pricing_Storage_Transfer": 0,
            "max_RAM_curr": 6.165195262583794,
            "pricing_RAM": 5,
            "pricing_data_sent": 0.01,
            "pricing_StartRequest": 4e-07
        },
        "provider_1": {
            "name": "aws",
            "estimated_latency": [
                7.55657885363682,
                0.0,
                5.18637463012784,
                5.024490066587938,
                8.17034495515331,
                0.8707225789701724,
                3.9466288766428037,
                1.354477266823083,
                4.922961633577071,
                0.6997094094450823,
                2.6856003406060167
            ],
            "leave": false,
            "pricing_Storage_Transfer": 0,
            "max_RAM_curr": 15.474546714408662,
            "pricing_RAM": 5,
            "pricing_data_sent": 0.01,
            "pricing_StartRequest": 4e-07
        },
        "provider_2": {
            "name": "aws",
            "estimated_latency": [
                9.324134676582949,
                5.18637463012784,
                0.0,
                7.522025963553293,
                6.046421394213992,
                9.152192523391921,
                0.5219784598348696,
                3.8495327145263936,
                4.780811218550406,
                1.0739931847568105,
                4.621203942377206
            ],
            "leave": false,
            "pricing_Storage_Transfer": 0,
            "max_RAM_curr": 16.991341378165835,
            "pricing_RAM": 5,
            "pricing_data_sent": 0.01,
            "pricing_StartRequest": 4e-07
        },
        "provider_3": {
            "name": "aws",
            "estimated_latency": [
                7.4226338269060905,
                5.024490066587938,
                7.522025963553293,
                0.0,
                4.023376998587596,
                2.700587814862457,
                0.33482961881842,
                3.4304650485579584,
                8.778703069278958,
                0.30402916467284335,
                1.0197421950248948
            ],
            "leave": false,
            "pricing_Storage_Transfer": 0,
            "max_RAM_curr": 10.71621988924394,
            "pricing_RAM": 5,
            "pricing_data_sent": 0.01,
            "pricing_StartRequest": 4e-07
        },
        "provider_4": {
            "name": "aws",
            "estimated_latency": [
                9.935610269451082,
                8.17034495515331,
                6.046421394213992,
                4.023376998587596,
                0.0,
                4.834395851976704,
                6.144666903544046,
                1.61539790147803,
                8.66075958410215,
                3.4997328946315025,
                6.69610652559344
            ],
            "leave": false,
            "pricing_Storage_Transfer": 0,
            "max_RAM_curr": 1.050921319243617,
            "pricing_RAM": 5,
            "pricing_data_sent": 0.01,
            "pricing_StartRequest": 4e-07
        },
        "provider_5": {
            "name": "aws",
            "estimated_latency": [
                9.938710049427076,
                0.8707225789701724,
                9.152192523391921,
                2.700587814862457,
                4.834395851976704,
                0.0,
                6.757444199242363,
                6.452369991629862,
                0.128254551917297,
                7.211664438397271,
                4.841636430483595
            ],
            "leave": false,
            "pricing_Storage_Transfer": 0,
            "max_RAM_curr": 2.0516316578851748,
            "pricing_RAM": 5,
            "pricing_data_sent": 0.01,
            "pricing_StartRequest": 4e-07
        },
        "provider_6": {
            "name": "aws",
            "estimated_latency": [
                0.6682321059590082,
                3.9466288766428037,
                0.5219784598348696,
                0.33482961881842,
                6.144666903544046,
                6.757444199242363,
                0.0,
                9.95053252329276,
                4.5151818187992205,
                1.070813493242847,
                5.382360861222237
            ],
            "leave": false,
            "pricing_Storage_Transfer": 0,
            "max_RAM_curr": 6.001745329014338,
            "pricing_RAM": 5,
            "pricing_data_sent": 0.01,
            "pricing_StartRequest": 4e-07
        },
        "provider_7": {
            "name": "aws",
            "estimated_latency": [
                5.853674206098776,
                1.354477266823083,
                3.8495327145263936,
                3.4304650485579584,
                1.61539790147803,
                6.452369991629862,
                9.95053252329276,
                0.0,
                0.38530728293942795,
                9.480152324893483,
                6.958756911131953
            ],
            "leave": false,
            "pricing_Storage_Transfer": 0,
            "max_RAM_curr": 8.999331233700936,
            "pricing_RAM": 5,
            "pricing_data_sent": 0.01,
            "pricing_StartRequest": 4e-07
        },
        "provider_8": {
            "name": "aws",
            "estimated_latency": [
                2.8258091643329313,
                4.922961633577071,
                4.780811218550406,
                8.778703069278958,
                8.66075958410215,
                0.128254551917297,
                4.5151818187992205,
                0.38530728293942795,
                0.0,
                7.066808938662007,
                6.064090654973834
            ],
            "leave": false,
            "pricing_Storage_Transfer": 0,
            "max_RAM_curr": 19.102452524457828,
            "pricing_RAM": 5,
            "pricing_data_sent": 0.01,
            "pricing_StartRequest": 4e-07
        },
        "provider_9": {
            "name": "aws",
            "estimated_latency": [
                9.308434713414824,
                0.6997094094450823,
                1.0739931847568105,
                0.30402916467284335,
                3.4997328946315025,
                7.211664438397271,
                1.070813493242847,
                9.480152324893483,
                7.066808938662007,
                0.0,
                6.188321798958666
            ],
            "leave": false,
            "pricing_Storage_Transfer": 0,
            "max_RAM_curr": 1.4540206031484317,
            "pricing_RAM": 5,
            "pricing_data_sent": 0.01,
            "pricing_StartRequest": 4e-07
        },
        "provider_10": {
            "name": "aws",
            "estimated_latency": [
                3.7511270587745957,
                2.6856003406060167,
                4.621203942377206,
                1.0197421950248948,
                6.69610652559344,
                4.841636430483595,
                5.382360861222237,
                6.958756911131953,
                6.064090654973834,
                6.188321798958666,
                0.0
            ],
            "leave": false,
            "pricing_Storage_Transfer": 0,
            "max_RAM_curr": 57.8565519718312,
            "pricing_RAM": 5,
            "pricing_data_sent": 0.01,
            "pricing_StartRequest": 4e-07
        }
    }
}