{
    "name": "cloud_2_445",
    "num_nodes": 18,
    "num_leaves": 1,
    "providers": {
        "provider_0": {
            "name": "aws",
            "leave": true,
            "estimated_latency": [
                0.0,
                9.081934631565614,
                2.7176454758220503,
                0.2807405598497372,
                1.4679135823157061,
                6.8958692034254,
                7.3601041572272425,
                0.7128183534587111,
                7.382466044587752,
                9.047364896198115,
                0.6017407349943406,
                5.7066450240883215,
                4.154656749015067,
                0.6533755810655807,
                0.5768241129266647,
                9.848330648667014,
                8.890281574492121,
                5.437567059812233
            ],
            "pricing_Storage_Transfer": 0,
            "max_RAM_curr": 8.624840678970136,
            "pricing_RAM": 5,
            "pricing_data_sent": 0.01,
            "pricing_StartRequest": 4e-07
        },
        "provider_1": {
            "name": "aws",
            "estimated_latency": [
                9.081934631565614,
                0.0,
                8.723573774707225,
                1.1909058393000422,
                2.5047462484885705,
                9.529108445780597,
                1.2064083749650343,
                4.824042420041962,
                0.6012474170797959,
                3.423623399871222,
                9.356923305366669,
                4.5288024308194,
                6.4823366396209625,
                3.1931998831948833,
                9.542833919426844,
                2.0411891843534016,
                9.206182539573547,
                6.750051249139708
            ],
            "leave": false,
            "pricing_Storage_Transfer": 0,
            "max_RAM_curr": 19.583771448346504,
            "pricing_RAM": 5,
            "pricing_data_sent": 0.01,
            "pricing_StartRequest": 4e-07
        },
        "provider_2": {
            "name": "aws",
            "estimated_latency": [
                2.7176454758220503,
                8.723573774707225,
                0.0,
                8.833547438280638,
                9.108216830057904,
                7.365801118668938,
                0.6545596553026812,
                2.6215837733073917,
                8.687539564549326,
                1.349002606299347,
                9.980926846335848,
                5.574023763055822,
                9.989132532729702,
                7.886428790808452,
                8.897668002899053,
                1.4934348714404384,
                9.964783243181374,
                2.693761353134378
            ],
            "leave": false,
            "pricing_Storage_Transfer": 0,
            "max_RAM_curr": 7.661429114037863,
            "pricing_RAM": 5,
            "pricing_data_sent": 0.01,
            "pricing_StartRequest": 4e-07
        },
        "provider_3": {
            "name": "aws",
            "estimated_latency": [
                0.2807405598497372,
                1.1909058393000422,
                8.833547438280638,
                0.0,
                4.7139670249393255,
                7.321336561059493,
                8.159829031133437,
                5.007780716284463,
                9.878999101546839,
                2.8993906964270155,
                3.559676005641662,
                9.064810647093456,
                2.8848963044957143,
                9.851922384746434,
                6.4369584143214285,
                8.027362126184808,
                0.4244375156384169,
                7.974763544230178
            ],
            "leave": false,
            "pricing_Storage_Transfer": 0,
            "max_RAM_curr": 0.24370734163538021,
            "pricing_RAM": 5,
            "pricing_data_sent": 0.01,
            "pricing_StartRequest": 4e-07
        },
        "provider_4": {
            "name": "aws",
            "estimated_latency": [
                1.4679135823157061,
                2.5047462484885705,
                9.108216830057904,
                4.7139670249393255,
                0.0,
                5.577488786792984,
                7.249936658147296,
                3.83678132517105,
                7.0600742534654755,
                5.048935889047468,
                9.975801906876828,
                2.664267085203222,
                1.2466330148582878,
                4.741663957487494,
                4.797989493638153,
                0.3331883763513366,
                5.297038909851914,
                2.64779896928823
            ],
            "leave": false,
            "pricing_Storage_Transfer": 0,
            "max_RAM_curr": 2.325482688401337,
            "pricing_RAM": 5,
            "pricing_data_sent": 0.01,
            "pricing_StartRequest": 4e-07
        },
        "provider_5": {
            "name": "aws",
            "estimated_latency": [
                6.8958692034254,
                9.529108445780597,
                7.365801118668938,
                7.321336561059493,
                5.577488786792984,
                0.0,
                2.808479286362012,
                1.2046538451658224,
                9.587188433295571,
                0.8547379411704676,
                6.660082053902762,
                7.937804025738652,
                2.8365264171999423,
                8.68736645840025,
                1.8566121351876121,
                8.424650425318246,
                9.51942388897889,
                3.140073882045878
            ],
            "leave": false,
            "pricing_Storage_Transfer": 0,
            "max_RAM_curr": 10.909516127538081,
            "pricing_RAM": 5,
            "pricing_data_sent": 0.01,
            "pricing_StartRequest": 4e-07
        },
        "provider_6": {
            "name": "aws",
            "estimated_latency": [
                7.3601041572272425,
                1.2064083749650343,
                0.6545596553026812,
                8.159829031133437,
                7.249936658147296,
                2.808479286362012,
                0.0,
                4.054110787030932,
                5.531166266016153,
                9.038167626130228,
                1.729744563050856,
                1.9532668333987702,
                0.3691341701899278,
                4.009597025786979,
                5.642081699017523,
                7.853148261912192,
                5.380942712908285,
                0.947735819212973
            ],
            "leave": false,
            "pricing_Storage_Transfer": 0,
            "max_RAM_curr": 15.37045420566667,
            "pricing_RAM": 5,
            "pricing_data_sent": 0.01,
            "pricing_StartRequest": 4e-07
        },
        "provider_7": {
            "name": "aws",
            "estimated_latency": [
                0.7128183534587111,
                4.824042420041962,
                2.6215837733073917,
                5.007780716284463,
                3.83678132517105,
                1.2046538451658224,
                4.054110787030932,
                0.0,
                3.833323079786524,
                4.271295107330925,
                8.680164328731971,
                2.8377231669510263,
                8.216953929635658,
                9.281993732265308,
                8.574349702965792,
                1.280609894247663,
                6.975021581615399,
                9.706293327213622
            ],
            "leave": false,
            "pricing_Storage_Transfer": 0,
            "max_RAM_curr": 1.2576170040804306,
            "pricing_RAM": 5,
            "pricing_data_sent": 0.01,
            "pricing_StartRequest": 4e-07
        },
        "provider_8": {
            "name": "aws",