{
    "name": "cloud_2_281",
    "num_nodes": 17,
    "num_leaves": 1,
    "providers": {
        "provider_0": {
            "name": "aws",
            "leave": true,
            "estimated_latency": [
                0.0,
                3.2967764324209545,
                3.844756532728754,
                7.4374023678660475,
                0.10594720611831451,
                9.261573664371117,
                3.2294859803421683,
                6.1967164051328245,
                1.3029807687815766,
                6.6260771490754715,
                2.0862525909324665,
                5.470310028583177,
                7.072688605838764,
                3.0962321761240936,
                6.563863256446156,
                2.259215758328519,
                3.2511709699064615
            ],
            "pricing_Storage_Transfer": 0,
            "max_RAM_curr": 27.31100712687044,
            "pricing_RAM": 5,
            "pricing_data_sent": 0.01,
            "pricing_StartRequest": 4e-07
        },
        "provider_1": {
            "name": "aws",
            "estimated_latency": [
                3.2967764324209545,
                0.0,
                5.350043230508542,
                9.791291642747701,
                4.914001926832055,
                5.74426266776209,
                8.162768161231902,
                3.35122231875178,
                8.494909629982038,
                0.14256076838462228,
                1.7264832545153426,
                4.7766331092692,
                0.25683945314498174,
                5.7399890761004695,
                7.486342988508466,
                0.5404862908857523,
                3.1919728746196934
            ],
            "leave": false,
            "pricing_Storage_Transfer": 0,
            "max_RAM_curr": 67.03354070231902,
            "pricing_RAM": 5,
            "pricing_data_sent": 0.01,
            "pricing_StartRequest": 4e-07
        },
        "provider_2": {
            "name": "aws",
            "estimated_latency": [
                3.844756532728754,
                5.350043230508542,
                0.0,
                9.717479830307175,
                6.116047459103667,
                7.815046527386776,
                0.6829872598583621,
                5.6611174484074835,
                2.0387572483117333,
                4.958958716071873,
                9.71467094939091,
                6.6833274274385,
                3.1467485970964235,
                2.22076893029313,
                3.822450354162319,
                5.83960132178605,
                7.882899049287739
            ],
            "leave": false,
            "pricing_Storage_Transfer": 0,
            "max_RAM_curr": 56.332622337048306,
            "pricing_RAM": 5,
            "pricing_data_sent": 0.01,
            "pricing_StartRequest": 4e-07
        },
        "provider_3": {
            "name": "aws",
            "estimated_latency": [
                7.4374023678660475,
                9.791291642747701,
                9.717479830307175,
                0.0,
                9.19796466135795,
                6.230512573493525,
                5.991473365769292,
                0.8125069079270464,
                9.411575710096809,
                0.6535466293087806,
                7.432002044488175,
                8.56305944215586,
                3.3452252914975436,
                9.468890278394404,
                1.2425660450721294,
                8.367979646981563,
                5.4204591510638185
            ],
            "leave": false,
            "pricing_Storage_Transfer": 0,
            "max_RAM_curr": 89.32724666447521,
            "pricing_RAM": 5,
            "pricing_data_sent": 0.01,
            "pricing_StartRequest": 4e-07
        },
        "provider_4": {
            "name": "aws",
            "estimated_latency": [
                0.10594720611831451,
                4.914001926832055,
                6.116047459103667,
                9.19796466135795,
                0.0,
                8.068131985046273,
                4.743903905351698,
                9.560985088508582,
                4.982887601595478,
                1.0813152763845977,
                9.722806173510323,
                8.826343093394089,
                7.656302752533434,
                8.34148240100416,
                8.554552711104918,
                0.6015751989549383,
                6.732258811073428
            ],
            "leave": false,
            "pricing_Storage_Transfer": 0,
            "max_RAM_curr": 102.9965997239276,
            "pricing_RAM": 5,
            "pricing_data_sent": 0.01,
            "pricing_StartRequest": 4e-07
        },
        "provider_5": {
            "name": "aws",
            "estimated_latency": [
                9.261573664371117,
                5.74426266776209,
                7.815046527386776,
                6.230512573493525,
                8.068131985046273,
                0.0,
                1.8146476871523722,
                1.4029871482604592,
                2.7358092613565184,
                8.374460117496135,
                6.400755782023153,
                4.861178755324324,
                9.249789587998162,
                8.326677743299634,
                4.022446064970484,
                1.1785600604689903,
                2.1004001144651556
            ],
            "leave": false,
            "pricing_Storage_Transfer": 0,
            "max_RAM_curr": 52.91426168908216,
            "pricing_RAM": 5,
            "pricing_data_sent": 0.01,
            "pricing_StartRequest": 4e-07
        },
        "provider_6": {
            "name": "aws",
            "estimated_latency": [
                3.2294859803421683,
                8.162768161231902,
                0.6829872598583621,
                5.991473365769292,
                4.743903905351698,
                1.8146476871523722,
                0.0,
                2.8477322956225457,
                9.755833017869001,
                5.665734501114658,
                1.283495255761015,
                7.714012431315669,
                3.5385836140451974,
                9.417434678888991,
                4.020645116988783,
                5.789416164609162,
                1.239656857566477
            ],
            "leave": false,
            "pricing_Storage_Transfer": 0,
            "max_RAM_curr": 94.83446452084883,
            "pricing_RAM": 5,
            "pricing_data_sent": 0.01,
            "pricing_StartRequest": 4e-07
        },
        "provider_7": {
            "name": "aws",
            "estimated_latency": [
                6.1967164051328245,
                3.35122231875178,
                5.6611174484074835,
                0.8125069079270464,
                9.560985088508582,
                1.4029871482604592,
                2.8477322956225457,
                0.0,
                6.193395511440493,
                0.5142158155977059,
                5.6720671234131474,
                6.655343225472426,
                7.837573555396472,
                5.628398527698725,
                9.264499963066674,
                0.7955660954376645,
                7.095488902565737
            ],
            "leave": false,
            "pricing_Storage_Transfer": 0,
            "max_RAM_curr": 121.56509198509906,
            "pricing_RAM": 5,
            "pricing_data_sent": 0.01,
            "pricing_StartRequest": 4e-07
        },
        "provider_8": {
            "name": "aws",