{
    "name": "cloud_2_694",
    "num_nodes": 15,
    "num_leaves": 1,
    "providers": {
        "provider_0": {
            "name": "aws",
            "leave": true,
            "estimated_latency": [
                0.0,
                5.203708819976331,
                8.53159482927835,
                0.14574366516142687,
                6.889317674114368,
                7.370227933762755,
                1.5880050980137947,
                6.162448108135242,
                8.691960649242533,
                9.985489709286446,
                9.42097375968585,
                3.1169877217592976,
                6.370961199310772,
                7.175990276668744,
                9.556906620861485
            ],
            "pricing_Storage_Transfer": 0,
            "max_RAM_curr": 2.732087886052162,
            "pricing_RAM": 5,
            "pricing_data_sent": 0.01,
            "pricing_StartRequest": 4e-07
        },
        "provider_1": {
            "name": "aws",
            "estimated_latency": [
                5.203708819976331,
                0.0,
                5.349017511120578,
                0.3358944093639772,
                3.5929427715001685,
                5.501637335122338,
                9.732017069562028,
                5.599068815859785,
                4.924072173641231,
                0.46365321335730736,
                9.687225433563414,
                8.38707999789192,
                6.290749380566229,
                1.8441120840939011,
                0.9843557142031886
            ],
            "leave": false,
            "pricing_Storage_Transfer": 0,
            "max_RAM_curr": 24.574361498314246,
            "pricing_RAM": 5,
            "pricing_data_sent": 0.01,
            "pricing_StartRequest": 4e-07
        },
        "provider_2": {
            "name": "aws",
            "estimated_latency": [
                8.53159482927835,
                5.349017511120578,
                0.0,
                9.381051642351915,
                0.6490070826969747,
                9.02042261026699,
                3.775701768509036,
                1.1378030814145224,
                4.9412675091553195,
                0.44549491072975145,
                9.112135592611867,
                9.703636038336086,
                0.5700969266139253,
                1.008542333434174,
                3.7414114407589993
            ],
            "leave": false,
            "pricing_Storage_Transfer": 0,
            "max_RAM_curr": 49.95266984617733,
            "pricing_RAM": 5,
            "pricing_data_sent": 0.01,
            "pricing_StartRequest": 4e-07
        },
        "provider_3": {
            "name": "aws",
            "estimated_latency": [
                0.14574366516142687,
                0.3358944093639772,
                9.381051642351915,
                0.0,
                8.634516284361476,
                8.653195739566788,
                9.537290630937912,
                4.485629368577097,
                1.675190972378393,
                0.1240597055020709,
                6.029473522629903,
                8.446925701468874,
                5.662611263017704,
                4.2505416777196565,
                8.833895605589705
            ],
            "leave": false,
            "pricing_Storage_Transfer": 0,
            "max_RAM_curr": 10.328463589623405,
            "pricing_RAM": 5,
            "pricing_data_sent": 0.01,
            "pricing_StartRequest": 4e-07
        },
        "provider_4": {
            "name": "aws",
            "estimated_latency": [
                6.889317674114368,
                3.5929427715001685,
                0.6490070826969747,
                8.634516284361476,
                0.0,
                4.949429317723669,
                6.114346150221189,
                1.7608149210919477,
                4.4407709627072265,
                6.944299666573431,
                0.1471085542086027,
                8.096203574809358,
                2.0976103773485915,
                0.8509732115448275,
                9.878751104883916
            ],
            "leave": false,
            "pricing_Storage_Transfer": 0,
            "max_RAM_curr": 43.92481387642282,
            "pricing_RAM": 5,
            "pricing_data_sent": 0.01,
            "pricing_StartRequest": 4e-07
        },
        "provider_5": {
            "name": "aws",
            "estimated_latency": [
                7.370227933762755,
                5.501637335122338,
                9.02042261026699,
                8.653195739566788,
                4.949429317723669,
                0.0,
                7.554663735777718,
                9.87837264545987,
                4.818008686635004,
                2.4936944948882136,
                1.8991929255555815,
                5.579267098152025,
                4.054022041480396,
                4.906793106661348,
                7.064236995960045
            ],
            "leave": false,
            "pricing_Storage_Transfer": 0,
            "max_RAM_curr": 21.467191297755804,
            "pricing_RAM": 5,
            "pricing_data_sent": 0.01,
            "pricing_StartRequest": 4e-07
        },
        "provider_6": {
            "name": "aws",
            "estimated_latency": [
                1.5880050980137947,
                9.732017069562028,
                3.775701768509036,
                9.537290630937912,
                6.114346150221189,
                7.554663735777718,
                0.0,
                0.3284161646253244,
                4.608802818825917,
                8.437735981835909,
                2.22573534216022,
                9.884461511842149,
                9.141333881886004,
                3.3185093110850294,
                2.963259662141765
            ],
            "leave": false,
            "pricing_Storage_Transfer": 0,
            "max_RAM_curr": 6.494947994010653,
            "pricing_RAM": 5,
            "pricing_data_sent": 0.01,
            "pricing_StartRequest": 4e-07
        },
        "provider_7": {
            "name": "aws",
            "estimated_latency": [
                6.162448108135242,
                5.599068815859785,
                1.1378030814145224,
                4.485629368577097,
                1.7608149210919477,
                9.87837264545987,
                0.3284161646253244,
                0.0,
                2.427514294606102,
                5.24060422441326,
                4.754715980305498,
                2.3424733244736866,
                5.112433860025341,
                5.122694075768696,
                9.497842881568216
            ],
            "leave": false,
            "pricing_Storage_Transfer": 0,
            "max_RAM_curr": 3.1288607363728986,
            "pricing_RAM": 5,
            "pricing_data_sent": 0.01,
            "pricing_StartRequest": 4e-07
        },
        "provider_8": {
            "name": "aws",
            "estimated_latency": [
                8.691960649242533,
                4.924072173641231,
                4.9412675091553195,
                1.675190972378393,
                4.4407709627072265,
                4.818008686635004,
                4.608802818825917,
                2.427514294606102,
                0.0,
                2.118216223613388,
                2.399828494388273,
                7.848592785580268,
                4.546832980515447,
                6.49040074775645,
                6.179689424395517
            ],
            "leave": false,
            "pricing_Storage_Transfer": 0,
            "max_RAM_curr": 10.431338702581836,
            "pricing_RAM": 5,
            "pricing_data_sent": 0.01,
            "pricing_StartRequest": 4e-07
        },
        "provider_9": {
            "name": "aws",