{
    "name": "cloud_2_811",
    "num_nodes": 15,
    "num_leaves": 1,
    "providers": {
        "provider_0": {
            "name": "aws",
            "leave": true,
            "estimated_latency": [
                0.0,
                7.208813096565715,
                5.13602990046857,
                8.65198379686124,
                8.062977949672673,
                5.948595256823634,
                1.454792567474604,
                4.7831828319217635,
                0.927034234446752,
                3.961780563068067,
                7.218923860942937,
                2.596696064281427,
                5.6588020574088524,
                6.2353972995295415,
                6.807384668906997
            ],
            "pricing_Storage_Transfer": 0,
            "max_RAM_curr": 40.21258886100178,
            "pricing_RAM": 5,
            "pricing_data_sent": 0.01,
            "pricing_StartRequest": 4e-07
        },
        "provider_1": {
            "name": "aws",
            "estimated_latency": [
                7.208813096565715,
                0.0,
                2.091214246766323,
                8.944258688290095,
                5.419368989835335,
                7.1251636850874505,
                1.6505463427458933,
                8.458300766626806,
                1.3351584744143763,
                9.132888435472724,
                3.898833185557909,
                6.942590192166036,
                2.8859541401799693,
                2.1598539093526403,
                9.701305319252198
            ],
            "leave": false,
            "pricing_Storage_Transfer": 0,
            "max_RAM_curr": 4.380740089197795,
            "pricing_RAM": 5,
            "pricing_data_sent": 0.01,
            "pricing_StartRequest": 4e-07
        },
        "provider_2": {
            "name": "aws",
            "estimated_latency": [
                5.13602990046857,
                2.091214246766323,
                0.0,
                1.970999882091369,
                5.044991700516639,
                7.794020878206477,
                0.6171157472795943,
                4.318055538273618,
                0.34680228922763123,
                4.345270798700423,
                6.6348408704934245,
                3.076678974058426,
                8.032336635459048,
                5.659586725376479,
                7.1980931636739
            ],
            "leave": false,
            "pricing_Storage_Transfer": 0,
            "max_RAM_curr": 56.20466152931506,
            "pricing_RAM": 5,
            "pricing_data_sent": 0.01,
            "pricing_StartRequest": 4e-07
        },
        "provider_3": {
            "name": "aws",
            "estimated_latency": [
                8.65198379686124,
                8.944258688290095,
                1.970999882091369,
                0.0,
                0.5151980453038666,
                8.469117009307364,
                1.7867248243171454,
                2.915872468896758,
                5.82550159900689,
                5.733959191179689,
                6.2987698477795755,
                4.045631122517854,
                2.867629120555183,
                0.5068004952272807,
                8.642197971663723
            ],
            "leave": false,
            "pricing_Storage_Transfer": 0,
            "max_RAM_curr": 1.4175175510438334,
            "pricing_RAM": 5,
            "pricing_data_sent": 0.01,
            "pricing_StartRequest": 4e-07
        },
        "provider_4": {
            "name": "aws",
            "estimated_latency": [
                8.062977949672673,
                5.419368989835335,
                5.044991700516639,
                0.5151980453038666,
                0.0,
                1.5566646735569396,
                9.775801353864825,
                9.085345929784044,
                5.15922756211445,
                5.121654326780474,
                6.005510778662881,
                8.572595820014978,
                6.573327952802664,
                3.657980029488926,
                7.811268083109402
            ],
            "leave": false,
            "pricing_Storage_Transfer": 0,
            "max_RAM_curr": 13.263674737554556,
            "pricing_RAM": 5,
            "pricing_data_sent": 0.01,
            "pricing_StartRequest": 4e-07
        },
        "provider_5": {
            "name": "aws",
            "estimated_latency": [
                5.948595256823634,
                7.1251636850874505,
                7.794020878206477,
                8.469117009307364,
                1.5566646735569396,
                0.0,
                7.700391971805164,
                1.401570778439215,
                5.502264386488816,
                5.810012481167002,
                9.493045808611472,
                1.880803633770066,
                2.1590421507664597,
                3.219517371844423,
                3.5940801844916335
            ],
            "leave": false,
            "pricing_Storage_Transfer": 0,
            "max_RAM_curr": 35.633026419314994,
            "pricing_RAM": 5,
            "pricing_data_sent": 0.01,
            "pricing_StartRequest": 4e-07
        },
        "provider_6": {
            "name": "aws",
            "estimated_latency": [
                1.454792567474604,
                1.6505463427458933,
                0.6171157472795943,
                1.7867248243171454,
                9.775801353864825,
                7.700391971805164,
                0.0,
                7.638264039213351,
                9.038012271024733,
                6.8480350219689665,
                9.922048866476134,
                3.235068143097658,
                7.2437388246631995,
                9.676448904675485,
                4.547080017541585
            ],
            "leave": false,
            "pricing_Storage_Transfer": 0,
            "max_RAM_curr": 19.730921169476684,
            "pricing_RAM": 5,
            "pricing_data_sent": 0.01,
            "pricing_StartRequest": 4e-07
        },
        "provider_7": {
            "name": "aws",
            "estimated_latency": [
                4.7831828319217635,
                8.458300766626806,
                4.318055538273618,
                2.915872468896758,
                9.085345929784044,
                1.401570778439215,
                7.638264039213351,
                0.0,
                1.4533310762456908,
                7.146587705145222,
                0.9029537932198924,
                8.519721402880561,
                4.5586916571792955,
                1.6172828599833458,
                5.331886766916189
            ],
            "leave": false,
            "pricing_Storage_Transfer": 0,
            "max_RAM_curr": 1.3586593543952976,
            "pricing_RAM": 5,
            "pricing_data_sent": 0.01,
            "pricing_StartRequest": 4e-07
        },
        "provider_8": {
            "name": "aws",
            "estimated_latency": [
                0.927034234446752,
                1.3351584744143763,
                0.34680228922763123,
                5.82550159900689,
                5.15922756211445,
                5.502264386488816,
                9.038012271024733,
                1.4533310762456908,
                0.0,
                0.7364311995790267,
                9.288640967253626,
                3.8804385265248564,
                8.858945690955348,
                5.284263195043412,
                6.330709864488619
            ],
            "leave": false,
            "pricing_Storage_Transfer": 0,
            "max_RAM_curr": 3.802505238619975,
            "pricing_RAM": 5,
            "pricing_data_sent": 0.01,
            "pricing_StartRequest": 4e-07
        },
        "provider_9": {
            "name": "aws",