{
    "name": "cloud_2_713",
    "num_nodes": 13,
    "num_leaves": 1,
    "providers": {
        "provider_0": {
            "name": "aws",
            "leave": true,
            "estimated_latency": [
                0.0,
                2.6698846061608412,
                6.09398723304407,
                2.9002492466231686,
                3.5616646916408667,
                0.4664975129934221,
                1.882652433882696,
                9.628134268851674,
                7.7261768908266015,
                4.196203269575561,
                7.421967782368643,
                9.471170714954562,
                3.7754678841562193
            ],
            "pricing_Storage_Transfer": 0,
            "max_RAM_curr": 2.5355333702139697,
            "pricing_RAM": 5,
            "pricing_data_sent": 0.01,
            "pricing_StartRequest": 4e-07,
            "max_ram_curr": 2.5355333702139697
        },
        "provider_1": {
            "name": "aws",
            "estimated_latency": [
                2.6698846061608412,
                0.0,
                7.669983058929545,
                1.9851098637446214,
                9.013162994042698,
                5.896694815504825,
                6.3585246324047064,
                3.388300561700297,
                1.324395261349389,
                8.437276438072686,
                2.304063202742594,
                0.8931416360479033,
                2.6113705464219565
            ],
            "leave": false,
            "pricing_Storage_Transfer": 0,
            "max_RAM_curr": 10.277542181486748,
            "pricing_RAM": 5,
            "pricing_data_sent": 0.01,
            "pricing_StartRequest": 4e-07,
            "max_ram_curr": 10.277542181486748
        },
        "provider_2": {
            "name": "aws",
            "estimated_latency": [
                6.09398723304407,
                7.669983058929545,
                0.0,
                7.076523997455593,
                0.26277902491510396,
                5.132021681897772,
                9.694832850732059,
                1.1689665032952257,
                5.60979638395786,
                1.849119345256294,
                3.216635811269625,
                9.535282743066844,
                7.2632098587427105
            ],
            "leave": false,
            "pricing_Storage_Transfer": 0,
            "max_RAM_curr": 2.5488497701248316,
            "pricing_RAM": 5,
            "pricing_data_sent": 0.01,
            "pricing_StartRequest": 4e-07,
            "max_ram_curr": 2.5488497701248316
        },
        "provider_3": {
            "name": "aws",
            "estimated_latency": [
                2.9002492466231686,
                1.9851098637446214,
                7.076523997455593,
                0.0,
                2.9954535815741843,
                5.705516553582609,
                8.420717083072416,
                4.793649460396848,
                1.8087242821748266,
                4.983113720228696,
                4.634209337561389,
                4.3964244220523065,
                0.8657111513102722
            ],
            "leave": false,
            "pricing_Storage_Transfer": 0,
            "max_RAM_curr": 0.2703572781287636,
            "pricing_RAM": 5,
            "pricing_data_sent": 0.01,
            "pricing_StartRequest": 4e-07,
            "max_ram_curr": 0.2703572781287636
        },
        "provider_4": {
            "name": "aws",
            "estimated_latency": [
                3.5616646916408667,
                9.013162994042698,
                0.26277902491510396,
                2.9954535815741843,
                0.0,
                8.805195283499623,
                4.511768195003828,
                4.1430844671793405,
                8.874953683475704,
                4.507830816138619,
                3.1707520248099246,
                0.9735924438546961,
                5.465281141105796
            ],
            "leave": false,
            "pricing_Storage_Transfer": 0,
            "max_RAM_curr": 5.165551288339765,
            "pricing_RAM": 5,
            "pricing_data_sent": 0.01,
            "pricing_StartRequest": 4e-07,
            "max_ram_curr": 5.165551288339765
        },
        "provider_5": {
            "name": "aws",
            "estimated_latency": [
                0.4664975129934221,
                5.896694815504825,
                5.132021681897772,
                5.705516553582609,
                8.805195283499623,
                0.0,
                2.3045074324697077,
                5.171285111722991,
                0.9074415645198404,
                4.863107947833092,
                1.8733943685410404,
                5.308789094467291,
                0.442635994884395
            ],
            "leave": false,
            "pricing_Storage_Transfer": 0,
            "max_RAM_curr": 0.20376564517379142,
            "pricing_RAM": 5,
            "pricing_data_sent": 0.01,
            "pricing_StartRequest": 4e-07,
            "max_ram_curr": 0.20376564517379142
        },
        "provider_6": {
            "name": "aws",
            "estimated_latency": [
                1.882652433882696,
                6.3585246324047064,
                9.694832850732059,
                8.420717083072416,
                4.511768195003828,
                2.3045074324697077,
                0.0,
                7.087694273773001,
                4.092033449262052,
                1.2008755389808687,
                0.5301828383197256,
                7.959494627283061,
                3.294205249348153
            ],
            "leave": false,
            "pricing_Storage_Transfer": 0,
            "max_RAM_curr": 1.4906380119495157,
            "pricing_RAM": 5,
            "pricing_data_sent": 0.01,
            "pricing_StartRequest": 4e-07,
            "max_ram_curr": 1.4906380119495157
        },
        "provider_7": {
            "name": "aws",
            "estimated_latency": [
                9.628134268851674,
                3.388300561700297,
                1.1689665032952257,
                4.793649460396848,
                4.1430844671793405,
                5.171285111722991,
                7.087694273773001,
                0.0,
                9.848311513256355,
                5.216295842227022,
                5.937183908602577,
                1.6511728382257986,
                9.056720751188053
            ],
            "leave": false,
            "pricing_Storage_Transfer": 0,
            "max_RAM_curr": 0.7617304647815674,
            "pricing_RAM": 5,
            "pricing_data_sent": 0.01,
            "pricing_StartRequest": 4e-07,
            "max_ram_curr": 0.7617304647815674
        },
        "provider_8": {
            "name": "aws",
            "estimated_latency": [
                7.7261768908266015,
                1.324395261349389,
                5.60979638395786,
                1.8087242821748266,
                8.874953683475704,
                0.9074415645198404,
                4.092033449262052,
                9.848311513256355,
                0.0,
                6.201406912651163,
                8.768871078390243,
                7.379447710796148,
                8.85188244994577
            ],
            "leave": false,
            "pricing_Storage_Transfer": 0,
            "max_RAM_curr": 4.219148771722172,
            "pricing_RAM": 5,
            "pricing_data_sent": 0.01,
            "pricing_StartRequest": 4e-07,
            "max_ram_curr": 4.219148771722172
        },
        "provider_9": {
            "name": "aws",