{
    "name": "cloud_2_548",
    "num_nodes": 11,
    "num_leaves": 1,
    "providers": {
        "provider_0": {
            "name": "aws",
            "leave": true,
            "estimated_latency": [
                0.0,
                0.8543915568518288,
                6.894271346769774,
                5.666268000918918,
                6.9421267574688805,
                5.337702018117575,
                9.151960819040182,
                6.902178974213994,
                5.618853084194652,
                6.078062750724009,
                1.332695972797423
            ],
            "pricing_Storage_Transfer": 0,
            "max_RAM_curr": 1.3629472978978223,
            "pricing_RAM": 5,
            "pricing_data_sent": 0.01,
            "pricing_StartRequest": 4e-07
        },
        "provider_1": {
            "name": "aws",
            "estimated_latency": [
                0.8543915568518288,
                0.0,
                1.8409090915439836,
                3.662003492619238,
                1.0850546926517561,
                3.6431915683398413,
                0.8255658509979988,
                2.6141983585152184,
                1.8196966060410023,
                5.471032099793969,
                4.138215728570719
            ],
            "leave": false,
            "pricing_Storage_Transfer": 0,
            "max_RAM_curr": 4.912350652513181,
            "pricing_RAM": 5,
            "pricing_data_sent": 0.01,
            "pricing_StartRequest": 4e-07
        },
        "provider_2": {
            "name": "aws",
            "estimated_latency": [
                6.894271346769774,
                1.8409090915439836,
                0.0,
                7.443216965345912,
                7.441860719071644,
                2.3125065633500164,
                3.890650487119328,
                9.811729767825101,
                9.733019814446179,
                1.4076042152918502,
                3.998660445125283
            ],
            "leave": false,
            "pricing_Storage_Transfer": 0,
            "max_RAM_curr": 9.729418390726165,
            "pricing_RAM": 5,
            "pricing_data_sent": 0.01,
            "pricing_StartRequest": 4e-07
        },
        "provider_3": {
            "name": "aws",
            "estimated_latency": [
                5.666268000918918,
                3.662003492619238,
                7.443216965345912,
                0.0,
                8.462180142479925,
                8.066710883249014,
                8.244822061049987,
                3.085102062749271,
                2.4868855567228922,
                9.391255140830188,
                8.187030491172301
            ],
            "leave": false,
            "pricing_Storage_Transfer": 0,
            "max_RAM_curr": 1.5921418327318235,
            "pricing_RAM": 5,
            "pricing_data_sent": 0.01,
            "pricing_StartRequest": 4e-07
        },
        "provider_4": {
            "name": "aws",
            "estimated_latency": [
                6.9421267574688805,
                1.0850546926517561,
                7.441860719071644,
                8.462180142479925,
                0.0,
                3.6287222627154514,
                8.627468741294894,
                7.8912868332778405,
                5.643671851503265,
                4.062257198944394,
                8.954870537175069
            ],
            "leave": false,
            "pricing_Storage_Transfer": 0,
            "max_RAM_curr": 1.7497165102125158,
            "pricing_RAM": 5,
            "pricing_data_sent": 0.01,
            "pricing_StartRequest": 4e-07
        },
        "provider_5": {
            "name": "aws",
            "estimated_latency": [
                5.337702018117575,
                3.6431915683398413,
                2.3125065633500164,
                8.066710883249014,
                3.6287222627154514,
                0.0,
                6.454282825192158,
                9.650927006905505,
                9.675496516010295,
                2.071093553650672,
                1.6024256339822747
            ],
            "leave": false,
            "pricing_Storage_Transfer": 0,
            "max_RAM_curr": 0.9776742000032471,
            "pricing_RAM": 5,
            "pricing_data_sent": 0.01,
            "pricing_StartRequest": 4e-07
        },
        "provider_6": {
            "name": "aws",
            "estimated_latency": [
                9.151960819040182,
                0.8255658509979988,
                3.890650487119328,
                8.244822061049987,
                8.627468741294894,
                6.454282825192158,
                0.0,
                9.977093739815047,
                5.1068056908945,
                3.7709806384434237,
                6.821234144031612
            ],
            "leave": false,
            "pricing_Storage_Transfer": 0,
            "max_RAM_curr": 0.829602326147982,
            "pricing_RAM": 5,
            "pricing_data_sent": 0.01,
            "pricing_StartRequest": 4e-07
        },
        "provider_7": {
            "name": "aws",
            "estimated_latency": [
                6.902178974213994,
                2.6141983585152184,
                9.811729767825101,
                3.085102062749271,
                7.8912868332778405,
                9.650927006905505,
                9.977093739815047,
                0.0,
                1.305882704347609,
                3.2999188789048257,
                6.661384264789646
            ],
            "leave": false,
            "pricing_Storage_Transfer": 0,
            "max_RAM_curr": 1.4513490723341216,
            "pricing_RAM": 5,
            "pricing_data_sent": 0.01,
            "pricing_StartRequest": 4e-07
        },
        "provider_8": {
            "name": "aws",
            "estimated_latency": [
                5.618853084194652,
                1.8196966060410023,
                9.733019814446179,
                2.4868855567228922,
                5.643671851503265,
                9.675496516010295,
                5.1068056908945,
                1.305882704347609,
                0.0,
                2.466315760599912,
                7.649377373326216
            ],
            "leave": false,
            "pricing_Storage_Transfer": 0,
            "max_RAM_curr": 3.317597000649849,
            "pricing_RAM": 5,
            "pricing_data_sent": 0.01,
            "pricing_StartRequest": 4e-07
        },
        "provider_9": {
            "name": "aws",
            "estimated_latency": [
                6.078062750724009,
                5.471032099793969,
                1.4076042152918502,
                9.391255140830188,
                4.062257198944394,
                2.071093553650672,
                3.7709806384434237,
                3.2999188789048257,
                2.466315760599912,
                0.0,
                7.777590735466658
            ],
            "leave": false,
            "pricing_Storage_Transfer": 0,
            "max_RAM_curr": 0.35619751607363276,
            "pricing_RAM": 5,
            "pricing_data_sent": 0.01,
            "pricing_StartRequest": 4e-07
        },
        "provider_10": {
            "name": "aws",
            "estimated_latency": [
                1.332695972797423,
                4.138215728570719,
                3.998660445125283,
                8.187030491172301,
                8.954870537175069,
                1.6024256339822747,
                6.821234144031612,
                6.661384264789646,
                7.649377373326216,
                7.777590735466658,
                0.0
            ],
            "leave": false,
            "pricing_Storage_Transfer": 0,
            "max_RAM_curr": 0.18927862245522448,
            "pricing_RAM": 5,
            "pricing_data_sent": 0.01,
            "pricing_StartRequest": 4e-07
        }
    }
}