{
    "name": "cloud_2_68",
    "num_nodes": 14,
    "num_leaves": 1,
    "providers": {
        "provider_0": {
            "name": "aws",
            "leave": true,
            "estimated_latency": [
                0.0,
                0.9860856270524452,
                1.718162287900483,
                9.115336945351643,
                0.8343927191596695,
                1.6035192125280406,
                8.343416826380972,
                8.498271109562682,
                1.030082501965406,
                9.583443925417116,
                7.2799754950206585,
                8.634365035924857,
                6.267410326783424,
                1.0841441175484532
            ],
            "pricing_Storage_Transfer": 0,
            "max_RAM_curr": 2.155866119447331,
            "pricing_RAM": 5,
            "pricing_data_sent": 0.01,
            "pricing_StartRequest": 4e-07
        },
        "provider_1": {
            "name": "aws",
            "estimated_latency": [
                0.9860856270524452,
                0.0,
                8.803195542085604,
                6.63948693837817,
                1.4477025478264163,
                2.9696824101318615,
                5.102620307447046,
                7.302357721085469,
                6.165708549488914,
                6.98989649080448,
                8.981515465374857,
                1.084274531484239,
                9.821349161510788,
                2.7935706097326376
            ],
            "leave": false,
            "pricing_Storage_Transfer": 0,
            "max_RAM_curr": 2.3716736368686635,
            "pricing_RAM": 5,
            "pricing_data_sent": 0.01,
            "pricing_StartRequest": 4e-07
        },
        "provider_2": {
            "name": "aws",
            "estimated_latency": [
                1.718162287900483,
                8.803195542085604,
                0.0,
                8.8815316048426,
                5.139777995347974,
                3.2361550161426704,
                7.89526728404739,
                5.269233286707272,
                1.197347389180796,
                7.84277891994942,
                4.915920299227393,
                6.017610216087447,
                4.818307441380211,
                2.153668096374046
            ],
            "leave": false,
            "pricing_Storage_Transfer": 0,
            "max_RAM_curr": 2.019126182010464,
            "pricing_RAM": 5,
            "pricing_data_sent": 0.01,
            "pricing_StartRequest": 4e-07
        },
        "provider_3": {
            "name": "aws",
            "estimated_latency": [
                9.115336945351643,
                6.63948693837817,
                8.8815316048426,
                0.0,
                1.6653245247922377,
                2.99849297157641,
                8.922621369300575,
                6.858746462223006,
                5.940707729774702,
                1.6652063476191938,
                1.9294390133362234,
                6.21269577959114,
                3.268902778637666,
                1.1158712237801416
            ],
            "leave": false,
            "pricing_Storage_Transfer": 0,
            "max_RAM_curr": 0.9730140194953564,
            "pricing_RAM": 5,
            "pricing_data_sent": 0.01,
            "pricing_StartRequest": 4e-07
        },
        "provider_4": {
            "name": "aws",
            "estimated_latency": [
                0.8343927191596695,
                1.4477025478264163,
                5.139777995347974,
                1.6653245247922377,
                0.0,
                0.1514355155870484,
                4.705878595157495,
                9.499909802225975,
                1.0173195729566087,
                2.5731179261389885,
                0.7789576762915348,
                1.0618967796514618,
                2.3461941317337662,
                2.2705744878676395
            ],
            "leave": false,
            "pricing_Storage_Transfer": 0,
            "max_RAM_curr": 0.5277372577715609,
            "pricing_RAM": 5,
            "pricing_data_sent": 0.01,
            "pricing_StartRequest": 4e-07
        },
        "provider_5": {
            "name": "aws",
            "estimated_latency": [
                1.6035192125280406,
                2.9696824101318615,
                3.2361550161426704,
                2.99849297157641,
                0.1514355155870484,
                0.0,
                3.9634271724774632,
                8.126053016032504,
                0.2777668007846833,
                4.2000231890935895,
                3.8319563306393496,
                4.49337400292705,
                0.5248823783401398,
                5.177289775115942
            ],
            "leave": false,
            "pricing_Storage_Transfer": 0,
            "max_RAM_curr": 1.3873627939885662,
            "pricing_RAM": 5,
            "pricing_data_sent": 0.01,
            "pricing_StartRequest": 4e-07
        },
        "provider_6": {
            "name": "aws",
            "estimated_latency": [
                8.343416826380972,
                5.102620307447046,
                7.89526728404739,
                8.922621369300575,
                4.705878595157495,
                3.9634271724774632,
                0.0,
                6.638077686132215,
                1.596689030441154,
                1.8401214400691381,
                9.118967191663128,
                2.140635464554333,
                7.921855549473077,
                1.058524987365551
            ],
            "leave": false,
            "pricing_Storage_Transfer": 0,
            "max_RAM_curr": 0.23000911948721628,
            "pricing_RAM": 5,
            "pricing_data_sent": 0.01,
            "pricing_StartRequest": 4e-07
        },
        "provider_7": {
            "name": "aws",
            "estimated_latency": [
                8.498271109562682,
                7.302357721085469,
                5.269233286707272,
                6.858746462223006,
                9.499909802225975,
                8.126053016032504,
                6.638077686132215,
                0.0,
                8.063387088884621,
                8.245067471435776,
                8.981497393699854,
                2.5823530937853154,
                3.35184218870629,
                8.34249235000814
            ],
            "leave": false,
            "pricing_Storage_Transfer": 0,
            "max_RAM_curr": 0.12776354876177223,
            "pricing_RAM": 5,
            "pricing_data_sent": 0.01,
            "pricing_StartRequest": 4e-07
        },
        "provider_8": {
            "name": "aws",
            "estimated_latency": [
                1.030082501965406,
                6.165708549488914,
                1.197347389180796,
                5.940707729774702,
                1.0173195729566087,
                0.2777668007846833,
                1.596689030441154,
                8.063387088884621,
                0.0,
                9.663734846958475,
                4.006259461384922,
                4.338148200434656,
                3.546244639551943,
                9.621931812642238
            ],
            "leave": false,
            "pricing_Storage_Transfer": 0,
            "max_RAM_curr": 3.6287244680034925,
            "pricing_RAM": 5,
            "pricing_data_sent": 0.01,
            "pricing_StartRequest": 4e-07
        },
        "provider_9": {
            "name": "aws",