{
    "name": "cloud_2_681",
    "num_nodes": 12,
    "num_leaves": 1,
    "providers": {
        "provider_0": {
            "name": "aws",
            "leave": true,
            "estimated_latency": [
                0.0,
                0.733991687021431,
                6.190496214960484,
                4.253372440821544,
                5.384577035298357,
                1.7148146574071501,
                0.7308563749167843,
                3.194908431141833,
                3.93377895558541,
                0.12217200709988875,
                4.045978128267911,
                6.808732622577124
            ],
            "pricing_Storage_Transfer": 0,
            "max_RAM_curr": 13.867985582244849,
            "pricing_RAM": 5,
            "pricing_data_sent": 0.01,
            "pricing_StartRequest": 4e-07
        },
        "provider_1": {
            "name": "aws",
            "estimated_latency": [
                0.733991687021431,
                0.0,
                4.2765881415373785,
                0.6128004015681451,
                3.0119118351988816,
                4.729685207718527,
                2.822417850981233,
                6.825543460811339,
                5.202775562880667,
                2.7190884265204405,
                7.737044950386881,
                9.612871904790724
            ],
            "leave": false,
            "pricing_Storage_Transfer": 0,
            "max_RAM_curr": 23.2757610525008,
            "pricing_RAM": 5,
            "pricing_data_sent": 0.01,
            "pricing_StartRequest": 4e-07
        },
        "provider_2": {
            "name": "aws",
            "estimated_latency": [
                6.190496214960484,
                4.2765881415373785,
                0.0,
                2.6968681807453434,
                2.6267358540260553,
                9.818571628008051,
                4.445952622714938,
                2.3116334534225533,
                1.3425534198488196,
                4.000127934343245,
                7.134379318929646,
                9.952376906755582
            ],
            "leave": false,
            "pricing_Storage_Transfer": 0,
            "max_RAM_curr": 19.5157640611627,
            "pricing_RAM": 5,
            "pricing_data_sent": 0.01,
            "pricing_StartRequest": 4e-07
        },
        "provider_3": {
            "name": "aws",
            "estimated_latency": [
                4.253372440821544,
                0.6128004015681451,
                2.6968681807453434,
                0.0,
                2.0252195789631795,
                7.8989670461597585,
                0.3561527861306456,
                3.141155062255289,
                9.36583513765577,
                5.866708297052794,
                3.5442609130808136,
                8.257765063850057
            ],
            "leave": false,
            "pricing_Storage_Transfer": 0,
            "max_RAM_curr": 4.445487409182466,
            "pricing_RAM": 5,
            "pricing_data_sent": 0.01,
            "pricing_StartRequest": 4e-07
        },
        "provider_4": {
            "name": "aws",
            "estimated_latency": [
                5.384577035298357,
                3.0119118351988816,
                2.6267358540260553,
                2.0252195789631795,
                0.0,
                7.758773296940324,
                8.987139110298159,
                8.489822305126413,
                9.078563470589158,
                1.3381397879161507,
                0.18258224554139435,
                2.139701888181881
            ],
            "leave": false,
            "pricing_Storage_Transfer": 0,
            "max_RAM_curr": 5.186096474059057,
            "pricing_RAM": 5,
            "pricing_data_sent": 0.01,
            "pricing_StartRequest": 4e-07
        },
        "provider_5": {
            "name": "aws",
            "estimated_latency": [
                1.7148146574071501,
                4.729685207718527,
                9.818571628008051,
                7.8989670461597585,
                7.758773296940324,
                0.0,
                9.414833578637708,
                9.864630471597255,
                6.120534683921462,
                7.672966011959306,
                3.3231095467054055,
                4.296275540889678
            ],
            "leave": false,
            "pricing_Storage_Transfer": 0,
            "max_RAM_curr": 12.94098858836163,
            "pricing_RAM": 5,
            "pricing_data_sent": 0.01,
            "pricing_StartRequest": 4e-07
        },
        "provider_6": {
            "name": "aws",
            "estimated_latency": [
                0.7308563749167843,
                2.822417850981233,
                4.445952622714938,
                0.3561527861306456,
                8.987139110298159,
                9.414833578637708,
                0.0,
                1.4604471340441723,
                8.387256630463103,
                5.508064492372102,
                4.235550802018698,
                0.5256455903227537
            ],
            "leave": false,
            "pricing_Storage_Transfer": 0,
            "max_RAM_curr": 14.19113456100422,
            "pricing_RAM": 5,
            "pricing_data_sent": 0.01,
            "pricing_StartRequest": 4e-07
        },
        "provider_7": {
            "name": "aws",
            "estimated_latency": [
                3.194908431141833,
                6.825543460811339,
                2.3116334534225533,
                3.141155062255289,
                8.489822305126413,
                9.864630471597255,
                1.4604471340441723,
                0.0,
                5.30736560382057,
                0.3979812430529701,
                7.607097041617278,
                8.793748263512164
            ],
            "leave": false,
            "pricing_Storage_Transfer": 0,
            "max_RAM_curr": 2.117376914568436,
            "pricing_RAM": 5,
            "pricing_data_sent": 0.01,
            "pricing_StartRequest": 4e-07
        },
        "provider_8": {
            "name": "aws",
            "estimated_latency": [
                3.93377895558541,
                5.202775562880667,
                1.3425534198488196,
                9.36583513765577,
                9.078563470589158,
                6.120534683921462,
                8.387256630463103,
                5.30736560382057,
                0.0,
                4.376605199864802,
                6.4221581830348695,
                7.87540481375998
            ],
            "leave": false,
            "pricing_Storage_Transfer": 0,
            "max_RAM_curr": 13.736530830598133,
            "pricing_RAM": 5,
            "pricing_data_sent": 0.01,
            "pricing_StartRequest": 4e-07
        },
        "provider_9": {
            "name": "aws",
            "estimated_latency": [
                0.12217200709988875,
                2.7190884265204405,
                4.000127934343245,
                5.866708297052794,
                1.3381397879161507,
                7.672966011959306,
                5.508064492372102,
                0.3979812430529701,
                4.376605199864802,
                0.0,
                4.4094973910736694,
                1.0154865567896165
            ],
            "leave": false,
            "pricing_Storage_Transfer": 0,
            "max_RAM_curr": 4.679402076409723,
            "pricing_RAM": 5,
            "pricing_data_sent": 0.01,
            "pricing_StartRequest": 4e-07
        },
        "provider_10": {
            "name": "aws",