{
    "name": "cloud_2_823",
    "num_nodes": 12,
    "num_leaves": 1,
    "providers": {
        "provider_0": {
            "name": "aws",
            "leave": true,
            "estimated_latency": [
                0.0,
                9.54633839083303,
                7.691077201251189,
                3.5126813585993304,
                5.347783303628417,
                5.1715693483812,
                1.359070661041663,
                3.6755279226126114,
                4.445859257296743,
                6.929425116244463,
                1.8863779449040505,
                2.838189768319775
            ],
            "pricing_Storage_Transfer": 0,
            "max_RAM_curr": 9.503982121268221,
            "pricing_RAM": 5,
            "pricing_data_sent": 0.01,
            "pricing_StartRequest": 4e-07
        },
        "provider_1": {
            "name": "aws",
            "estimated_latency": [
                9.54633839083303,
                0.0,
                3.8185167928273285,
                2.271926934199007,
                0.48285172683944777,
                7.108752356240542,
                7.793539134353153,
                3.345353786116172,
                4.021132291701555,
                8.456344593979225,
                9.704201500287322,
                6.4258218606837545
            ],
            "leave": false,
            "pricing_Storage_Transfer": 0,
            "max_RAM_curr": 3.0230313092385708,
            "pricing_RAM": 5,
            "pricing_data_sent": 0.01,
            "pricing_StartRequest": 4e-07
        },
        "provider_2": {
            "name": "aws",
            "estimated_latency": [
                7.691077201251189,
                3.8185167928273285,
                0.0,
                2.2190091447924307,
                6.355855011822224,
                6.390288752836366,
                1.4451261165687412,
                2.9732705080899517,
                2.876606272122877,
                0.8771086565711954,
                1.5443433463175928,
                6.365877286760473
            ],
            "leave": false,
            "pricing_Storage_Transfer": 0,
            "max_RAM_curr": 3.799910702759636,
            "pricing_RAM": 5,
            "pricing_data_sent": 0.01,
            "pricing_StartRequest": 4e-07
        },
        "provider_3": {
            "name": "aws",
            "estimated_latency": [
                3.5126813585993304,
                2.271926934199007,
                2.2190091447924307,
                0.0,
                3.965787021296407,
                9.858961990306586,
                2.325798784737901,
                8.574808829131026,
                4.023106678952658,
                2.310897277565095,
                0.6559376393026596,
                1.6693223005989022
            ],
            "leave": false,
            "pricing_Storage_Transfer": 0,
            "max_RAM_curr": 4.567384732461768,
            "pricing_RAM": 5,
            "pricing_data_sent": 0.01,
            "pricing_StartRequest": 4e-07
        },
        "provider_4": {
            "name": "aws",
            "estimated_latency": [
                5.347783303628417,
                0.48285172683944777,
                6.355855011822224,
                3.965787021296407,
                0.0,
                7.627045537791214,
                1.6796493560096326,
                1.060019828321968,
                8.32465972670134,
                3.8751198467165624,
                9.030643202314723,
                1.8837205353797535
            ],
            "leave": false,
            "pricing_Storage_Transfer": 0,
            "max_RAM_curr": 12.739497557148274,
            "pricing_RAM": 5,
            "pricing_data_sent": 0.01,
            "pricing_StartRequest": 4e-07
        },
        "provider_5": {
            "name": "aws",
            "estimated_latency": [
                5.1715693483812,
                7.108752356240542,
                6.390288752836366,
                9.858961990306586,
                7.627045537791214,
                0.0,
                0.4560413159161858,
                8.084978850768605,
                6.504360764719966,
                2.762239813532281,
                3.0582902263514997,
                5.469410700313322
            ],
            "leave": false,
            "pricing_Storage_Transfer": 0,
            "max_RAM_curr": 2.4152717116329283,
            "pricing_RAM": 5,
            "pricing_data_sent": 0.01,
            "pricing_StartRequest": 4e-07
        },
        "provider_6": {
            "name": "aws",
            "estimated_latency": [
                1.359070661041663,
                7.793539134353153,
                1.4451261165687412,
                2.325798784737901,
                1.6796493560096326,
                0.4560413159161858,
                0.0,
                7.157100346401764,
                2.539489845727661,
                6.896835943016518,
                2.9031738215871417,
                4.783687768777673
            ],
            "leave": false,
            "pricing_Storage_Transfer": 0,
            "max_RAM_curr": 9.75531625180562,
            "pricing_RAM": 5,
            "pricing_data_sent": 0.01,
            "pricing_StartRequest": 4e-07
        },
        "provider_7": {
            "name": "aws",
            "estimated_latency": [
                3.6755279226126114,
                3.345353786116172,
                2.9732705080899517,
                8.574808829131026,
                1.060019828321968,
                8.084978850768605,
                7.157100346401764,
                0.0,
                6.627066142921096,
                5.424439981817901,
                3.2293538352152744,
                7.510387734228531
            ],
            "leave": false,
            "pricing_Storage_Transfer": 0,
            "max_RAM_curr": 3.6253480997515357,
            "pricing_RAM": 5,
            "pricing_data_sent": 0.01,
            "pricing_StartRequest": 4e-07
        },
        "provider_8": {
            "name": "aws",
            "estimated_latency": [
                4.445859257296743,
                4.021132291701555,
                2.876606272122877,
                4.023106678952658,
                8.32465972670134,
                6.504360764719966,
                2.539489845727661,
                6.627066142921096,
                0.0,
                6.789166928728381,
                7.186604627760543,
                7.525304601892919
            ],
            "leave": false,
            "pricing_Storage_Transfer": 0,
            "max_RAM_curr": 4.21920066684669,
            "pricing_RAM": 5,
            "pricing_data_sent": 0.01,
            "pricing_StartRequest": 4e-07
        },
        "provider_9": {
            "name": "aws",
            "estimated_latency": [
                6.929425116244463,
                8.456344593979225,
                0.8771086565711954,
                2.310897277565095,
                3.8751198467165624,
                2.762239813532281,
                6.896835943016518,
                5.424439981817901,
                6.789166928728381,
                0.0,
                3.409047549781129,
                6.183367855819045
            ],
            "leave": false,
            "pricing_Storage_Transfer": 0,
            "max_RAM_curr": 14.448246705122624,
            "pricing_RAM": 5,
            "pricing_data_sent": 0.01,
            "pricing_StartRequest": 4e-07
        },
        "provider_10": {
            "name": "aws",