{
    "name": "cloud_2_199",
    "num_nodes": 7,
    "num_leaves": 1,
    "providers": {
        "provider_0": {
            "name": "aws",
            "leave": true,
            "estimated_latency": [
                0.0,
                2.1529547685798365,
                9.371463474576112,
                6.437791825611134,
                7.130258903584497,
                9.685415858730618,
                7.416038793427184
            ],
            "pricing_Storage_Transfer": 0,
            "max_RAM_curr": 5.1951775479643025,
            "pricing_RAM": 5,
            "pricing_data_sent": 0.01,
            "pricing_StartRequest": 4e-07
        },
        "provider_1": {
            "name": "aws",
            "estimated_latency": [
                2.1529547685798365,
                0.0,
                9.537758672891565,
                0.23175704877397751,
                0.4395886103458222,
                1.5523546083783393,
                0.6139665500099006
            ],
            "leave": false,
            "pricing_Storage_Transfer": 0,
            "max_RAM_curr": 10.327686208026451,
            "pricing_RAM": 5,
            "pricing_data_sent": 0.01,
            "pricing_StartRequest": 4e-07
        },
        "provider_2": {
            "name": "aws",
            "estimated_latency": [
                9.371463474576112,
                9.537758672891565,
                0.0,
                7.299490441898945,
                4.554711839708039,
                5.77174791233497,
                6.40703420236446
            ],
            "leave": false,
            "pricing_Storage_Transfer": 0,
            "max_RAM_curr": 15.099263190095058,
            "pricing_RAM": 5,
            "pricing_data_sent": 0.01,
            "pricing_StartRequest": 4e-07
        },
        "provider_3": {
            "name": "aws",
            "estimated_latency": [
                6.437791825611134,
                0.23175704877397751,
                7.299490441898945,
                0.0,
                9.210476191114275,
                0.5306033219511176,
                6.204577485285823
            ],
            "leave": false,
            "pricing_Storage_Transfer": 0,
            "max_RAM_curr": 6.388244956177446,
            "pricing_RAM": 5,
            "pricing_data_sent": 0.01,
            "pricing_StartRequest": 4e-07
        },
        "provider_4": {
            "name": "aws",
            "estimated_latency": [
                7.130258903584497,
                0.4395886103458222,
                4.554711839708039,
                9.210476191114275,
                0.0,
                1.837579062143268,
                4.948450283250749
            ],
            "leave": false,
            "pricing_Storage_Transfer": 0,
            "max_RAM_curr": 10.90671579837516,
            "pricing_RAM": 5,
            "pricing_data_sent": 0.01,
            "pricing_StartRequest": 4e-07
        },
        "provider_5": {
            "name": "aws",
            "estimated_latency": [
                9.685415858730618,
                1.5523546083783393,
                5.77174791233497,
                0.5306033219511176,
                1.837579062143268,
                0.0,
                3.0663598977904902
            ],
            "leave": false,
            "pricing_Storage_Transfer": 0,
            "max_RAM_curr": 2.058610705239015,
            "pricing_RAM": 5,
            "pricing_data_sent": 0.01,
            "pricing_StartRequest": 4e-07
        },
        "provider_6": {
            "name": "aws",
            "estimated_latency": [
                7.416038793427184,
                0.6139665500099006,
                6.40703420236446,
                6.204577485285823,
                4.948450283250749,
                3.0663598977904902,
                0.0
            ],
            "leave": false,
            "pricing_Storage_Transfer": 0,
            "max_RAM_curr": 7.78063788181335,
            "pricing_RAM": 5,
            "pricing_data_sent": 0.01,
            "pricing_StartRequest": 4e-07
        }
    }
}