{
    "name": "cloud_2_302",
    "num_nodes": 13,
    "num_leaves": 1,
    "providers": {
        "provider_0": {
            "name": "aws",
            "leave": true,
            "estimated_latency": [
                0.0,
                6.056523559339341,
                2.444682341872998,
                7.945795023287549,
                2.8692083767752283,
                8.764992269440915,
                0.9027977144868595,
                9.499193394116562,
                7.734226274956713,
                2.1362781646929667,
                6.327714064251016,
                2.6463344534203044,
                5.210547235424744
            ],
            "pricing_Storage_Transfer": 0,
            "max_RAM_curr": 0.4304271342193596,
            "pricing_RAM": 5,
            "pricing_data_sent": 0.01,
            "pricing_StartRequest": 4e-07
        },
        "provider_1": {
            "name": "aws",
            "estimated_latency": [
                6.056523559339341,
                0.0,
                2.875389351405715,
                6.267356831398623,
                9.35816497610154,
                4.707252560430175,
                0.6534705479207147,
                2.822434125726536,
                7.453736856488472,
                7.585562892852903,
                3.5009484442689267,
                1.708125990899576,
                8.879636984217544
            ],
            "leave": false,
            "pricing_Storage_Transfer": 0,
            "max_RAM_curr": 0.326799875586278,
            "pricing_RAM": 5,
            "pricing_data_sent": 0.01,
            "pricing_StartRequest": 4e-07
        },
        "provider_2": {
            "name": "aws",
            "estimated_latency": [
                2.444682341872998,
                2.875389351405715,
                0.0,
                4.767901622548947,
                5.322752217570067,
                0.5808135222283991,
                8.736940305220749,
                2.247392361483872,
                6.068562979207036,
                7.891313430915913,
                0.7510948217689637,
                7.95723777984015,
                2.8187769152667927
            ],
            "leave": false,
            "pricing_Storage_Transfer": 0,
            "max_RAM_curr": 1.4560071233803735,
            "pricing_RAM": 5,
            "pricing_data_sent": 0.01,
            "pricing_StartRequest": 4e-07
        },
        "provider_3": {
            "name": "aws",
            "estimated_latency": [
                7.945795023287549,
                6.267356831398623,
                4.767901622548947,
                0.0,
                7.335882883087522,
                4.620577169198946,
                4.1947059159188935,
                4.191759462165785,
                9.60651641653867,
                4.098797114189867,
                7.643470016455259,
                2.4408864438087945,
                0.8760020287728407
            ],
            "leave": false,
            "pricing_Storage_Transfer": 0,
            "max_RAM_curr": 2.937487793549701,
            "pricing_RAM": 5,
            "pricing_data_sent": 0.01,
            "pricing_StartRequest": 4e-07
        },
        "provider_4": {
            "name": "aws",
            "estimated_latency": [
                2.8692083767752283,
                9.35816497610154,
                5.322752217570067,
                7.335882883087522,
                0.0,
                2.101432731601371,
                3.9643285150452137,
                7.010016746844141,
                6.865124535486595,
                8.160363584710904,
                6.423670901300758,
                5.49408876869173,
                2.7890718883183974
            ],
            "leave": false,
            "pricing_Storage_Transfer": 0,
            "max_RAM_curr": 0.946798818368323,
            "pricing_RAM": 5,
            "pricing_data_sent": 0.01,
            "pricing_StartRequest": 4e-07
        },
        "provider_5": {
            "name": "aws",
            "estimated_latency": [
                8.764992269440915,
                4.707252560430175,
                0.5808135222283991,
                4.620577169198946,
                2.101432731601371,
                0.0,
                1.3062475335070443,
                3.009140712298693,
                4.527625007395066,
                5.229534488146885,
                0.36595483798949147,
                8.162088847852587,
                4.610659124838359
            ],
            "leave": false,
            "pricing_Storage_Transfer": 0,
            "max_RAM_curr": 3.9864752856926824,
            "pricing_RAM": 5,
            "pricing_data_sent": 0.01,
            "pricing_StartRequest": 4e-07
        },
        "provider_6": {
            "name": "aws",
            "estimated_latency": [
                0.9027977144868595,
                0.6534705479207147,
                8.736940305220749,
                4.1947059159188935,
                3.9643285150452137,
                1.3062475335070443,
                0.0,
                7.083102479872557,
                4.23606524793988,
                2.917707084912268,
                6.440300910728319,
                5.238104203451895,
                6.343083918177315
            ],
            "leave": false,
            "pricing_Storage_Transfer": 0,
            "max_RAM_curr": 0.7472596608471275,
            "pricing_RAM": 5,
            "pricing_data_sent": 0.01,
            "pricing_StartRequest": 4e-07
        },
        "provider_7": {
            "name": "aws",
            "estimated_latency": [
                9.499193394116562,
                2.822434125726536,
                2.247392361483872,
                4.191759462165785,
                7.010016746844141,
                3.009140712298693,
                7.083102479872557,
                0.0,
                9.489337029285222,
                9.91238734440844,
                6.770304124230885,
                8.851376339778211,
                2.5819617690303587
            ],
            "leave": false,
            "pricing_Storage_Transfer": 0,
            "max_RAM_curr": 2.6113448994652293,
            "pricing_RAM": 5,
            "pricing_data_sent": 0.01,
            "pricing_StartRequest": 4e-07
        },
        "provider_8": {
            "name": "aws",
            "estimated_latency": [
                7.734226274956713,
                7.453736856488472,
                6.068562979207036,
                9.60651641653867,
                6.865124535486595,
                4.527625007395066,
                4.23606524793988,
                9.489337029285222,
                0.0,
                5.821706573279246,
                8.007291109937817,
                2.3293870279811193,
                9.177662078417539
            ],
            "leave": false,
            "pricing_Storage_Transfer": 0,
            "max_RAM_curr": 1.0534492758255625,
            "pricing_RAM": 5,
            "pricing_data_sent": 0.01,
            "pricing_StartRequest": 4e-07
        },
        "provider_9": {
            "name": "aws",
            "estimated_latency": [
                2.1362781646929667,
                7.585562892852903,
                7.891313430915913,
                4.098797114189867,
                8.160363584710904,
                5.229534488146885,
                2.917707084912268,
                9.91238734440844,
                5.821706573279246,
                0.0,
                7.268094170499462,
                3.3083100135097494,
                6.208267254374139
            ],
            "leave": false,
            "pricing_Storage_Transfer": 0,
            "max_RAM_curr": 0.22168559596788998,
            "pricing_RAM": 5,
            "pricing_data_sent": 0.01,
            "pricing_StartRequest": 4e-07
        },
        "provider_10": {
            "name": "aws",