{
    "name": "cloud_2_59",
    "num_nodes": 4,
    "num_leaves": 1,
    "providers": {
        "provider_0": {
            "name": "aws",
            "leave": true,
            "estimated_latency": [
                0.0,
                7.367366735287441,
                0.9368576853249425,
                9.242221702097607
            ],
            "pricing_Storage_Transfer": 0,
            "max_RAM_curr": 7.874233854869134,
            "pricing_RAM": 5,
            "pricing_data_sent": 0.01,
            "pricing_StartRequest": 4e-07
        },
        "provider_1": {
            "name": "aws",
            "estimated_latency": [
                7.367366735287441,
                0.0,
                3.712400129314223,
                9.092337019426774
            ],
            "leave": false,
            "pricing_Storage_Transfer": 0,
            "max_RAM_curr": 2.188007670851325,
            "pricing_RAM": 5,
            "pricing_data_sent": 0.01,
            "pricing_StartRequest": 4e-07
        },
        "provider_2": {
            "name": "aws",
            "estimated_latency": [
                0.9368576853249425,
                3.712400129314223,
                0.0,
                7.793985577259036
            ],
            "leave": false,
            "pricing_Storage_Transfer": 0,
            "max_RAM_curr": 38.43906004579949,
            "pricing_RAM": 5,
            "pricing_data_sent": 0.01,
            "pricing_StartRequest": 4e-07
        },
        "provider_3": {
            "name": "aws",
            "estimated_latency": [
                9.242221702097607,
                9.092337019426774,
                7.793985577259036,
                0.0
            ],
            "leave": false,
            "pricing_Storage_Transfer": 0,
            "max_RAM_curr": 49.02446555877634,
            "pricing_RAM": 5,
            "pricing_data_sent": 0.01,
            "pricing_StartRequest": 4e-07
        }
    }
}