{
    "name": "cloud_2_150",
    "num_nodes": 8,
    "num_leaves": 1,
    "providers": {
        "provider_0": {
            "name": "aws",
            "leave": true,
            "estimated_latency": [
                0.0,
                4.393493757231616,
                7.660440445480561,
                3.6170708140154875,
                2.6595607451402303,
                6.0213256503685,
                5.912889572213942,
                2.119535454200779
            ],
            "pricing_Storage_Transfer": 0,
            "max_RAM_curr": 1.9938471632684516,
            "pricing_RAM": 5,
            "pricing_data_sent": 0.01,
            "pricing_StartRequest": 4e-07
        },
        "provider_1": {
            "name": "aws",
            "estimated_latency": [
                4.393493757231616,
                0.0,
                0.7708174882102675,
                7.55928163925802,
                0.527836129848471,
                5.796964469772875,
                9.57041644496831,
                4.120609113837779
            ],
            "leave": false,
            "pricing_Storage_Transfer": 0,
            "max_RAM_curr": 15.206062932555719,
            "pricing_RAM": 5,
            "pricing_data_sent": 0.01,
            "pricing_StartRequest": 4e-07
        },
        "provider_2": {
            "name": "aws",
            "estimated_latency": [
                7.660440445480561,
                0.7708174882102675,
                0.0,
                9.403418588289789,
                4.546649787119404,
                5.13288646017542,
                8.459321738735465,
                4.649464847260793
            ],
            "leave": false,
            "pricing_Storage_Transfer": 0,
            "max_RAM_curr": 20.486074169252504,
            "pricing_RAM": 5,
            "pricing_data_sent": 0.01,
            "pricing_StartRequest": 4e-07
        },
        "provider_3": {
            "name": "aws",
            "estimated_latency": [
                3.6170708140154875,
                7.55928163925802,
                9.403418588289789,
                0.0,
                3.023193290023455,
                8.827818508923102,
                2.367247525262502,
                3.9984891102277715
            ],
            "leave": false,
            "pricing_Storage_Transfer": 0,
            "max_RAM_curr": 11.467026326359514,
            "pricing_RAM": 5,
            "pricing_data_sent": 0.01,
            "pricing_StartRequest": 4e-07
        },
        "provider_4": {
            "name": "aws",
            "estimated_latency": [
                2.6595607451402303,
                0.527836129848471,
                4.546649787119404,
                3.023193290023455,
                0.0,
                8.070964550050707,
                4.467429051672326,
                3.3116092979692118
            ],
            "leave": false,
            "pricing_Storage_Transfer": 0,
            "max_RAM_curr": 2.2478688984029045,
            "pricing_RAM": 5,
            "pricing_data_sent": 0.01,
            "pricing_StartRequest": 4e-07
        },
        "provider_5": {
            "name": "aws",
            "estimated_latency": [
                6.0213256503685,
                5.796964469772875,
                5.13288646017542,
                8.827818508923102,
                8.070964550050707,
                0.0,
                1.610430543899626,
                4.976053445064582
            ],
            "leave": false,
            "pricing_Storage_Transfer": 0,
            "max_RAM_curr": 19.795298747891458,
            "pricing_RAM": 5,
            "pricing_data_sent": 0.01,
            "pricing_StartRequest": 4e-07
        },
        "provider_6": {
            "name": "aws",
            "estimated_latency": [
                5.912889572213942,
                9.57041644496831,
                8.459321738735465,
                2.367247525262502,
                4.467429051672326,
                1.610430543899626,
                0.0,
                2.1631769197935253
            ],
            "leave": false,
            "pricing_Storage_Transfer": 0,
            "max_RAM_curr": 29.71029058569375,
            "pricing_RAM": 5,
            "pricing_data_sent": 0.01,
            "pricing_StartRequest": 4e-07
        },
        "provider_7": {
            "name": "aws",
            "estimated_latency": [
                2.119535454200779,
                4.120609113837779,
                4.649464847260793,
                3.9984891102277715,
                3.3116092979692118,
                4.976053445064582,
                2.1631769197935253,
                0.0
            ],
            "leave": false,
            "pricing_Storage_Transfer": 0,
            "max_RAM_curr": 29.37648993976752,
            "pricing_RAM": 5,
            "pricing_data_sent": 0.01,
            "pricing_StartRequest": 4e-07
        }
    }
}