{
    "name": "cloud_2_381",
    "num_nodes": 7,
    "num_leaves": 1,
    "providers": {
        "provider_0": {
            "name": "aws",
            "leave": true,
            "estimated_latency": [
                0.0,
                7.109065587605543,
                0.24331633307457357,
                2.0444540882127273,
                8.24067376101324,
                6.76367222530119,
                9.909231753615238
            ],
            "pricing_Storage_Transfer": 0,
            "max_RAM_curr": 1.2743015565804034,
            "pricing_RAM": 5,
            "pricing_data_sent": 0.01,
            "pricing_StartRequest": 4e-07
        },
        "provider_1": {
            "name": "aws",
            "estimated_latency": [
                7.109065587605543,
                0.0,
                8.299787723654669,
                9.972463751315846,
                8.27762071158754,
                0.10386087465325963,
                4.811586334719918
            ],
            "leave": false,
            "pricing_Storage_Transfer": 0,
            "max_RAM_curr": 18.77687836501757,
            "pricing_RAM": 5,
            "pricing_data_sent": 0.01,
            "pricing_StartRequest": 4e-07
        },
        "provider_2": {
            "name": "aws",
            "estimated_latency": [
                0.24331633307457357,
                8.299787723654669,
                0.0,
                9.269229918818372,
                5.668857374633003,
                9.465385831817391,
                3.599072012628055
            ],
            "leave": false,
            "pricing_Storage_Transfer": 0,
            "max_RAM_curr": 9.131234817383652,
            "pricing_RAM": 5,
            "pricing_data_sent": 0.01,
            "pricing_StartRequest": 4e-07
        },
        "provider_3": {
            "name": "aws",
            "estimated_latency": [
                2.0444540882127273,
                9.972463751315846,
                9.269229918818372,
                0.0,
                8.606674292363,
                1.560523907001608,
                6.115584150360231
            ],
            "leave": false,
            "pricing_Storage_Transfer": 0,
            "max_RAM_curr": 16.309490751867536,
            "pricing_RAM": 5,
            "pricing_data_sent": 0.01,
            "pricing_StartRequest": 4e-07
        },
        "provider_4": {
            "name": "aws",
            "estimated_latency": [
                8.24067376101324,
                8.27762071158754,
                5.668857374633003,
                8.606674292363,
                0.0,
                5.092578118733989,
                6.467573552457624
            ],
            "leave": false,
            "pricing_Storage_Transfer": 0,
            "max_RAM_curr": 20.51065362972626,
            "pricing_RAM": 5,
            "pricing_data_sent": 0.01,
            "pricing_StartRequest": 4e-07
        },
        "provider_5": {
            "name": "aws",
            "estimated_latency": [
                6.76367222530119,
                0.10386087465325963,
                9.465385831817391,
                1.560523907001608,
                5.092578118733989,
                0.0,
                8.583087056677064
            ],
            "leave": false,
            "pricing_Storage_Transfer": 0,
            "max_RAM_curr": 6.471373961098561,
            "pricing_RAM": 5,
            "pricing_data_sent": 0.01,
            "pricing_StartRequest": 4e-07
        },
        "provider_6": {
            "name": "aws",
            "estimated_latency": [
                9.909231753615238,
                4.811586334719918,
                3.599072012628055,
                6.115584150360231,
                6.467573552457624,
                8.583087056677064,
                0.0
            ],
            "leave": false,
            "pricing_Storage_Transfer": 0,
            "max_RAM_curr": 1.635887677993409,
            "pricing_RAM": 5,
            "pricing_data_sent": 0.01,
            "pricing_StartRequest": 4e-07
        }
    }
}