{
    "name": "cloud_2_194",
    "num_nodes": 12,
    "num_leaves": 1,
    "providers": {
        "provider_0": {
            "name": "aws",
            "leave": true,
            "estimated_latency": [
                0.0,
                4.480549917571156,
                8.919565093325803,
                4.208676579857087,
                3.5748346954950874,
                1.2336503576721778,
                6.808978785303754,
                3.7459134077167686,
                4.370738212199241,
                0.29756497008128663,
                6.778263256161994,
                5.213124283474601
            ],
            "pricing_Storage_Transfer": 0,
            "max_RAM_curr": 0.07501963827234825,
            "pricing_RAM": 5,
            "pricing_data_sent": 0.01,
            "pricing_StartRequest": 4e-07
        },
        "provider_1": {
            "name": "aws",
            "estimated_latency": [
                4.480549917571156,
                0.0,
                2.1286407818060473,
                2.835442554421926,
                8.084476646422058,
                4.623990716423587,
                4.049062284438524,
                9.267479714676412,
                8.826566356152615,
                8.604626471877928,
                7.022968337254427,
                1.2030732194706637
            ],
            "leave": false,
            "pricing_Storage_Transfer": 0,
            "max_RAM_curr": 0.26320437323569307,
            "pricing_RAM": 5,
            "pricing_data_sent": 0.01,
            "pricing_StartRequest": 4e-07
        },
        "provider_2": {
            "name": "aws",
            "estimated_latency": [
                8.919565093325803,
                2.1286407818060473,
                0.0,
                6.628365064153016,
                1.5193039644167303,
                5.545987811108177,
                9.712722944130055,
                2.726557563390567,
                0.89087598861339,
                6.130491952068739,
                5.652446763654221,
                0.29611036530637985
            ],
            "leave": false,
            "pricing_Storage_Transfer": 0,
            "max_RAM_curr": 0.021346753786025068,
            "pricing_RAM": 5,
            "pricing_data_sent": 0.01,
            "pricing_StartRequest": 4e-07
        },
        "provider_3": {
            "name": "aws",
            "estimated_latency": [
                4.208676579857087,
                2.835442554421926,
                6.628365064153016,
                0.0,
                4.399076158694206,
                0.7346483604946535,
                4.4514298697406005,
                4.308315416814789,
                9.238733276959962,
                6.9155425440289555,
                5.376929378180735,
                1.3942784845982352
            ],
            "leave": false,
            "pricing_Storage_Transfer": 0,
            "max_RAM_curr": 0.08187913229139751,
            "pricing_RAM": 5,
            "pricing_data_sent": 0.01,
            "pricing_StartRequest": 4e-07
        },
        "provider_4": {
            "name": "aws",
            "estimated_latency": [
                3.5748346954950874,
                8.084476646422058,
                1.5193039644167303,
                4.399076158694206,
                0.0,
                3.5993754513487763,
                7.194041162480485,
                1.3572939343388033,
                5.930920329229225,
                5.949834127222988,
                8.493458572216989,
                8.189114966334897
            ],
            "leave": false,
            "pricing_Storage_Transfer": 0,
            "max_RAM_curr": 0.1935593893305176,
            "pricing_RAM": 5,
            "pricing_data_sent": 0.01,
            "pricing_StartRequest": 4e-07
        },
        "provider_5": {
            "name": "aws",
            "estimated_latency": [
                1.2336503576721778,
                4.623990716423587,
                5.545987811108177,
                0.7346483604946535,
                3.5993754513487763,
                0.0,
                2.081168632795912,
                9.987721630216837,
                4.962113968109525,
                3.223326545584827,
                7.4888025879173865,
                9.744899372385449
            ],
            "leave": false,
            "pricing_Storage_Transfer": 0,
            "max_RAM_curr": 0.9145452758138789,
            "pricing_RAM": 5,
            "pricing_data_sent": 0.01,
            "pricing_StartRequest": 4e-07
        },
        "provider_6": {
            "name": "aws",
            "estimated_latency": [
                6.808978785303754,
                4.049062284438524,
                9.712722944130055,
                4.4514298697406005,
                7.194041162480485,
                2.081168632795912,
                0.0,
                6.01513283158571,
                8.38542034156508,
                3.8282688767222037,
                0.6914313507388082,
                1.809431572136058
            ],
            "leave": false,
            "pricing_Storage_Transfer": 0,
            "max_RAM_curr": 0.9871977862075301,
            "pricing_RAM": 5,
            "pricing_data_sent": 0.01,
            "pricing_StartRequest": 4e-07
        },
        "provider_7": {
            "name": "aws",
            "estimated_latency": [
                3.7459134077167686,
                9.267479714676412,
                2.726557563390567,
                4.308315416814789,
                1.3572939343388033,
                9.987721630216837,
                6.01513283158571,
                0.0,
                2.4729674785850033,
                6.427190227262924,
                7.592888828711309,
                3.477709300755204
            ],
            "leave": false,
            "pricing_Storage_Transfer": 0,
            "max_RAM_curr": 0.527433272329118,
            "pricing_RAM": 5,
            "pricing_data_sent": 0.01,
            "pricing_StartRequest": 4e-07
        },
        "provider_8": {
            "name": "aws",
            "estimated_latency": [
                4.370738212199241,
                8.826566356152615,
                0.89087598861339,
                9.238733276959962,
                5.930920329229225,
                4.962113968109525,
                8.38542034156508,
                2.4729674785850033,
                0.0,
                9.78672951479819,
                9.075676018337656,
                1.0391702579583024
            ],
            "leave": false,
            "pricing_Storage_Transfer": 0,
            "max_RAM_curr": 0.33827604061951555,
            "pricing_RAM": 5,
            "pricing_data_sent": 0.01,
            "pricing_StartRequest": 4e-07
        },
        "provider_9": {
            "name": "aws",
            "estimated_latency": [
                0.29756497008128663,
                8.604626471877928,
                6.130491952068739,
                6.9155425440289555,
                5.949834127222988,
                3.223326545584827,
                3.8282688767222037,
                6.427190227262924,
                9.78672951479819,
                0.0,
                7.575471366386308,
                6.613199540817532
            ],
            "leave": false,
            "pricing_Storage_Transfer": 0,
            "max_RAM_curr": 0.09649359714466181,
            "pricing_RAM": 5,
            "pricing_data_sent": 0.01,
            "pricing_StartRequest": 4e-07
        },
        "provider_10": {
            "name": "aws",