{
    "name": "cloud_2_469",
    "num_nodes": 16,
    "num_leaves": 1,
    "providers": {
        "provider_0": {
            "name": "aws",
            "leave": true,
            "estimated_latency": [
                0.0,
                7.436384046371436,
                0.25287784618482007,
                9.486906203385372,
                8.264260415689362,
                4.297965271682992,
                3.473039311576899,
                8.338877177955785,
                3.7954928937916526,
                6.100446499335967,
                6.819919856464952,
                2.474432834235386,
                1.3699138511156856,
                7.9787368795462426,
                7.115224149279947,
                6.999610241402308
            ],
            "pricing_Storage_Transfer": 0,
            "max_RAM_curr": 1.9271536674043677,
            "pricing_RAM": 5,
            "pricing_data_sent": 0.01,
            "pricing_StartRequest": 4e-07
        },
        "provider_1": {
            "name": "aws",
            "estimated_latency": [
                7.436384046371436,
                0.0,
                6.988582666227019,
                3.417794480908283,
                1.1078296998875004,
                2.2031832307733388,
                7.719158467230795,
                5.18124572229048,
                9.929108760845002,
                5.114147707198522,
                9.914338061611309,
                8.709225150612612,
                5.748242552297422,
                7.386133444285887,
                1.8633108497234934,
                2.022240411129015
            ],
            "leave": false,
            "pricing_Storage_Transfer": 0,
            "max_RAM_curr": 0.729079281345295,
            "pricing_RAM": 5,
            "pricing_data_sent": 0.01,
            "pricing_StartRequest": 4e-07
        },
        "provider_2": {
            "name": "aws",
            "estimated_latency": [
                0.25287784618482007,
                6.988582666227019,
                0.0,
                3.8533960447502897,
                5.951706941752783,
                9.108033416276024,
                2.248010962546743,
                5.10036585706491,
                2.8693960608283366,
                9.376112899388543,
                0.18955508937190196,
                1.02296649232775,
                8.08335502318406,
                6.087801730633791,
                2.505599414935971,
                5.443726217422028
            ],
            "leave": false,
            "pricing_Storage_Transfer": 0,
            "max_RAM_curr": 0.22695501119239495,
            "pricing_RAM": 5,
            "pricing_data_sent": 0.01,
            "pricing_StartRequest": 4e-07
        },
        "provider_3": {
            "name": "aws",
            "estimated_latency": [
                9.486906203385372,
                3.417794480908283,
                3.8533960447502897,
                0.0,
                2.093659111757536,
                8.137653750958524,
                6.68253037440575,
                3.751250500384537,
                7.257165522530478,
                7.331334890905941,
                3.1611669535802056,
                7.389008402409884,
                1.057712049530952,
                3.047519414974236,
                4.34972413117078,
                5.3349768988238635
            ],
            "leave": false,
            "pricing_Storage_Transfer": 0,
            "max_RAM_curr": 2.811014816815007,
            "pricing_RAM": 5,
            "pricing_data_sent": 0.01,
            "pricing_StartRequest": 4e-07
        },
        "provider_4": {
            "name": "aws",
            "estimated_latency": [
                8.264260415689362,
                1.1078296998875004,
                5.951706941752783,
                2.093659111757536,
                0.0,
                5.31734656524478,
                6.8988945065314855,
                2.7629447162282754,
                5.833561312370807,
                9.976938524484368,
                9.806252600970435,
                0.811148422386398,
                3.2886612705821006,
                1.8850511835733972,
                7.7662019598844045,
                9.638799552948278
            ],
            "leave": false,
            "pricing_Storage_Transfer": 0,
            "max_RAM_curr": 1.2727438419386492,
            "pricing_RAM": 5,
            "pricing_data_sent": 0.01,
            "pricing_StartRequest": 4e-07
        },
        "provider_5": {
            "name": "aws",
            "estimated_latency": [
                4.297965271682992,
                2.2031832307733388,
                9.108033416276024,
                8.137653750958524,
                5.31734656524478,
                0.0,
                2.518036161929657,
                1.8416572892032974,
                2.8627729689353085,
                3.398146818274882,
                8.722620387795477,
                6.4290483991912755,
                8.001652593291386,
                1.4057612174672809,
                2.924223259177633,
                4.989424147265566
            ],
            "leave": false,
            "pricing_Storage_Transfer": 0,
            "max_RAM_curr": 0.8602851286308978,
            "pricing_RAM": 5,
            "pricing_data_sent": 0.01,
            "pricing_StartRequest": 4e-07
        },
        "provider_6": {
            "name": "aws",
            "estimated_latency": [
                3.473039311576899,
                7.719158467230795,
                2.248010962546743,
                6.68253037440575,
                6.8988945065314855,
                2.518036161929657,
                0.0,
                9.306988869336427,
                8.954348943855729,
                8.444255308180308,
                9.311077133136433,
                1.319499438149953,
                2.0134534923948304,
                5.446533899966895,
                3.0980287291021953,
                8.74880027484294
            ],
            "leave": false,
            "pricing_Storage_Transfer": 0,
            "max_RAM_curr": 1.663213893843543,
            "pricing_RAM": 5,
            "pricing_data_sent": 0.01,
            "pricing_StartRequest": 4e-07
        },
        "provider_7": {
            "name": "aws",
            "estimated_latency": [
                8.338877177955785,
                5.18124572229048,
                5.10036585706491,
                3.751250500384537,
                2.7629447162282754,
                1.8416572892032974,
                9.306988869336427,
                0.0,
                0.45308044207822695,
                5.619845130079242,
                5.461602958298167,
                2.8006313386616712,
                9.110945491866309,
                9.181636767021994,
                8.560891299363059,
                3.738491512363566
            ],
            "leave": false,
            "pricing_Storage_Transfer": 0,
            "max_RAM_curr": 0.9583893133013144,
            "pricing_RAM": 5,
            "pricing_data_sent": 0.01,
            "pricing_StartRequest": 4e-07
        },
        "provider_8": {
            "name": "aws",
            "estimated_latency": [
                3.7954928937916526,
                9.929108760845002,
                2.8693960608283366,
                7.257165522530478,
                5.833561312370807,
                2.8627729689353085,
                8.954348943855729,
                0.45308044207822695,
                0.0,
                7.20682248753905,
                9.28774789419848,
                7.955704374657085,
                5.014857999622279,
                2.9684481828359734,
                1.7818093592136612,
                5.93171813398563
            ],
            "leave": false,
            "pricing_Storage_Transfer": 0,
            "max_RAM_curr": 0.2520754013448943,