{
    "name": "cloud_2_964",
    "num_nodes": 10,
    "num_leaves": 1,
    "providers": {
        "provider_0": {
            "name": "aws",
            "leave": true,
            "estimated_latency": [
                0.0,
                1.0805737521205159,
                3.960610493350093,
                4.8129919386216615,
                5.638112747409141,
                7.840023151642169,
                0.6875247882958089,
                4.445288697771519,
                6.067860027633743,
                4.244844872470617
            ],
            "pricing_Storage_Transfer": 0,
            "max_RAM_curr": 0.009432270619596318,
            "pricing_RAM": 5,
            "pricing_data_sent": 0.01,
            "pricing_StartRequest": 4e-07
        },
        "provider_1": {
            "name": "aws",
            "estimated_latency": [
                1.0805737521205159,
                0.0,
                4.750274615464662,
                4.071726923827096,
                4.888718684195706,
                4.037841328271503,
                3.63811306072079,
                0.14252287802622732,
                9.499638943743221,
                2.8346527064007883
            ],
            "leave": false,
            "pricing_Storage_Transfer": 0,
            "max_RAM_curr": 0.11696954015678138,
            "pricing_RAM": 5,
            "pricing_data_sent": 0.01,
            "pricing_StartRequest": 4e-07
        },
        "provider_2": {
            "name": "aws",
            "estimated_latency": [
                3.960610493350093,
                4.750274615464662,
                0.0,
                0.4388475019235578,
                7.820055617415141,
                1.7872405170490504,
                8.338034007891137,
                5.343614336064315,
                1.7403592154335912,
                2.814585385109288
            ],
            "leave": false,
            "pricing_Storage_Transfer": 0,
            "max_RAM_curr": 0.11694035211149473,
            "pricing_RAM": 5,
            "pricing_data_sent": 0.01,
            "pricing_StartRequest": 4e-07
        },
        "provider_3": {
            "name": "aws",
            "estimated_latency": [
                4.8129919386216615,
                4.071726923827096,
                0.4388475019235578,
                0.0,
                8.626744601362661,
                7.86205836414493,
                9.56076090048553,
                6.622403966780704,
                9.626189118369801,
                6.353442637315845
            ],
            "leave": false,
            "pricing_Storage_Transfer": 0,
            "max_RAM_curr": 0.9181540075664383,
            "pricing_RAM": 5,
            "pricing_data_sent": 0.01,
            "pricing_StartRequest": 4e-07
        },
        "provider_4": {
            "name": "aws",
            "estimated_latency": [
                5.638112747409141,
                4.888718684195706,
                7.820055617415141,
                8.626744601362661,
                0.0,
                6.402234379933143,
                5.871920326403613,
                6.910571270855534,
                1.356578908631746,
                9.787897679806534
            ],
            "leave": false,
            "pricing_Storage_Transfer": 0,
            "max_RAM_curr": 0.5444634869260887,
            "pricing_RAM": 5,
            "pricing_data_sent": 0.01,
            "pricing_StartRequest": 4e-07
        },
        "provider_5": {
            "name": "aws",
            "estimated_latency": [
                7.840023151642169,
                4.037841328271503,
                1.7872405170490504,
                7.86205836414493,
                6.402234379933143,
                0.0,
                4.193967556780603,
                5.872546541909617,
                8.36153955320881,
                6.067790971124121
            ],
            "leave": false,
            "pricing_Storage_Transfer": 0,
            "max_RAM_curr": 0.08403925394336595,
            "pricing_RAM": 5,
            "pricing_data_sent": 0.01,
            "pricing_StartRequest": 4e-07
        },
        "provider_6": {
            "name": "aws",
            "estimated_latency": [
                0.6875247882958089,
                3.63811306072079,
                8.338034007891137,
                9.56076090048553,
                5.871920326403613,
                4.193967556780603,
                0.0,
                1.6136244675411984,
                6.397256271369954,
                8.966072005311796
            ],
            "leave": false,
            "pricing_Storage_Transfer": 0,
            "max_RAM_curr": 0.9134649558985736,
            "pricing_RAM": 5,
            "pricing_data_sent": 0.01,
            "pricing_StartRequest": 4e-07
        },
        "provider_7": {
            "name": "aws",
            "estimated_latency": [
                4.445288697771519,
                0.14252287802622732,
                5.343614336064315,
                6.622403966780704,
                6.910571270855534,
                5.872546541909617,
                1.6136244675411984,
                0.0,
                8.887003611105461,
                0.7889720054952343
            ],
            "leave": false,
            "pricing_Storage_Transfer": 0,
            "max_RAM_curr": 0.2833680263071869,
            "pricing_RAM": 5,
            "pricing_data_sent": 0.01,
            "pricing_StartRequest": 4e-07
        },
        "provider_8": {
            "name": "aws",
            "estimated_latency": [
                6.067860027633743,
                9.499638943743221,
                1.7403592154335912,
                9.626189118369801,
                1.356578908631746,
                8.36153955320881,
                6.397256271369954,
                8.887003611105461,
                0.0,
                3.292388349748547
            ],
            "leave": false,
            "pricing_Storage_Transfer": 0,
            "max_RAM_curr": 0.1696329357592523,
            "pricing_RAM": 5,
            "pricing_data_sent": 0.01,
            "pricing_StartRequest": 4e-07
        },
        "provider_9": {
            "name": "aws",
            "estimated_latency": [
                4.244844872470617,
                2.8346527064007883,
                2.814585385109288,
                6.353442637315845,
                9.787897679806534,
                6.067790971124121,
                8.966072005311796,
                0.7889720054952343,
                3.292388349748547,
                0.0
            ],
            "leave": false,
            "pricing_Storage_Transfer": 0,
            "max_RAM_curr": 0.06062592223084246,
            "pricing_RAM": 5,
            "pricing_data_sent": 0.01,
            "pricing_StartRequest": 4e-07
        }
    }
}