{
    "name": "cloud_2_924",
    "num_nodes": 11,
    "num_leaves": 1,
    "providers": {
        "provider_0": {
            "name": "aws",
            "leave": true,
            "estimated_latency": [
                0.0,
                4.288814617949023,
                0.6146033189934269,
                0.3024263363418316,
                6.045558573650176,
                6.606521602402595,
                7.99482968310884,
                8.302959928673735,
                2.947580444478221,
                7.772215376014217,
                6.663941047421078
            ],
            "pricing_Storage_Transfer": 0,
            "max_RAM_curr": 3.631915471130836,
            "pricing_RAM": 5,
            "pricing_data_sent": 0.01,
            "pricing_StartRequest": 4e-07
        },
        "provider_1": {
            "name": "aws",
            "estimated_latency": [
                4.288814617949023,
                0.0,
                7.5931556230887765,
                5.304098934001272,
                1.706999655415841,
                5.384037748478529,
                8.048941463001759,
                5.436116862952851,
                7.08529558889067,
                2.988204464668575,
                4.450193969924721
            ],
            "leave": false,
            "pricing_Storage_Transfer": 0,
            "max_RAM_curr": 25.977427828294505,
            "pricing_RAM": 5,
            "pricing_data_sent": 0.01,
            "pricing_StartRequest": 4e-07
        },
        "provider_2": {
            "name": "aws",
            "estimated_latency": [
                0.6146033189934269,
                7.5931556230887765,
                0.0,
                1.4061393021252697,
                9.046234271200301,
                8.886107341108621,
                3.6871494490576184,
                7.522376517744719,
                4.119086918278686,
                1.0535509603623725,
                2.522330740333232
            ],
            "leave": false,
            "pricing_Storage_Transfer": 0,
            "max_RAM_curr": 12.786814953800981,
            "pricing_RAM": 5,
            "pricing_data_sent": 0.01,
            "pricing_StartRequest": 4e-07
        },
        "provider_3": {
            "name": "aws",
            "estimated_latency": [
                0.3024263363418316,
                5.304098934001272,
                1.4061393021252697,
                0.0,
                5.896406796854682,
                7.97076755466852,
                5.328046191066701,
                0.9365894391298659,
                8.099351716695134,
                5.553038828118883,
                4.754430722212999
            ],
            "leave": false,
            "pricing_Storage_Transfer": 0,
            "max_RAM_curr": 7.0041040248239,
            "pricing_RAM": 5,
            "pricing_data_sent": 0.01,
            "pricing_StartRequest": 4e-07
        },
        "provider_4": {
            "name": "aws",
            "estimated_latency": [
                6.045558573650176,
                1.706999655415841,
                9.046234271200301,
                5.896406796854682,
                0.0,
                9.315501227136304,
                6.15809722671873,
                5.560132440544356,
                1.3413572161961516,
                7.284102346709866,
                1.5504768019529054
            ],
            "leave": false,
            "pricing_Storage_Transfer": 0,
            "max_RAM_curr": 0.8028254027691761,
            "pricing_RAM": 5,
            "pricing_data_sent": 0.01,
            "pricing_StartRequest": 4e-07
        },
        "provider_5": {
            "name": "aws",
            "estimated_latency": [
                6.606521602402595,
                5.384037748478529,
                8.886107341108621,
                7.97076755466852,
                9.315501227136304,
                0.0,
                5.772205391822311,
                4.69144604460666,
                2.777157757308398,
                9.464826657372853,
                3.9653746741302425
            ],
            "leave": false,
            "pricing_Storage_Transfer": 0,
            "max_RAM_curr": 6.127779320993068,
            "pricing_RAM": 5,
            "pricing_data_sent": 0.01,
            "pricing_StartRequest": 4e-07
        },
        "provider_6": {
            "name": "aws",
            "estimated_latency": [
                7.99482968310884,
                8.048941463001759,
                3.6871494490576184,
                5.328046191066701,
                6.15809722671873,
                5.772205391822311,
                0.0,
                8.731475540121385,
                5.773077708792358,
                1.246594106758101,
                5.605006693276672
            ],
            "leave": false,
            "pricing_Storage_Transfer": 0,
            "max_RAM_curr": 5.6059445732262985,
            "pricing_RAM": 5,
            "pricing_data_sent": 0.01,
            "pricing_StartRequest": 4e-07
        },
        "provider_7": {
            "name": "aws",
            "estimated_latency": [
                8.302959928673735,
                5.436116862952851,
                7.522376517744719,
                0.9365894391298659,
                5.560132440544356,
                4.69144604460666,
                8.731475540121385,
                0.0,
                6.390260544254496,
                7.005227709925169,
                4.695479390448402
            ],
            "leave": false,
            "pricing_Storage_Transfer": 0,
            "max_RAM_curr": 8.953904185487346,
            "pricing_RAM": 5,
            "pricing_data_sent": 0.01,
            "pricing_StartRequest": 4e-07
        },
        "provider_8": {
            "name": "aws",
            "estimated_latency": [
                2.947580444478221,
                7.08529558889067,
                4.119086918278686,
                8.099351716695134,
                1.3413572161961516,
                2.777157757308398,
                5.773077708792358,
                6.390260544254496,
                0.0,
                5.6920596359133215,
                8.422133663053888
            ],
            "leave": false,
            "pricing_Storage_Transfer": 0,
            "max_RAM_curr": 8.970079031855354,
            "pricing_RAM": 5,
            "pricing_data_sent": 0.01,
            "pricing_StartRequest": 4e-07
        },
        "provider_9": {
            "name": "aws",
            "estimated_latency": [
                7.772215376014217,
                2.988204464668575,
                1.0535509603623725,
                5.553038828118883,
                7.284102346709866,
                9.464826657372853,
                1.246594106758101,
                7.005227709925169,
                5.6920596359133215,
                0.0,
                5.754068750314983
            ],
            "leave": false,
            "pricing_Storage_Transfer": 0,
            "max_RAM_curr": 47.660781753003306,
            "pricing_RAM": 5,
            "pricing_data_sent": 0.01,
            "pricing_StartRequest": 4e-07
        },
        "provider_10": {
            "name": "aws",
            "estimated_latency": [
                6.663941047421078,
                4.450193969924721,
                2.522330740333232,
                4.754430722212999,
                1.5504768019529054,
                3.9653746741302425,
                5.605006693276672,
                4.695479390448402,
                8.422133663053888,
                5.754068750314983,
                0.0
            ],
            "leave": false,
            "pricing_Storage_Transfer": 0,
            "max_RAM_curr": 6.217567842123052,
            "pricing_RAM": 5,
            "pricing_data_sent": 0.01,
            "pricing_StartRequest": 4e-07
        }
    }
}