{
    "name": "cloud_1_7",
    "num_nodes": 7,
    "num_leaves": 1,
    "providers": {
        "provider_0": {
            "name": "aws",
            "leave": true,
            "estimated_latency": [
                0.0,
                54.22110696319494,
                76.97675216253938,
                43.175519627143146,
                89.32188285911633,
                71.82808456218332,
                38.6291453770859
            ],
            "pricing_Storage_Transfer": 0,
            "max_RAM_curr": 1314.4109727715104,
            "pricing_RAM": 5,
            "pricing_data_sent": 0.01,
            "pricing_StartRequest": 4e-07,
            "max_ram_curr": 1131.717164627304
        },
        "provider_1": {
            "name": "aws",
            "estimated_latency": [
                54.22110696319494,
                0.0,
                5.8618163113556,
                82.50805281548527,
                56.36095171358784,
                7.46884553001974,
                41.948259908069694
            ],
            "leave": false,
            "pricing_Storage_Transfer": 0,
            "max_RAM_curr": 458.9987222585012,
            "pricing_RAM": 5,
            "pricing_data_sent": 0.01,
            "pricing_StartRequest": 4e-07,
            "max_ram_curr": 458.9987222585012
        },
        "provider_2": {
            "name": "aws",
            "estimated_latency": [
                76.97675216253938,
                5.8618163113556,
                0.0,
                34.09361844532178,
                60.17616634944357,
                45.18943413348696,
                4.927266745502955
            ],
            "leave": false,
            "pricing_Storage_Transfer": 0,
            "max_RAM_curr": 424.7229799856857,
            "pricing_RAM": 5,
            "pricing_data_sent": 0.01,
            "pricing_StartRequest": 4e-07,
            "max_ram_curr": 424.7229799856857
        },
        "provider_3": {
            "name": "aws",
            "estimated_latency": [
                43.175519627143146,
                82.50805281548527,
                34.09361844532178,
                0.0,
                47.74711078405796,
                50.68345262935108,
                70.424522431661
            ],
            "leave": false,
            "pricing_Storage_Transfer": 0,
            "max_RAM_curr": 3873.2839188771354,
            "pricing_RAM": 5,
            "pricing_data_sent": 0.01,
            "pricing_StartRequest": 4e-07,
            "max_ram_curr": 3873.2839188771354
        },
        "provider_4": {
            "name": "aws",
            "estimated_latency": [
                89.32188285911633,
                56.36095171358784,
                60.17616634944357,
                47.74711078405796,
                0.0,
                63.970131485263806,
                39.92705356596853
            ],
            "leave": false,
            "pricing_Storage_Transfer": 0,
            "max_RAM_curr": 748.6563138825273,
            "pricing_RAM": 5,
            "pricing_data_sent": 0.01,
            "pricing_StartRequest": 4e-07,
            "max_ram_curr": 748.6563138825273
        },
        "provider_5": {
            "name": "aws",
            "estimated_latency": [
                71.82808456218332,
                7.46884553001974,
                45.18943413348696,
                50.68345262935108,
                63.970131485263806,
                0.0,
                38.897963558728506
            ],
            "leave": false,
            "pricing_Storage_Transfer": 0,
            "max_RAM_curr": 1714.4743651637486,
            "pricing_RAM": 5,
            "pricing_data_sent": 0.01,
            "pricing_StartRequest": 4e-07,
            "max_ram_curr": 1714.4743651637486
        },
        "provider_6": {
            "name": "aws",
            "estimated_latency": [
                38.6291453770859,
                41.948259908069694,
                4.927266745502955,
                70.424522431661,
                39.92705356596853,
                38.897963558728506,
                0.0
            ],
            "leave": false,
            "pricing_Storage_Transfer": 0,
            "max_RAM_curr": 100.89187308404495,
            "pricing_RAM": 5,
            "pricing_data_sent": 0.01,
            "pricing_StartRequest": 4e-07,
            "max_ram_curr": 100.89187308404495
        }
    }
}