{
    "name": "cloud_2_677",
    "num_nodes": 19,
    "num_leaves": 1,
    "providers": {
        "provider_0": {
            "name": "aws",
            "leave": true,
            "estimated_latency": [
                0.0,
                3.0886577527251386,
                8.001343887390624,
                3.763420938799231,
                8.926048109500234,
                5.5802624626100545,
                2.592918420774969,
                7.756952046853251,
                3.999439209978055,
                0.18980387741549226,
                5.547810178864917,
                8.85684164012005,
                2.9961621343332046,
                0.8757738337995667,
                5.903821733617824,
                9.481912690704197,
                3.35688041927693,
                9.574883290489057,
                1.4075407236356259
            ],
            "pricing_Storage_Transfer": 0,
            "max_RAM_curr": 0.3873502705521303,
            "pricing_RAM": 5,
            "pricing_data_sent": 0.01,
            "pricing_StartRequest": 4e-07
        },
        "provider_1": {
            "name": "aws",
            "estimated_latency": [
                3.0886577527251386,
                0.0,
                3.2267491741812844,
                1.1097809085614165,
                2.699738444216006,
                5.25833798946351,
                2.4701601267336835,
                1.3661738054462786,
                4.142439071818533,
                7.913971199798657,
                2.4039914241685243,
                3.176060493891448,
                1.4777690854337875,
                5.319632863826793,
                2.460402471490966,
                0.565904559930276,
                4.598688501996248,
                4.76482606374351,
                2.1571604810598903
            ],
            "leave": false,
            "pricing_Storage_Transfer": 0,
            "max_RAM_curr": 0.32431094065482285,
            "pricing_RAM": 5,
            "pricing_data_sent": 0.01,
            "pricing_StartRequest": 4e-07
        },
        "provider_2": {
            "name": "aws",
            "estimated_latency": [
                8.001343887390624,
                3.2267491741812844,
                0.0,
                7.524311124985941,
                4.090014133670648,
                0.6067067187368061,
                8.799137430875021,
                4.113481093808571,
                6.034652861328809,
                3.0730656458081675,
                3.5570871054202597,
                2.3251561109377357,
                3.0620956927551934,
                0.1057906651431973,
                8.876213679560603,
                8.866538746454426,
                8.230039493304073,
                1.6945352540923226,
                2.813667767642357
            ],
            "leave": false,
            "pricing_Storage_Transfer": 0,
            "max_RAM_curr": 0.1254553729349729,
            "pricing_RAM": 5,
            "pricing_data_sent": 0.01,
            "pricing_StartRequest": 4e-07
        },
        "provider_3": {
            "name": "aws",
            "estimated_latency": [
                3.763420938799231,
                1.1097809085614165,
                7.524311124985941,
                0.0,
                0.5781705027910797,
                6.06346387135445,
                7.510057027278212,
                0.709060680179523,
                6.138993404532705,
                4.462392430558155,
                5.946418185840807,
                3.027647159160967,
                4.327025005483698,
                6.977867728532928,
                8.705191043686408,
                5.342491565417696,
                8.885485026237234,
                0.3578162062911503,
                1.074209516676632
            ],
            "leave": false,
            "pricing_Storage_Transfer": 0,
            "max_RAM_curr": 1.687403921611133,
            "pricing_RAM": 5,
            "pricing_data_sent": 0.01,
            "pricing_StartRequest": 4e-07
        },
        "provider_4": {
            "name": "aws",
            "estimated_latency": [
                8.926048109500234,
                2.699738444216006,
                4.090014133670648,
                0.5781705027910797,
                0.0,
                3.114725752660882,
                6.361664110549551,
                9.518234449020808,
                0.7253102749037957,
                6.74775349013179,
                6.183534893372047,
                7.297544108745764,
                9.974253574265505,
                4.955054282865471,
                6.044189738175289,
                1.7762668249224522,
                4.364819304516567,
                8.61017241421723,
                9.009612296379276
            ],
            "leave": false,
            "pricing_Storage_Transfer": 0,
            "max_RAM_curr": 0.9580290193342184,
            "pricing_RAM": 5,
            "pricing_data_sent": 0.01,
            "pricing_StartRequest": 4e-07
        },
        "provider_5": {
            "name": "aws",
            "estimated_latency": [
                5.5802624626100545,
                5.25833798946351,
                0.6067067187368061,
                6.06346387135445,
                3.114725752660882,
                0.0,
                8.107894069318833,
                7.810033801476348,
                5.2273471012616675,
                4.588585209122334,
                6.84700578974173,
                1.7130763422229256,
                0.36770209331136827,
                0.1623376106333382,
                0.1782579462467867,
                5.209527580358112,
                9.539967479309487,
                3.291123204732803,
                2.4232554543614584
            ],
            "leave": false,
            "pricing_Storage_Transfer": 0,
            "max_RAM_curr": 1.6499159830426964,
            "pricing_RAM": 5,
            "pricing_data_sent": 0.01,
            "pricing_StartRequest": 4e-07
        },
        "provider_6": {
            "name": "aws",
            "estimated_latency": [
                2.592918420774969,
                2.4701601267336835,
                8.799137430875021,
                7.510057027278212,
                6.361664110549551,
                8.107894069318833,
                0.0,
                8.775702006163302,
                0.1568356601662657,
                1.719629895022171,
                2.422940029157397,
                4.215427918593286,
                5.5540965631520605,
                4.76030045825701,
                1.2312941566664135,
                3.526780467238143,
                9.01507589111848,
                0.8396625509120813,
                8.013193114583345
            ],
            "leave": false,
            "pricing_Storage_Transfer": 0,
            "max_RAM_curr": 0.20288630907967706,
            "pricing_RAM": 5,
            "pricing_data_sent": 0.01,
            "pricing_StartRequest": 4e-07
        },
        "provider_7": {
            "name": "aws",
            "estimated_latency": [
                7.756952046853251,
                1.3661738054462786,
                4.113481093808571,
                0.709060680179523,
                9.518234449020808,
                7.810033801476348,
                8.775702006163302,
                0.0,
                6.595168998135985,
                6.937654278234634,
                2.376332866906377,
                0.560072138365815,
                3.8325442361919717,
                5.9455746463066665,
                6.6776659659357245,
                7.797050768177115,
                4.180565425202725,
                6.58001732853644,
                2.6146158066638714
            ],
            "leave": false,
            "pricing_Storage_Transfer": 0,
            "max_RAM_curr": 0.8779172843693147,
            "pricing_RAM": 5,