{
    "name": "cloud_2_132",
    "num_nodes": 12,
    "num_leaves": 1,
    "providers": {
        "provider_0": {
            "name": "aws",
            "leave": true,
            "estimated_latency": [
                0.0,
                5.871688861068131,
                8.874811284587008,
                9.369148342329515,
                5.864221198114294,
                6.730672802727438,
                3.663186387113813,
                1.5915392153863923,
                4.824934612578825,
                5.9654931520990955,
                2.0604033393148686,
                3.5617526838516214
            ],
            "pricing_Storage_Transfer": 0,
            "max_RAM_curr": 0.5525942794123915,
            "pricing_RAM": 5,
            "pricing_data_sent": 0.01,
            "pricing_StartRequest": 4e-07
        },
        "provider_1": {
            "name": "aws",
            "estimated_latency": [
                5.871688861068131,
                0.0,
                4.915208084572413,
                1.1368912797865933,
                1.9545159305114341,
                7.823519153771717,
                9.421236735312773,
                9.052171777253122,
                2.8961415372386954,
                7.699071142251579,
                4.447988635149581,
                1.8813634715828362
            ],
            "leave": false,
            "pricing_Storage_Transfer": 0,
            "max_RAM_curr": 29.17254551352123,
            "pricing_RAM": 5,
            "pricing_data_sent": 0.01,
            "pricing_StartRequest": 4e-07
        },
        "provider_2": {
            "name": "aws",
            "estimated_latency": [
                8.874811284587008,
                4.915208084572413,
                0.0,
                0.6125366414461986,
                2.8839348933622513,
                2.295518072944408,
                6.2832013490008585,
                4.249905613048149,
                8.417216004888866,
                3.0455745901759257,
                6.018265464493051,
                1.5333871996393025
            ],
            "leave": false,
            "pricing_Storage_Transfer": 0,
            "max_RAM_curr": 30.90473297960003,
            "pricing_RAM": 5,
            "pricing_data_sent": 0.01,
            "pricing_StartRequest": 4e-07
        },
        "provider_3": {
            "name": "aws",
            "estimated_latency": [
                9.369148342329515,
                1.1368912797865933,
                0.6125366414461986,
                0.0,
                5.624066582769402,
                0.9576191592470688,
                5.20038038132967,
                4.702076212080365,
                3.9678108549630764,
                9.879097326660375,
                3.4558717758732427,
                1.470992249651566
            ],
            "leave": false,
            "pricing_Storage_Transfer": 0,
            "max_RAM_curr": 11.492284639674859,
            "pricing_RAM": 5,
            "pricing_data_sent": 0.01,
            "pricing_StartRequest": 4e-07
        },
        "provider_4": {
            "name": "aws",
            "estimated_latency": [
                5.864221198114294,
                1.9545159305114341,
                2.8839348933622513,
                5.624066582769402,
                0.0,
                0.2267762078261443,
                2.028660145837741,
                2.1387780037083295,
                5.674935569193307,
                4.3266517054556495,
                2.873827665240617,
                2.009004397300965
            ],
            "leave": false,
            "pricing_Storage_Transfer": 0,
            "max_RAM_curr": 2.2556942482634437,
            "pricing_RAM": 5,
            "pricing_data_sent": 0.01,
            "pricing_StartRequest": 4e-07
        },
        "provider_5": {
            "name": "aws",
            "estimated_latency": [
                6.730672802727438,
                7.823519153771717,
                2.295518072944408,
                0.9576191592470688,
                0.2267762078261443,
                0.0,
                5.273807058317399,
                5.749548108355428,
                0.39881370821020545,
                1.8439539146443358,
                5.413253871822067,
                5.610804241192387
            ],
            "leave": false,
            "pricing_Storage_Transfer": 0,
            "max_RAM_curr": 15.235048669682325,
            "pricing_RAM": 5,
            "pricing_data_sent": 0.01,
            "pricing_StartRequest": 4e-07
        },
        "provider_6": {
            "name": "aws",
            "estimated_latency": [
                3.663186387113813,
                9.421236735312773,
                6.2832013490008585,
                5.20038038132967,
                2.028660145837741,
                5.273807058317399,
                0.0,
                4.357132599277162,
                4.818197219338755,
                9.083927996576094,
                3.260298728464944,
                6.4200610657820585
            ],
            "leave": false,
            "pricing_Storage_Transfer": 0,
            "max_RAM_curr": 3.8458649477516667,
            "pricing_RAM": 5,
            "pricing_data_sent": 0.01,
            "pricing_StartRequest": 4e-07
        },
        "provider_7": {
            "name": "aws",
            "estimated_latency": [
                1.5915392153863923,
                9.052171777253122,
                4.249905613048149,
                4.702076212080365,
                2.1387780037083295,
                5.749548108355428,
                4.357132599277162,
                0.0,
                8.740411992321224,
                8.740704437338525,
                7.708556029565902,
                1.0672763801337386
            ],
            "leave": false,
            "pricing_Storage_Transfer": 0,
            "max_RAM_curr": 2.6028409999134157,
            "pricing_RAM": 5,
            "pricing_data_sent": 0.01,
            "pricing_StartRequest": 4e-07
        },
        "provider_8": {
            "name": "aws",
            "estimated_latency": [
                4.824934612578825,
                2.8961415372386954,
                8.417216004888866,
                3.9678108549630764,
                5.674935569193307,
                0.39881370821020545,
                4.818197219338755,
                8.740411992321224,
                0.0,
                9.968103853530096,
                2.619995950047789,
                4.1653224826644735
            ],
            "leave": false,
            "pricing_Storage_Transfer": 0,
            "max_RAM_curr": 0.11816853454668796,
            "pricing_RAM": 5,
            "pricing_data_sent": 0.01,
            "pricing_StartRequest": 4e-07
        },
        "provider_9": {
            "name": "aws",
            "estimated_latency": [
                5.9654931520990955,
                7.699071142251579,
                3.0455745901759257,
                9.879097326660375,
                4.3266517054556495,
                1.8439539146443358,
                9.083927996576094,
                8.740704437338525,
                9.968103853530096,
                0.0,
                8.153380796602711,
                5.41164646070038
            ],
            "leave": false,
            "pricing_Storage_Transfer": 0,
            "max_RAM_curr": 17.994755556061875,
            "pricing_RAM": 5,
            "pricing_data_sent": 0.01,
            "pricing_StartRequest": 4e-07
        },
        "provider_10": {
            "name": "aws",