{
    "name": "cloud_2_735",
    "num_nodes": 12,
    "num_leaves": 1,
    "providers": {
        "provider_0": {
            "name": "aws",
            "leave": true,
            "estimated_latency": [
                0.0,
                7.1072193438566,
                6.047528313492348,
                2.9597829721967615,
                7.8347492271099535,
                7.1110325347079835,
                9.669272513878697,
                0.7354537008917752,
                4.889347594340328,
                5.099260995043375,
                8.105802263871766,
                2.212580085403774
            ],
            "pricing_Storage_Transfer": 0,
            "max_RAM_curr": 0.2505350022288317,
            "pricing_RAM": 5,
            "pricing_data_sent": 0.01,
            "pricing_StartRequest": 4e-07,
            "max_ram_curr": 0.2505350022288317
        },
        "provider_1": {
            "name": "aws",
            "estimated_latency": [
                7.1072193438566,
                0.0,
                6.73835376515045,
                0.6998922713197759,
                1.1111084604020676,
                1.8691101364111724,
                2.836185401503185,
                5.764024191015083,
                9.881883207053635,
                3.755362378596057,
                1.8299392665127165,
                5.644438356138356
            ],
            "leave": false,
            "pricing_Storage_Transfer": 0,
            "max_RAM_curr": 1.210552499189392,
            "pricing_RAM": 5,
            "pricing_data_sent": 0.01,
            "pricing_StartRequest": 4e-07,
            "max_ram_curr": 1.210552499189392
        },
        "provider_2": {
            "name": "aws",
            "estimated_latency": [
                6.047528313492348,
                6.73835376515045,
                0.0,
                0.2555023428110414,
                8.412834063207438,
                8.436819348325916,
                2.9349594691189274,
                5.586575102717323,
                2.3716614424993816,
                4.286684788703476,
                2.2575538715120356,
                3.176109352396953
            ],
            "leave": false,
            "pricing_Storage_Transfer": 0,
            "max_RAM_curr": 0.5908796980830228,
            "pricing_RAM": 5,
            "pricing_data_sent": 0.01,
            "pricing_StartRequest": 4e-07,
            "max_ram_curr": 0.5908796980830228
        },
        "provider_3": {
            "name": "aws",
            "estimated_latency": [
                2.9597829721967615,
                0.6998922713197759,
                0.2555023428110414,
                0.0,
                6.6842703012832505,
                5.106161962697425,
                4.334164522345792,
                9.789058083876437,
                0.251176871454064,
                3.6432468906984363,
                8.464631710991732,
                5.129930055944385
            ],
            "leave": false,
            "pricing_Storage_Transfer": 0,
            "max_RAM_curr": 0.4150135266723423,
            "pricing_RAM": 5,
            "pricing_data_sent": 0.01,
            "pricing_StartRequest": 4e-07,
            "max_ram_curr": 0.4150135266723423
        },
        "provider_4": {
            "name": "aws",
            "estimated_latency": [
                7.8347492271099535,
                1.1111084604020676,
                8.412834063207438,
                6.6842703012832505,
                0.0,
                5.648223107550552,
                0.9805505045098819,
                7.894154648560318,
                0.17469215124555132,
                5.393790150721351,
                0.2969672824730434,
                1.829152563262341
            ],
            "leave": false,
            "pricing_Storage_Transfer": 0,
            "max_RAM_curr": 0.3137263110159315,
            "pricing_RAM": 5,
            "pricing_data_sent": 0.01,
            "pricing_StartRequest": 4e-07,
            "max_ram_curr": 0.3137263110159315
        },
        "provider_5": {
            "name": "aws",
            "estimated_latency": [
                7.1110325347079835,
                1.8691101364111724,
                8.436819348325916,
                5.106161962697425,
                5.648223107550552,
                0.0,
                3.0895837848652206,
                5.280058726930853,
                8.17579954656269,
                1.8562316407526411,
                9.170888524982935,
                4.212110976017792
            ],
            "leave": false,
            "pricing_Storage_Transfer": 0,
            "max_RAM_curr": 0.3266028218848144,
            "pricing_RAM": 5,
            "pricing_data_sent": 0.01,
            "pricing_StartRequest": 4e-07,
            "max_ram_curr": 0.3266028218848144
        },
        "provider_6": {
            "name": "aws",
            "estimated_latency": [
                9.669272513878697,
                2.836185401503185,
                2.9349594691189274,
                4.334164522345792,
                0.9805505045098819,
                3.0895837848652206,
                0.0,
                1.9812597210047254,
                3.595035295492141,
                8.655751941450143,
                6.178698426893823,
                3.5402823944785267
            ],
            "leave": false,
            "pricing_Storage_Transfer": 0,
            "max_RAM_curr": 2.546760468402133,
            "pricing_RAM": 5,
            "pricing_data_sent": 0.01,
            "pricing_StartRequest": 4e-07,
            "max_ram_curr": 2.546760468402133
        },
        "provider_7": {
            "name": "aws",
            "estimated_latency": [
                0.7354537008917752,
                5.764024191015083,
                5.586575102717323,
                9.789058083876437,
                7.894154648560318,
                5.280058726930853,
                1.9812597210047254,
                0.0,
                6.007902661736453,
                5.538460997049772,
                1.9234396518252892,
                1.795650024740688
            ],
            "leave": false,
            "pricing_Storage_Transfer": 0,
            "max_RAM_curr": 0.04011585271860757,
            "pricing_RAM": 5,
            "pricing_data_sent": 0.01,
            "pricing_StartRequest": 4e-07,
            "max_ram_curr": 0.04011585271860757
        },
        "provider_8": {
            "name": "aws",
            "estimated_latency": [
                4.889347594340328,
                9.881883207053635,
                2.3716614424993816,
                0.251176871454064,
                0.17469215124555132,
                8.17579954656269,
                3.595035295492141,
                6.007902661736453,
                0.0,
                2.673896268372547,
                1.7116089446866893,
                5.1239521087663
            ],
            "leave": false,
            "pricing_Storage_Transfer": 0,
            "max_RAM_curr": 0.45453779154802926,
            "pricing_RAM": 5,
            "pricing_data_sent": 0.01,
            "pricing_StartRequest": 4e-07,
            "max_ram_curr": 0.45453779154802926
        },
        "provider_9": {
            "name": "aws",
            "estimated_latency": [
                5.099260995043375,
                3.755362378596057,
                4.286684788703476,
                3.6432468906984363,
                5.393790150721351,
                1.8562316407526411,
                8.655751941450143,
                5.538460997049772,
                2.673896268372547,
                0.0,
                6.281701768514957,
                8.795678457697141
            ],
            "leave": false,
            "pricing_Storage_Transfer": 0,
            "max_RAM_curr": 0.13988334783054665,
            "pricing_RAM": 5,
            "pricing_data_sent": 0.01,