{
    "name": "cloud_2_648",
    "num_nodes": 8,
    "num_leaves": 1,
    "providers": {
        "provider_0": {
            "name": "aws",
            "leave": true,
            "estimated_latency": [
                0.0,
                4.839341408644468,
                2.6949779846451216,
                7.899745630363027,
                1.0090824983364943,
                1.900572721761381,
                9.785938613645897,
                2.8150208330418174
            ],
            "pricing_Storage_Transfer": 0,
            "max_RAM_curr": 13.735268692321938,
            "pricing_RAM": 5,
            "pricing_data_sent": 0.01,
            "pricing_StartRequest": 4e-07
        },
        "provider_1": {
            "name": "aws",
            "estimated_latency": [
                4.839341408644468,
                0.0,
                4.529454453365719,
                9.152285767800626,
                6.01232027016604,
                0.9034524714470895,
                0.39467865028350035,
                2.3953722144073843
            ],
            "leave": false,
            "pricing_Storage_Transfer": 0,
            "max_RAM_curr": 38.05070443125613,
            "pricing_RAM": 5,
            "pricing_data_sent": 0.01,
            "pricing_StartRequest": 4e-07
        },
        "provider_2": {
            "name": "aws",
            "estimated_latency": [
                2.6949779846451216,
                4.529454453365719,
                0.0,
                2.063060008569826,
                9.220224082071919,
                3.280417754197773,
                7.856937370850709,
                7.320179232415122
            ],
            "leave": false,
            "pricing_Storage_Transfer": 0,
            "max_RAM_curr": 7.869139397998108,
            "pricing_RAM": 5,
            "pricing_data_sent": 0.01,
            "pricing_StartRequest": 4e-07
        },
        "provider_3": {
            "name": "aws",
            "estimated_latency": [
                7.899745630363027,
                9.152285767800626,
                2.063060008569826,
                0.0,
                1.6126962668151927,
                7.434248962819469,
                1.0132310253717904,
                4.154829968838943
            ],
            "leave": false,
            "pricing_Storage_Transfer": 0,
            "max_RAM_curr": 5.3115929924702705,
            "pricing_RAM": 5,
            "pricing_data_sent": 0.01,
            "pricing_StartRequest": 4e-07
        },
        "provider_4": {
            "name": "aws",
            "estimated_latency": [
                1.0090824983364943,
                6.01232027016604,
                9.220224082071919,
                1.6126962668151927,
                0.0,
                4.458560302700831,
                6.660862619436353,
                1.5745697272432282
            ],
            "leave": false,
            "pricing_Storage_Transfer": 0,
            "max_RAM_curr": 7.438103608483835,
            "pricing_RAM": 5,
            "pricing_data_sent": 0.01,
            "pricing_StartRequest": 4e-07
        },
        "provider_5": {
            "name": "aws",
            "estimated_latency": [
                1.900572721761381,
                0.9034524714470895,
                3.280417754197773,
                7.434248962819469,
                4.458560302700831,
                0.0,
                0.6125664886111118,
                5.827884118210041
            ],
            "leave": false,
            "pricing_Storage_Transfer": 0,
            "max_RAM_curr": 0.05673067806232214,
            "pricing_RAM": 5,
            "pricing_data_sent": 0.01,
            "pricing_StartRequest": 4e-07
        },
        "provider_6": {
            "name": "aws",
            "estimated_latency": [
                9.785938613645897,
                0.39467865028350035,
                7.856937370850709,
                1.0132310253717904,
                6.660862619436353,
                0.6125664886111118,
                0.0,
                1.133102058756334
            ],
            "leave": false,
            "pricing_Storage_Transfer": 0,
            "max_RAM_curr": 9.884693804710947,
            "pricing_RAM": 5,
            "pricing_data_sent": 0.01,
            "pricing_StartRequest": 4e-07
        },
        "provider_7": {
            "name": "aws",
            "estimated_latency": [
                2.8150208330418174,
                2.3953722144073843,
                7.320179232415122,
                4.154829968838943,
                1.5745697272432282,
                5.827884118210041,
                1.133102058756334,
                0.0
            ],
            "leave": false,
            "pricing_Storage_Transfer": 0,
            "max_RAM_curr": 11.356313155734462,
            "pricing_RAM": 5,
            "pricing_data_sent": 0.01,
            "pricing_StartRequest": 4e-07
        }
    }
}