{
    "name": "cloud_2_77",
    "num_nodes": 11,
    "num_leaves": 1,
    "providers": {
        "provider_0": {
            "name": "aws",
            "leave": true,
            "estimated_latency": [
                0.0,
                8.313929875691878,
                1.171862075524917,
                6.611662837869499,
                9.85969192276981,
                6.241583788591126,
                0.17022046771319307,
                6.3677015191182145,
                6.234601608971832,
                2.48833913469618,
                9.697858559549793
            ],
            "pricing_Storage_Transfer": 0,
            "max_RAM_curr": 0.5050367810336391,
            "pricing_RAM": 5,
            "pricing_data_sent": 0.01,
            "pricing_StartRequest": 4e-07
        },
        "provider_1": {
            "name": "aws",
            "estimated_latency": [
                8.313929875691878,
                0.0,
                9.102032565801121,
                6.312465924911545,
                4.652565875799124,
                3.2118558614202586,
                3.9254781194730315,
                0.21357033710187173,
                8.212733308143516,
                7.887645210028115,
                6.033505041176785
            ],
            "leave": false,
            "pricing_Storage_Transfer": 0,
            "max_RAM_curr": 1.6080018400414273,
            "pricing_RAM": 5,
            "pricing_data_sent": 0.01,
            "pricing_StartRequest": 4e-07
        },
        "provider_2": {
            "name": "aws",
            "estimated_latency": [
                1.171862075524917,
                9.102032565801121,
                0.0,
                8.82173236771385,
                3.6205617538954527,
                4.5557028227593115,
                7.56013964968434,
                1.8851180675861494,
                1.3401580264389727,
                0.8867508910779717,
                9.158909881348688
            ],
            "leave": false,
            "pricing_Storage_Transfer": 0,
            "max_RAM_curr": 16.8951244782858,
            "pricing_RAM": 5,
            "pricing_data_sent": 0.01,
            "pricing_StartRequest": 4e-07
        },
        "provider_3": {
            "name": "aws",
            "estimated_latency": [
                6.611662837869499,
                6.312465924911545,
                8.82173236771385,
                0.0,
                4.34674442006895,
                5.283718741389079,
                3.9764740869005974,
                9.050982548438991,
                9.16603140407013,
                4.558644445223372,
                5.146005043500977
            ],
            "leave": false,
            "pricing_Storage_Transfer": 0,
            "max_RAM_curr": 2.0687424344326915,
            "pricing_RAM": 5,
            "pricing_data_sent": 0.01,
            "pricing_StartRequest": 4e-07
        },
        "provider_4": {
            "name": "aws",
            "estimated_latency": [
                9.85969192276981,
                4.652565875799124,
                3.6205617538954527,
                4.34674442006895,
                0.0,
                5.982579171776804,
                6.94747087790014,
                2.910333909087974,
                9.299576166871976,
                2.6576778961896785,
                8.939826142840058
            ],
            "leave": false,
            "pricing_Storage_Transfer": 0,
            "max_RAM_curr": 3.3065016946516814,
            "pricing_RAM": 5,
            "pricing_data_sent": 0.01,
            "pricing_StartRequest": 4e-07
        },
        "provider_5": {
            "name": "aws",
            "estimated_latency": [
                6.241583788591126,
                3.2118558614202586,
                4.5557028227593115,
                5.283718741389079,
                5.982579171776804,
                0.0,
                6.256657048984211,
                5.073574440763071,
                6.064203884897174,
                8.453699341138439,
                9.942522750766486
            ],
            "leave": false,
            "pricing_Storage_Transfer": 0,
            "max_RAM_curr": 0.8638521648303095,
            "pricing_RAM": 5,
            "pricing_data_sent": 0.01,
            "pricing_StartRequest": 4e-07
        },
        "provider_6": {
            "name": "aws",
            "estimated_latency": [
                0.17022046771319307,
                3.9254781194730315,
                7.56013964968434,
                3.9764740869005974,
                6.94747087790014,
                6.256657048984211,
                0.0,
                2.135716843026073,
                1.4144264859142655,
                7.50857116798706,
                8.836368176682067
            ],
            "leave": false,
            "pricing_Storage_Transfer": 0,
            "max_RAM_curr": 1.0580371850875634,
            "pricing_RAM": 5,
            "pricing_data_sent": 0.01,
            "pricing_StartRequest": 4e-07
        },
        "provider_7": {
            "name": "aws",
            "estimated_latency": [
                6.3677015191182145,
                0.21357033710187173,
                1.8851180675861494,
                9.050982548438991,
                2.910333909087974,
                5.073574440763071,
                2.135716843026073,
                0.0,
                7.403904758379405,
                2.4262353568168193,
                6.907396883039042
            ],
            "leave": false,
            "pricing_Storage_Transfer": 0,
            "max_RAM_curr": 7.518869599594715,
            "pricing_RAM": 5,
            "pricing_data_sent": 0.01,
            "pricing_StartRequest": 4e-07
        },
        "provider_8": {
            "name": "aws",
            "estimated_latency": [
                6.234601608971832,
                8.212733308143516,
                1.3401580264389727,
                9.16603140407013,
                9.299576166871976,
                6.064203884897174,
                1.4144264859142655,
                7.403904758379405,
                0.0,
                7.575954851211802,
                2.8099746102083967
            ],
            "leave": false,
            "pricing_Storage_Transfer": 0,
            "max_RAM_curr": 5.8588946531222215,
            "pricing_RAM": 5,
            "pricing_data_sent": 0.01,
            "pricing_StartRequest": 4e-07
        },
        "provider_9": {
            "name": "aws",
            "estimated_latency": [
                2.48833913469618,
                7.887645210028115,
                0.8867508910779717,
                4.558644445223372,
                2.6576778961896785,
                8.453699341138439,
                7.50857116798706,
                2.4262353568168193,
                7.575954851211802,
                0.0,
                0.12029437904608298
            ],
            "leave": false,
            "pricing_Storage_Transfer": 0,
            "max_RAM_curr": 3.6212056096913705,
            "pricing_RAM": 5,
            "pricing_data_sent": 0.01,
            "pricing_StartRequest": 4e-07
        },
        "provider_10": {
            "name": "aws",
            "estimated_latency": [
                9.697858559549793,
                6.033505041176785,
                9.158909881348688,
                5.146005043500977,
                8.939826142840058,
                9.942522750766486,
                8.836368176682067,
                6.907396883039042,
                2.8099746102083967,
                0.12029437904608298,
                0.0
            ],
            "leave": false,
            "pricing_Storage_Transfer": 0,
            "max_RAM_curr": 2.298908688223944,
            "pricing_RAM": 5,
            "pricing_data_sent": 0.01,
            "pricing_StartRequest": 4e-07
        }
    }
}