{
    "name": "cloud_2_977",
    "num_nodes": 14,
    "num_leaves": 1,
    "providers": {
        "provider_0": {
            "name": "aws",
            "leave": true,
            "estimated_latency": [
                0.0,
                4.731373904421446,
                2.0923680686706745,
                7.173754883978477,
                5.098418423352935,
                1.3746139991900352,
                5.0312576407854985,
                5.749945589267567,
                1.2628466708404242,
                0.4198561747410493,
                3.6332299419177665,
                9.547817856029186,
                1.034282891445595,
                9.770829983406111
            ],
            "pricing_Storage_Transfer": 0,
            "max_RAM_curr": 0.5141038653583739,
            "pricing_RAM": 5,
            "pricing_data_sent": 0.01,
            "pricing_StartRequest": 4e-07
        },
        "provider_1": {
            "name": "aws",
            "estimated_latency": [
                4.731373904421446,
                0.0,
                8.975437144649586,
                4.18824397297156,
                9.073248438784717,
                6.866435654525593,
                3.4239598373203735,
                2.6112087273795206,
                6.06954466297001,
                5.5694938336485915,
                0.9740152602436084,
                5.950046213484279,
                4.2622920539534075,
                2.9816937958596035
            ],
            "leave": false,
            "pricing_Storage_Transfer": 0,
            "max_RAM_curr": 13.650746322799595,
            "pricing_RAM": 5,
            "pricing_data_sent": 0.01,
            "pricing_StartRequest": 4e-07
        },
        "provider_2": {
            "name": "aws",
            "estimated_latency": [
                2.0923680686706745,
                8.975437144649586,
                0.0,
                6.472851967172474,
                1.9024566377653318,
                6.906600735075202,
                3.831226795588998,
                3.3977505602651528,
                8.365399693422216,
                5.932163165138386,
                9.203140019984536,
                1.207016093257394,
                8.49520203001869,
                8.891780509189045
            ],
            "leave": false,
            "pricing_Storage_Transfer": 0,
            "max_RAM_curr": 18.715205259723348,
            "pricing_RAM": 5,
            "pricing_data_sent": 0.01,
            "pricing_StartRequest": 4e-07
        },
        "provider_3": {
            "name": "aws",
            "estimated_latency": [
                7.173754883978477,
                4.18824397297156,
                6.472851967172474,
                0.0,
                9.65220114950503,
                8.316364451281256,
                6.595863918195893,
                2.6411412363459092,
                0.8581598255650423,
                0.5631297031954134,
                8.343317596658691,
                2.960776204762564,
                0.28667648342850865,
                8.683509490557979
            ],
            "leave": false,
            "pricing_Storage_Transfer": 0,
            "max_RAM_curr": 1.9481375650738468,
            "pricing_RAM": 5,
            "pricing_data_sent": 0.01,
            "pricing_StartRequest": 4e-07
        },
        "provider_4": {
            "name": "aws",
            "estimated_latency": [
                5.098418423352935,
                9.073248438784717,
                1.9024566377653318,
                9.65220114950503,
                0.0,
                3.2868622846663205,
                9.844855083812998,
                3.8515603963163185,
                1.3045783956317265,
                4.254357872341799,
                1.3051829891210638,
                4.536701880247233,
                2.080120522290898,
                3.0407740165883705
            ],
            "leave": false,
            "pricing_Storage_Transfer": 0,
            "max_RAM_curr": 8.896315031488415,
            "pricing_RAM": 5,
            "pricing_data_sent": 0.01,
            "pricing_StartRequest": 4e-07
        },
        "provider_5": {
            "name": "aws",
            "estimated_latency": [
                1.3746139991900352,
                6.866435654525593,
                6.906600735075202,
                8.316364451281256,
                3.2868622846663205,
                0.0,
                1.486544936700286,
                6.771812111498563,
                0.6028511547679528,
                7.55262181672287,
                3.369438448356148,
                2.480994044048965,
                1.4533908410738396,
                5.7590148940948644
            ],
            "leave": false,
            "pricing_Storage_Transfer": 0,
            "max_RAM_curr": 6.929120945607778,
            "pricing_RAM": 5,
            "pricing_data_sent": 0.01,
            "pricing_StartRequest": 4e-07
        },
        "provider_6": {
            "name": "aws",
            "estimated_latency": [
                5.0312576407854985,
                3.4239598373203735,
                3.831226795588998,
                6.595863918195893,
                9.844855083812998,
                1.486544936700286,
                0.0,
                5.253097236028946,
                5.64089176847661,
                3.5768220004388924,
                7.739432920684814,
                8.498909561756532,
                4.707565593633736,
                1.7839430286381515
            ],
            "leave": false,
            "pricing_Storage_Transfer": 0,
            "max_RAM_curr": 10.315139090279443,
            "pricing_RAM": 5,
            "pricing_data_sent": 0.01,
            "pricing_StartRequest": 4e-07
        },
        "provider_7": {
            "name": "aws",
            "estimated_latency": [
                5.749945589267567,
                2.6112087273795206,
                3.3977505602651528,
                2.6411412363459092,
                3.8515603963163185,
                6.771812111498563,
                5.253097236028946,
                0.0,
                3.727751244454429,
                9.409248839360867,
                4.9562263494277525,
                4.028210297347125,
                6.327814260071538,
                7.711207030118787
            ],
            "leave": false,
            "pricing_Storage_Transfer": 0,
            "max_RAM_curr": 0.20209988817628297,
            "pricing_RAM": 5,
            "pricing_data_sent": 0.01,
            "pricing_StartRequest": 4e-07
        },
        "provider_8": {
            "name": "aws",
            "estimated_latency": [
                1.2628466708404242,
                6.06954466297001,
                8.365399693422216,
                0.8581598255650423,
                1.3045783956317265,
                0.6028511547679528,
                5.64089176847661,
                3.727751244454429,
                0.0,
                7.048398624385884,
                8.714827557782538,
                8.525896810352846,
                7.137516591718657,
                4.611898787120205
            ],
            "leave": false,
            "pricing_Storage_Transfer": 0,
            "max_RAM_curr": 2.867074191188361,
            "pricing_RAM": 5,
            "pricing_data_sent": 0.01,
            "pricing_StartRequest": 4e-07
        },
        "provider_9": {
            "name": "aws",