{
    "name": "cloud_2_225",
    "num_nodes": 19,
    "num_leaves": 1,
    "providers": {
        "provider_0": {
            "name": "aws",
            "leave": true,
            "estimated_latency": [
                0.0,
                5.998593528950281,
                6.099126474358424,
                3.540459880467211,
                2.2179332392904265,
                6.292467878561351,
                9.032519776194121,
                0.8426974318647128,
                6.772085042577324,
                8.444874949276524,
                7.115603659808636,
                4.4061570946074555,
                8.23198371509746,
                4.763747058149937,
                4.124496115395627,
                8.669189933640371,
                8.672342777055842,
                7.637064284353547,
                0.7581978435425686
            ],
            "pricing_Storage_Transfer": 0,
            "max_RAM_curr": 13.726511147965288,
            "pricing_RAM": 5,
            "pricing_data_sent": 0.01,
            "pricing_StartRequest": 4e-07
        },
        "provider_1": {
            "name": "aws",
            "estimated_latency": [
                5.998593528950281,
                0.0,
                2.1528446584967615,
                5.997028200372503,
                1.6668147247475977,
                9.441069462114728,
                3.359813272915471,
                4.259371802490763,
                7.148004200615816,
                7.203333591773531,
                1.4958613600465773,
                2.930723200364713,
                6.63320158778765,
                6.719281991748877,
                1.676327182723444,
                9.05604983938006,
                9.17775655727905,
                9.577154233991658,
                7.693491350877154
            ],
            "leave": false,
            "pricing_Storage_Transfer": 0,
            "max_RAM_curr": 51.927212872417684,
            "pricing_RAM": 5,
            "pricing_data_sent": 0.01,
            "pricing_StartRequest": 4e-07
        },
        "provider_2": {
            "name": "aws",
            "estimated_latency": [
                6.099126474358424,
                2.1528446584967615,
                0.0,
                9.702322559393581,
                3.5202272049357717,
                5.397392470196754,
                0.9130525536805759,
                0.32914044736543424,
                8.984367838822058,
                6.445760852841828,
                7.463056265818761,
                4.929789477542288,
                1.6948094587550324,
                1.980602445003082,
                9.858661084227125,
                2.138318457400948,
                1.2325605587597774,
                3.8809426198888053,
                8.269575699130472
            ],
            "leave": false,
            "pricing_Storage_Transfer": 0,
            "max_RAM_curr": 13.851987920614055,
            "pricing_RAM": 5,
            "pricing_data_sent": 0.01,
            "pricing_StartRequest": 4e-07
        },
        "provider_3": {
            "name": "aws",
            "estimated_latency": [
                3.540459880467211,
                5.997028200372503,
                9.702322559393581,
                0.0,
                8.301827768127216,
                0.12070990465889578,
                6.415767828706622,
                5.289916640660329,
                8.131225646684094,
                9.554260317435403,
                2.18572003175648,
                7.287660677620661,
                2.3561546934928397,
                8.338048857567133,
                6.482978508718357,
                9.064659449044171,
                5.8105055701988695,
                0.5728271891570857,
                1.5912529672149587
            ],
            "leave": false,
            "pricing_Storage_Transfer": 0,
            "max_RAM_curr": 32.03436742010662,
            "pricing_RAM": 5,
            "pricing_data_sent": 0.01,
            "pricing_StartRequest": 4e-07
        },
        "provider_4": {
            "name": "aws",
            "estimated_latency": [
                2.2179332392904265,
                1.6668147247475977,
                3.5202272049357717,
                8.301827768127216,
                0.0,
                5.854664312149593,
                6.5165267196510115,
                0.6465173464236478,
                2.179326177557661,
                1.4581793893015098,
                4.924382207194205,
                1.0613923283825784,
                4.03309555677082,
                6.530822250874478,
                4.138483428796375,
                5.8315309518143845,
                6.179493310767506,
                7.780913976597621,
                6.779813160495501
            ],
            "leave": false,
            "pricing_Storage_Transfer": 0,
            "max_RAM_curr": 7.833697945342362,
            "pricing_RAM": 5,
            "pricing_data_sent": 0.01,
            "pricing_StartRequest": 4e-07
        },
        "provider_5": {
            "name": "aws",
            "estimated_latency": [
                6.292467878561351,
                9.441069462114728,
                5.397392470196754,
                0.12070990465889578,
                5.854664312149593,
                0.0,
                6.7029315669922624,
                6.6291368666340045,
                4.279690472060621,
                4.216205483515982,
                9.812898575786159,
                9.385214291159253,
                1.7974198831460495,
                2.932756786956265,
                2.2238239873428927,
                9.324270765936683,
                9.665691321957755,
                5.514890549849118,
                0.8594523493664732
            ],
            "leave": false,
            "pricing_Storage_Transfer": 0,
            "max_RAM_curr": 10.253135519912842,
            "pricing_RAM": 5,
            "pricing_data_sent": 0.01,
            "pricing_StartRequest": 4e-07
        },
        "provider_6": {
            "name": "aws",
            "estimated_latency": [
                9.032519776194121,
                3.359813272915471,
                0.9130525536805759,
                6.415767828706622,
                6.5165267196510115,
                6.7029315669922624,
                0.0,
                4.723411828852868,
                0.7502210631313547,
                2.78341716991195,
                4.5209008515967,
                1.5167044927808904,
                9.42681452980933,
                9.940822282789982,
                7.932973096931378,
                6.1724287084914105,
                8.355446549218412,
                8.16931828058139,
                2.258061897664766
            ],
            "leave": false,
            "pricing_Storage_Transfer": 0,
            "max_RAM_curr": 6.973089771673379,
            "pricing_RAM": 5,
            "pricing_data_sent": 0.01,
            "pricing_StartRequest": 4e-07
        },
        "provider_7": {
            "name": "aws",
            "estimated_latency": [
                0.8426974318647128,
                4.259371802490763,
                0.32914044736543424,
                5.289916640660329,
                0.6465173464236478,
                6.6291368666340045,
                4.723411828852868,
                0.0,
                9.137291805810161,
                4.939195199612125,
                7.114656784689127,
                9.61961354293467,
                3.8304441315996405,
                7.035695263281792,
                7.116257659665934,
                4.152643075998561,
                7.421335462315075,
                5.832710822681983,
                1.2165869938383342
            ],
            "leave": false,
            "pricing_Storage_Transfer": 0,
            "max_RAM_curr": 28.611390412389092,
            "pricing_RAM": 5,