{
    "name": "cloud_2_958",
    "num_nodes": 5,
    "num_leaves": 1,
    "providers": {
        "provider_0": {
            "name": "aws",
            "leave": true,
            "estimated_latency": [
                0.0,
                5.729203387007358,
                8.731325833310322,
                3.5143008812968652,
                2.806163432505477
            ],
            "pricing_Storage_Transfer": 0,
            "max_RAM_curr": 5.9914691113199465,
            "pricing_RAM": 5,
            "pricing_data_sent": 0.01,
            "pricing_StartRequest": 4e-07
        },
        "provider_1": {
            "name": "aws",
            "estimated_latency": [
                5.729203387007358,
                0.0,
                2.7312528764127055,
                8.400257269921958,
                7.214899602147996
            ],
            "leave": false,
            "pricing_Storage_Transfer": 0,
            "max_RAM_curr": 2.042533800866011,
            "pricing_RAM": 5,
            "pricing_data_sent": 0.01,
            "pricing_StartRequest": 4e-07
        },
        "provider_2": {
            "name": "aws",
            "estimated_latency": [
                8.731325833310322,
                2.7312528764127055,
                0.0,
                5.41644865165324,
                8.913375362146734
            ],
            "leave": false,
            "pricing_Storage_Transfer": 0,
            "max_RAM_curr": 0.02607461325260945,
            "pricing_RAM": 5,
            "pricing_data_sent": 0.01,
            "pricing_StartRequest": 4e-07
        },
        "provider_3": {
            "name": "aws",
            "estimated_latency": [
                3.5143008812968652,
                8.400257269921958,
                5.41644865165324,
                0.0,
                6.656425057633467
            ],
            "leave": false,
            "pricing_Storage_Transfer": 0,
            "max_RAM_curr": 0.6388612904159462,
            "pricing_RAM": 5,
            "pricing_data_sent": 0.01,
            "pricing_StartRequest": 4e-07
        },
        "provider_4": {
            "name": "aws",
            "estimated_latency": [
                2.806163432505477,
                7.214899602147996,
                8.913375362146734,
                6.656425057633467,
                0.0
            ],
            "leave": false,
            "pricing_Storage_Transfer": 0,
            "max_RAM_curr": 3.7693138721896093,
            "pricing_RAM": 5,
            "pricing_data_sent": 0.01,
            "pricing_StartRequest": 4e-07
        }
    }
}