{
    "name": "cloud_2_843",
    "num_nodes": 10,
    "num_leaves": 1,
    "providers": {
        "provider_0": {
            "name": "aws",
            "leave": true,
            "estimated_latency": [
                0.0,
                7.549153721441559,
                3.9929923073327336,
                0.6002769715776755,
                4.150849503496673,
                7.525979722788733,
                6.874203958740884,
                5.960024176959357,
                8.397651319522422,
                8.35445990534145
            ],
            "pricing_Storage_Transfer": 0,
            "max_RAM_curr": 2.2700508980863385,
            "pricing_RAM": 5,
            "pricing_data_sent": 0.01,
            "pricing_StartRequest": 4e-07
        },
        "provider_1": {
            "name": "aws",
            "estimated_latency": [
                7.549153721441559,
                0.0,
                5.008783385741755,
                3.9095748481209793,
                2.5145231034133673,
                9.33052648971327,
                4.8135198884773835,
                9.475594480532601,
                8.328707696693197,
                8.36059013720315
            ],
            "leave": false,
            "pricing_Storage_Transfer": 0,
            "max_RAM_curr": 28.19790200969166,
            "pricing_RAM": 5,
            "pricing_data_sent": 0.01,
            "pricing_StartRequest": 4e-07
        },
        "provider_2": {
            "name": "aws",
            "estimated_latency": [
                3.9929923073327336,
                5.008783385741755,
                0.0,
                9.677464612846558,
                5.353583876460496,
                7.9218183250246765,
                2.104767990014164,
                9.184304758367485,
                0.8698075271585509,
                9.433274581030286
            ],
            "leave": false,
            "pricing_Storage_Transfer": 0,
            "max_RAM_curr": 40.79442820150575,
            "pricing_RAM": 5,
            "pricing_data_sent": 0.01,
            "pricing_StartRequest": 4e-07
        },
        "provider_3": {
            "name": "aws",
            "estimated_latency": [
                0.6002769715776755,
                3.9095748481209793,
                9.677464612846558,
                0.0,
                4.268281022382114,
                0.3276083258183418,
                0.5858264396704812,
                1.4927613963211945,
                3.576692110645534,
                8.727347705389159
            ],
            "leave": false,
            "pricing_Storage_Transfer": 0,
            "max_RAM_curr": 0.8397251166625435,
            "pricing_RAM": 5,
            "pricing_data_sent": 0.01,
            "pricing_StartRequest": 4e-07
        },
        "provider_4": {
            "name": "aws",
            "estimated_latency": [
                4.150849503496673,
                2.5145231034133673,
                5.353583876460496,
                4.268281022382114,
                0.0,
                7.347427366921681,
                4.869372726005747,
                9.181608058220863,
                1.9942898475290147,
                6.932789016040338
            ],
            "leave": false,
            "pricing_Storage_Transfer": 0,
            "max_RAM_curr": 65.99431146130102,
            "pricing_RAM": 5,
            "pricing_data_sent": 0.01,
            "pricing_StartRequest": 4e-07
        },
        "provider_5": {
            "name": "aws",
            "estimated_latency": [
                7.525979722788733,
                9.33052648971327,
                7.9218183250246765,
                0.3276083258183418,
                7.347427366921681,
                0.0,
                9.711999234167049,
                2.2664010300330895,
                5.9048519817206016,
                3.1373148792890273
            ],
            "leave": false,
            "pricing_Storage_Transfer": 0,
            "max_RAM_curr": 8.409616458412787,
            "pricing_RAM": 5,
            "pricing_data_sent": 0.01,
            "pricing_StartRequest": 4e-07
        },
        "provider_6": {
            "name": "aws",
            "estimated_latency": [
                6.874203958740884,
                4.8135198884773835,
                2.104767990014164,
                0.5858264396704812,
                4.869372726005747,
                9.711999234167049,
                0.0,
                7.3990665048015565,
                9.565221595283893,
                4.7577095052736045
            ],
            "leave": false,
            "pricing_Storage_Transfer": 0,
            "max_RAM_curr": 28.029335545778956,
            "pricing_RAM": 5,
            "pricing_data_sent": 0.01,
            "pricing_StartRequest": 4e-07
        },
        "provider_7": {
            "name": "aws",
            "estimated_latency": [
                5.960024176959357,
                9.475594480532601,
                9.184304758367485,
                1.4927613963211945,
                9.181608058220863,
                2.2664010300330895,
                7.3990665048015565,
                0.0,
                0.8075654646803057,
                0.5274020733378701
            ],
            "leave": false,
            "pricing_Storage_Transfer": 0,
            "max_RAM_curr": 0.3744305035940518,
            "pricing_RAM": 5,
            "pricing_data_sent": 0.01,
            "pricing_StartRequest": 4e-07
        },
        "provider_8": {
            "name": "aws",
            "estimated_latency": [
                8.397651319522422,
                8.328707696693197,
                0.8698075271585509,
                3.576692110645534,
                1.9942898475290147,
                5.9048519817206016,
                9.565221595283893,
                0.8075654646803057,
                0.0,
                4.415506076443106
            ],
            "leave": false,
            "pricing_Storage_Transfer": 0,
            "max_RAM_curr": 30.540733973289395,
            "pricing_RAM": 5,
            "pricing_data_sent": 0.01,
            "pricing_StartRequest": 4e-07
        },
        "provider_9": {
            "name": "aws",
            "estimated_latency": [
                8.35445990534145,
                8.36059013720315,
                9.433274581030286,
                8.727347705389159,
                6.932789016040338,
                3.1373148792890273,
                4.7577095052736045,
                0.5274020733378701,
                4.415506076443106,
                0.0
            ],
            "leave": false,
            "pricing_Storage_Transfer": 0,
            "max_RAM_curr": 18.25412939863641,
            "pricing_RAM": 5,
            "pricing_data_sent": 0.01,
            "pricing_StartRequest": 4e-07
        }
    }
}