{
    "name": "cloud_2_9",
    "num_nodes": 7,
    "num_leaves": 1,
    "providers": {
        "provider_0": {
            "name": "aws",
            "leave": true,
            "estimated_latency": [
                0.0,
                3.725724024454381,
                6.623233878553524,
                4.938846599495375,
                5.963270092344577,
                0.11102956132756564,
                0.1894009460226292
            ],
            "pricing_Storage_Transfer": 0,
            "max_RAM_curr": 233.89688336006907,
            "pricing_RAM": 0.01667,
            "pricing_data_sent": 0.01,
            "pricing_StartRequest": 4e-07,
            "max_ram_curr": 233.89688336006907
        },
        "provider_1": {
            "name": "aws",
            "estimated_latency": [
                3.725724024454381,
                0.0,
                0.7511748074322452,
                3.9536811050363783,
                8.53375585706731,
                9.044334564321632,
                4.741781075234421
            ],
            "leave": false,
            "pricing_Storage_Transfer": 0,
            "max_RAM_curr": 24.903724279923477,
            "pricing_RAM": 0.01667,
            "pricing_data_sent": 0.01,
            "pricing_StartRequest": 4e-07,
            "max_ram_curr": 24.903724279923477
        },
        "provider_2": {
            "name": "aws",
            "estimated_latency": [
                6.623233878553524,
                0.7511748074322452,
                0.0,
                1.4261828161304004,
                1.2316790225989083,
                1.122075297806659,
                2.6240559595230133
            ],
            "leave": false,
            "pricing_Storage_Transfer": 0,
            "max_RAM_curr": 17.227550985918164,
            "pricing_RAM": 0.01667,
            "pricing_data_sent": 0.01,
            "pricing_StartRequest": 4e-07,
            "max_ram_curr": 17.227550985918164
        },
        "provider_3": {
            "name": "aws",
            "estimated_latency": [
                4.938846599495375,
                3.9536811050363783,
                1.4261828161304004,
                0.0,
                8.283348664280819,
                0.5391204718585608,
                0.8194587363860883
            ],
            "leave": false,
            "pricing_Storage_Transfer": 0,
            "max_RAM_curr": 209.84683799615604,
            "pricing_RAM": 0.01667,
            "pricing_data_sent": 0.01,
            "pricing_StartRequest": 4e-07,
            "max_ram_curr": 209.84683799615604
        },
        "provider_4": {
            "name": "aws",
            "estimated_latency": [
                5.963270092344577,
                8.53375585706731,
                1.2316790225989083,
                8.283348664280819,
                0.0,
                5.143913797631321,
                5.103410472736243
            ],
            "leave": false,
            "pricing_Storage_Transfer": 0,
            "max_RAM_curr": 140.7606632464559,
            "pricing_RAM": 0.01667,
            "pricing_data_sent": 0.01,
            "pricing_StartRequest": 4e-07,
            "max_ram_curr": 140.7606632464559
        },
        "provider_5": {
            "name": "aws",
            "estimated_latency": [
                0.11102956132756564,
                9.044334564321632,
                1.122075297806659,
                0.5391204718585608,
                5.143913797631321,
                0.0,
                6.342376985656903
            ],
            "leave": false,
            "pricing_Storage_Transfer": 0,
            "max_RAM_curr": 127.07285973949003,
            "pricing_RAM": 0.01667,
            "pricing_data_sent": 0.01,
            "pricing_StartRequest": 4e-07,
            "max_ram_curr": 127.07285973949003
        },
        "provider_6": {
            "name": "aws",
            "estimated_latency": [
                0.1894009460226292,
                4.741781075234421,
                2.6240559595230133,
                0.8194587363860883,
                5.103410472736243,
                6.342376985656903,
                0.0
            ],
            "leave": false,
            "pricing_Storage_Transfer": 0,
            "max_RAM_curr": 126.72142103738177,
            "pricing_RAM": 0.01667,
            "pricing_data_sent": 0.01,
            "pricing_StartRequest": 4e-07,
            "max_ram_curr": 126.72142103738177
        }
    }
}