{
    "name": "cloud_2_859",
    "num_nodes": 15,
    "num_leaves": 1,
    "providers": {
        "provider_0": {
            "name": "aws",
            "leave": true,
            "estimated_latency": [
                0.0,
                7.707155477942949,
                1.3018139842914573,
                1.9754166029634146,
                7.535811668699399,
                6.264848971560005,
                1.3699869301705516,
                0.46838651817948396,
                1.0515049154174239,
                4.8205264123587845,
                6.446876679748701,
                3.861075288903376,
                5.571080485867673,
                2.2968094763363758,
                9.798136616428598
            ],
            "pricing_Storage_Transfer": 0,
            "max_RAM_curr": 0.12467324861660709,
            "pricing_RAM": 5,
            "pricing_data_sent": 0.01,
            "pricing_StartRequest": 4e-07
        },
        "provider_1": {
            "name": "aws",
            "estimated_latency": [
                7.707155477942949,
                0.0,
                2.0223043764685995,
                9.08061777903593,
                8.966972222941308,
                1.980108749593831,
                9.608056321405686,
                6.421004787753954,
                3.902742460313122,
                9.142233524779895,
                3.9492810908034297,
                6.928199687471021,
                5.594524966369786,
                5.61005868462668,
                4.681549672625596
            ],
            "leave": false,
            "pricing_Storage_Transfer": 0,
            "max_RAM_curr": 1.9960170923363383,
            "pricing_RAM": 5,
            "pricing_data_sent": 0.01,
            "pricing_StartRequest": 4e-07
        },
        "provider_2": {
            "name": "aws",
            "estimated_latency": [
                1.3018139842914573,
                2.0223043764685995,
                0.0,
                0.23599939315751003,
                2.8621363131084894,
                5.208968614505779,
                3.904947301245757,
                6.280370609942125,
                7.042508340766301,
                1.4086700672985886,
                3.148508412262792,
                6.807551370018954,
                3.0275941286021695,
                2.003482250994198,
                6.086893332116928
            ],
            "leave": false,
            "pricing_Storage_Transfer": 0,
            "max_RAM_curr": 6.9409446621784845,
            "pricing_RAM": 5,
            "pricing_data_sent": 0.01,
            "pricing_StartRequest": 4e-07
        },
        "provider_3": {
            "name": "aws",
            "estimated_latency": [
                1.9754166029634146,
                9.08061777903593,
                0.23599939315751003,
                0.0,
                5.858864419415138,
                1.8400129453972598,
                6.912343575252617,
                4.1182477853836685,
                7.356954002577338,
                6.648356642628289,
                8.457651338028596,
                7.054301257797363,
                8.204928529483634,
                2.7671339120910967,
                4.866688431874948
            ],
            "leave": false,
            "pricing_Storage_Transfer": 0,
            "max_RAM_curr": 5.193347756719907,
            "pricing_RAM": 5,
            "pricing_data_sent": 0.01,
            "pricing_StartRequest": 4e-07
        },
        "provider_4": {
            "name": "aws",
            "estimated_latency": [
                7.535811668699399,
                8.966972222941308,
                2.8621363131084894,
                5.858864419415138,
                0.0,
                0.18031603197501211,
                7.418739876314557,
                8.107103544063328,
                0.8524401271853486,
                2.8711877738938067,
                7.379150999938579,
                8.870246593138686,
                0.5590279416113182,
                7.6504661616863485,
                0.4676095087231127
            ],
            "leave": false,
            "pricing_Storage_Transfer": 0,
            "max_RAM_curr": 2.773917205020332,
            "pricing_RAM": 5,
            "pricing_data_sent": 0.01,
            "pricing_StartRequest": 4e-07
        },
        "provider_5": {
            "name": "aws",
            "estimated_latency": [
                6.264848971560005,
                1.980108749593831,
                5.208968614505779,
                1.8400129453972598,
                0.18031603197501211,
                0.0,
                9.596446471885542,
                2.1733593176144836,
                4.923816363768937,
                7.167336106200885,
                9.231445668847599,
                9.357479948410045,
                6.55612056573307,
                6.558038183479055,
                0.7040755330759584
            ],
            "leave": false,
            "pricing_Storage_Transfer": 0,
            "max_RAM_curr": 5.929946252555121,
            "pricing_RAM": 5,
            "pricing_data_sent": 0.01,
            "pricing_StartRequest": 4e-07
        },
        "provider_6": {
            "name": "aws",
            "estimated_latency": [
                1.3699869301705516,
                9.608056321405686,
                3.904947301245757,
                6.912343575252617,
                7.418739876314557,
                9.596446471885542,
                0.0,
                1.1493806146823995,
                2.8269685795051527,
                1.5598893992147265,
                5.090920877861376,
                4.40641259371292,
                3.4393137056599663,
                3.5588073010657406,
                0.8207137987278901
            ],
            "leave": false,
            "pricing_Storage_Transfer": 0,
            "max_RAM_curr": 0.250465209067277,
            "pricing_RAM": 5,
            "pricing_data_sent": 0.01,
            "pricing_StartRequest": 4e-07
        },
        "provider_7": {
            "name": "aws",
            "estimated_latency": [
                0.46838651817948396,
                6.421004787753954,
                6.280370609942125,
                4.1182477853836685,
                8.107103544063328,
                2.1733593176144836,
                1.1493806146823995,
                0.0,
                3.238554480394765,
                1.192167775714326,
                7.902073570324077,
                6.5319174474065305,
                2.5931481194546278,
                2.1055582668224995,
                3.6830846654702483
            ],
            "leave": false,
            "pricing_Storage_Transfer": 0,
            "max_RAM_curr": 0.6142477542779564,
            "pricing_RAM": 5,
            "pricing_data_sent": 0.01,
            "pricing_StartRequest": 4e-07
        },
        "provider_8": {
            "name": "aws",
            "estimated_latency": [
                1.0515049154174239,
                3.902742460313122,
                7.042508340766301,
                7.356954002577338,
                0.8524401271853486,
                4.923816363768937,
                2.8269685795051527,
                3.238554480394765,
                0.0,
                0.4965463866640235,
                3.0855853569630294,
                8.166498493136945,
                2.8356146459133953,
                0.8563887794572608,
                7.942153109833494
            ],
            "leave": false,
            "pricing_Storage_Transfer": 0,
            "max_RAM_curr": 2.4763203854696996,
            "pricing_RAM": 5,
            "pricing_data_sent": 0.01,
            "pricing_StartRequest": 4e-07
        },
        "provider_9": {
            "name": "aws",