{
    "name": "cloud_2_866",
    "num_nodes": 12,
    "num_leaves": 1,
    "providers": {
        "provider_0": {
            "name": "aws",
            "leave": true,
            "estimated_latency": [
                0.0,
                1.3371132817711584,
                6.604635880831933,
                1.0997516966268397,
                3.4767681941208286,
                8.671430145213817,
                3.6326140626161574,
                9.896791579893085,
                8.940416388720527,
                3.702019093169855,
                3.2845499300274006,
                3.857440362664348
            ],
            "pricing_Storage_Transfer": 0,
            "max_RAM_curr": 6.4560842158728775,
            "pricing_RAM": 5,
            "pricing_data_sent": 0.01,
            "pricing_StartRequest": 4e-07
        },
        "provider_1": {
            "name": "aws",
            "estimated_latency": [
                1.3371132817711584,
                0.0,
                5.547823292244859,
                9.726128422431627,
                5.767231129587703,
                5.117708865578338,
                1.8717493489030155,
                8.970909988581191,
                7.545924032450529,
                2.276252917844754,
                6.943712367421192,
                2.7897003628126287
            ],
            "leave": false,
            "pricing_Storage_Transfer": 0,
            "max_RAM_curr": 1.8236050377083055,
            "pricing_RAM": 5,
            "pricing_data_sent": 0.01,
            "pricing_StartRequest": 4e-07
        },
        "provider_2": {
            "name": "aws",
            "estimated_latency": [
                6.604635880831933,
                5.547823292244859,
                0.0,
                2.6896839398824963,
                8.301661853778763,
                8.223208866858402,
                3.6387204895760825,
                8.647454545096753,
                9.109012553078005,
                8.84149599121991,
                2.4476916321097466,
                5.006796911727944
            ],
            "leave": false,
            "pricing_Storage_Transfer": 0,
            "max_RAM_curr": 7.53294915277326,
            "pricing_RAM": 5,
            "pricing_data_sent": 0.01,
            "pricing_StartRequest": 4e-07
        },
        "provider_3": {
            "name": "aws",
            "estimated_latency": [
                1.0997516966268397,
                9.726128422431627,
                2.6896839398824963,
                0.0,
                8.347203846599081,
                7.559363246594553,
                2.366945472647533,
                4.842548199124915,
                9.224923066222285,
                5.930705894169853,
                6.620678964407937,
                4.0999872324930795
            ],
            "leave": false,
            "pricing_Storage_Transfer": 0,
            "max_RAM_curr": 2.374332047901686,
            "pricing_RAM": 5,
            "pricing_data_sent": 0.01,
            "pricing_StartRequest": 4e-07
        },
        "provider_4": {
            "name": "aws",
            "estimated_latency": [
                3.4767681941208286,
                5.767231129587703,
                8.301661853778763,
                8.347203846599081,
                0.0,
                5.565171335308588,
                9.898400107797812,
                9.99761236572848,
                0.5486588205848227,
                7.12897851432677,
                1.8833899963023033,
                4.8853514776444085
            ],
            "leave": false,
            "pricing_Storage_Transfer": 0,
            "max_RAM_curr": 4.194776912000068,
            "pricing_RAM": 5,
            "pricing_data_sent": 0.01,
            "pricing_StartRequest": 4e-07
        },
        "provider_5": {
            "name": "aws",
            "estimated_latency": [
                8.671430145213817,
                5.117708865578338,
                8.223208866858402,
                7.559363246594553,
                5.565171335308588,
                0.0,
                7.398255182229776,
                8.11675987544367,
                2.7577678705864224,
                0.8991102678929119,
                4.991795530217217,
                9.155738590230035
            ],
            "leave": false,
            "pricing_Storage_Transfer": 0,
            "max_RAM_curr": 6.979067750854737,
            "pricing_RAM": 5,
            "pricing_data_sent": 0.01,
            "pricing_StartRequest": 4e-07
        },
        "provider_6": {
            "name": "aws",
            "estimated_latency": [
                3.6326140626161574,
                1.8717493489030155,
                3.6387204895760825,
                2.366945472647533,
                9.898400107797812,
                7.398255182229776,
                0.0,
                7.403632502509829,
                4.251365259803925,
                5.486731475514821,
                3.29995629326945,
                3.9441112442380892
            ],
            "leave": false,
            "pricing_Storage_Transfer": 0,
            "max_RAM_curr": 0.4986818505845576,
            "pricing_RAM": 5,
            "pricing_data_sent": 0.01,
            "pricing_StartRequest": 4e-07
        },
        "provider_7": {
            "name": "aws",
            "estimated_latency": [
                9.896791579893085,
                8.970909988581191,
                8.647454545096753,
                4.842548199124915,
                9.99761236572848,
                8.11675987544367,
                7.403632502509829,
                0.0,
                5.56391745113094,
                9.857496502071609,
                7.390741476930725,
                6.095393399482243
            ],
            "leave": false,
            "pricing_Storage_Transfer": 0,
            "max_RAM_curr": 8.576045402694032,
            "pricing_RAM": 5,
            "pricing_data_sent": 0.01,
            "pricing_StartRequest": 4e-07
        },
        "provider_8": {
            "name": "aws",
            "estimated_latency": [
                8.940416388720527,
                7.545924032450529,
                9.109012553078005,
                9.224923066222285,
                0.5486588205848227,
                2.7577678705864224,
                4.251365259803925,
                5.56391745113094,
                0.0,
                5.804168142300778,
                5.783198680716047,
                7.1149989488086085
            ],
            "leave": false,
            "pricing_Storage_Transfer": 0,
            "max_RAM_curr": 1.176215838082248,
            "pricing_RAM": 5,
            "pricing_data_sent": 0.01,
            "pricing_StartRequest": 4e-07
        },
        "provider_9": {
            "name": "aws",
            "estimated_latency": [
                3.702019093169855,
                2.276252917844754,
                8.84149599121991,
                5.930705894169853,
                7.12897851432677,
                0.8991102678929119,
                5.486731475514821,
                9.857496502071609,
                5.804168142300778,
                0.0,
                7.837488927617923,
                9.342316697226602
            ],
            "leave": false,
            "pricing_Storage_Transfer": 0,
            "max_RAM_curr": 0.02884005714309659,
            "pricing_RAM": 5,
            "pricing_data_sent": 0.01,
            "pricing_StartRequest": 4e-07
        },
        "provider_10": {
            "name": "aws",