{
    "name": "cloud_2_63",
    "num_nodes": 14,
    "num_leaves": 1,
    "providers": {
        "provider_0": {
            "name": "aws",
            "leave": true,
            "estimated_latency": [
                0.0,
                6.916230284965362,
                1.4176172412466304,
                3.213617339198311,
                0.2566851020339348,
                6.146937493550441,
                6.062631832042982,
                5.915896272381874,
                7.176185462783492,
                3.5340285647615635,
                1.4740616096835888,
                3.344737921762187,
                6.141671938275978,
                0.8339712056288643
            ],
            "pricing_Storage_Transfer": 0,
            "max_RAM_curr": 2.686659621858556,
            "pricing_RAM": 5,
            "pricing_data_sent": 0.01,
            "pricing_StartRequest": 4e-07
        },
        "provider_1": {
            "name": "aws",
            "estimated_latency": [
                6.916230284965362,
                0.0,
                2.6589304952864095,
                3.4245120514913707,
                3.3827137846889026,
                5.9406849198085405,
                9.7911702952644,
                9.130452692909163,
                7.142008679212842,
                5.4478071286397265,
                2.0509376488685986,
                1.5788936120294497,
                7.733748226590113,
                1.4500820802406507
            ],
            "leave": false,
            "pricing_Storage_Transfer": 0,
            "max_RAM_curr": 3.7980906190450328,
            "pricing_RAM": 5,
            "pricing_data_sent": 0.01,
            "pricing_StartRequest": 4e-07
        },
        "provider_2": {
            "name": "aws",
            "estimated_latency": [
                1.4176172412466304,
                2.6589304952864095,
                0.0,
                8.56279861886661,
                5.031894010983047,
                8.979172103796607,
                7.07063301305588,
                9.256717491975765,
                5.007836841729013,
                7.918521754035556,
                8.628561813588046,
                8.7668073597429,
                3.033491202180863,
                3.007048549486778
            ],
            "leave": false,
            "pricing_Storage_Transfer": 0,
            "max_RAM_curr": 1.8866363588190438,
            "pricing_RAM": 5,
            "pricing_data_sent": 0.01,
            "pricing_StartRequest": 4e-07
        },
        "provider_3": {
            "name": "aws",
            "estimated_latency": [
                3.213617339198311,
                3.4245120514913707,
                8.56279861886661,
                0.0,
                4.196573038253293,
                3.00932014708078,
                9.242455317794509,
                2.888312667881338,
                3.205434163644379,
                9.616290989275983,
                2.2436005122371285,
                9.187003259412428,
                2.130672665472358,
                7.462158001719804
            ],
            "leave": false,
            "pricing_Storage_Transfer": 0,
            "max_RAM_curr": 6.042565471910273,
            "pricing_RAM": 5,
            "pricing_data_sent": 0.01,
            "pricing_StartRequest": 4e-07
        },
        "provider_4": {
            "name": "aws",
            "estimated_latency": [
                0.2566851020339348,
                3.3827137846889026,
                5.031894010983047,
                4.196573038253293,
                0.0,
                4.339324964038005,
                6.669835142601236,
                6.151767956773677,
                4.690051908637241,
                5.017714886267695,
                1.4193623059909053,
                0.6548636805963469,
                4.798462994965197,
                3.8738292977545727
            ],
            "leave": false,
            "pricing_Storage_Transfer": 0,
            "max_RAM_curr": 1.9578170714160255,
            "pricing_RAM": 5,
            "pricing_data_sent": 0.01,
            "pricing_StartRequest": 4e-07
        },
        "provider_5": {
            "name": "aws",
            "estimated_latency": [
                6.146937493550441,
                5.9406849198085405,
                8.979172103796607,
                3.00932014708078,
                4.339324964038005,
                0.0,
                3.9253694053317836,
                5.3096176977910785,
                9.124062522899376,
                4.900263785795216,
                7.309744098561125,
                4.986018429732117,
                2.0915017343097926,
                4.453059725365599
            ],
            "leave": false,
            "pricing_Storage_Transfer": 0,
            "max_RAM_curr": 3.966754761624676,
            "pricing_RAM": 5,
            "pricing_data_sent": 0.01,
            "pricing_StartRequest": 4e-07
        },
        "provider_6": {
            "name": "aws",
            "estimated_latency": [
                6.062631832042982,
                9.7911702952644,
                7.07063301305588,
                9.242455317794509,
                6.669835142601236,
                3.9253694053317836,
                0.0,
                1.5837489425003939,
                4.872118737049575,
                5.357313064789831,
                3.0278877593058935,
                3.3184284225266527,
                6.747680296248469,
                2.9995126604198985
            ],
            "leave": false,
            "pricing_Storage_Transfer": 0,
            "max_RAM_curr": 0.48711319100983086,
            "pricing_RAM": 5,
            "pricing_data_sent": 0.01,
            "pricing_StartRequest": 4e-07
        },
        "provider_7": {
            "name": "aws",
            "estimated_latency": [
                5.915896272381874,
                9.130452692909163,
                9.256717491975765,
                2.888312667881338,
                6.151767956773677,
                5.3096176977910785,
                1.5837489425003939,
                0.0,
                0.5124285524324443,
                8.302794052868217,
                9.504585738627757,
                4.689133693077526,
                5.257834623010778,
                1.9743902023715845
            ],
            "leave": false,
            "pricing_Storage_Transfer": 0,
            "max_RAM_curr": 2.7446464885629367,
            "pricing_RAM": 5,
            "pricing_data_sent": 0.01,
            "pricing_StartRequest": 4e-07
        },
        "provider_8": {
            "name": "aws",
            "estimated_latency": [
                7.176185462783492,
                7.142008679212842,
                5.007836841729013,
                3.205434163644379,
                4.690051908637241,
                9.124062522899376,
                4.872118737049575,
                0.5124285524324443,
                0.0,
                0.8861640227478647,
                7.12894349511161,
                1.8140072069655793,
                1.507975858960098,
                1.5508386282804842
            ],
            "leave": false,
            "pricing_Storage_Transfer": 0,
            "max_RAM_curr": 1.4709197319552099,
            "pricing_RAM": 5,
            "pricing_data_sent": 0.01,
            "pricing_StartRequest": 4e-07
        },
        "provider_9": {
            "name": "aws",