{
    "name": "cloud_2_13",
    "num_nodes": 5,
    "num_leaves": 1,
    "providers": {
        "provider_0": {
            "name": "aws",
            "leave": true,
            "estimated_latency": [
                0.0,
                7.222176040200518,
                2.462820413708107,
                8.723557095257167,
                6.994148174554662
            ],
            "pricing_Storage_Transfer": 0,
            "max_RAM_curr": 10.412945457647888,
            "pricing_RAM": 0.01667,
            "pricing_data_sent": 0.01,
            "pricing_StartRequest": 4e-07,
            "max_ram_curr": 10.412945457647888
        },
        "provider_1": {
            "name": "aws",
            "estimated_latency": [
                7.222176040200518,
                0.0,
                1.5617777225442462,
                1.6343169133417983,
                9.472830110508225
            ],
            "leave": false,
            "pricing_Storage_Transfer": 0,
            "max_RAM_curr": 79.02851419669135,
            "pricing_RAM": 0.01667,
            "pricing_data_sent": 0.01,
            "pricing_StartRequest": 4e-07,
            "max_ram_curr": 79.02851419669135
        },
        "provider_2": {
            "name": "aws",
            "estimated_latency": [
                2.462820413708107,
                1.5617777225442462,
                0.0,
                7.82574533316487,
                0.6790509091644351
            ],
            "leave": false,
            "pricing_Storage_Transfer": 0,
            "max_RAM_curr": 39.71045593784845,
            "pricing_RAM": 0.01667,
            "pricing_data_sent": 0.01,
            "pricing_StartRequest": 4e-07,
            "max_ram_curr": 39.71045593784845
        },
        "provider_3": {
            "name": "aws",
            "estimated_latency": [
                8.723557095257167,
                1.6343169133417983,
                7.82574533316487,
                0.0,
                4.496083585075549
            ],
            "leave": false,
            "pricing_Storage_Transfer": 0,
            "max_RAM_curr": 7.855666474783416,
            "pricing_RAM": 0.01667,
            "pricing_data_sent": 0.01,
            "pricing_StartRequest": 4e-07,
            "max_ram_curr": 7.855666474783416
        },
        "provider_4": {
            "name": "aws",
            "estimated_latency": [
                6.994148174554662,
                9.472830110508225,
                0.6790509091644351,
                4.496083585075549,
                0.0
            ],
            "leave": false,
            "pricing_Storage_Transfer": 0,
            "max_RAM_curr": 41.302710580094676,
            "pricing_RAM": 0.01667,
            "pricing_data_sent": 0.01,
            "pricing_StartRequest": 4e-07,
            "max_ram_curr": 41.302710580094676
        }
    }
}