{
    "name": "cloud_2_771",
    "num_nodes": 10,
    "num_leaves": 1,
    "providers": {
        "provider_0": {
            "name": "aws",
            "leave": true,
            "estimated_latency": [
                0.0,
                9.595229758935716,
                2.9199500979423667,
                3.4403830238462536,
                5.121307337318272,
                0.19086152567146838,
                0.8835319850961397,
                1.2095968021936432,
                8.94251776860885,
                7.222107231981251
            ],
            "pricing_Storage_Transfer": 0,
            "max_RAM_curr": 0.10642290828482519,
            "pricing_RAM": 5,
            "pricing_data_sent": 0.01,
            "pricing_StartRequest": 4e-07,
            "max_ram_curr": 0.10642290828482519
        },
        "provider_1": {
            "name": "aws",
            "estimated_latency": [
                9.595229758935716,
                0.0,
                9.655385077502373,
                2.5155822614101115,
                5.827142811416092,
                8.968348918276282,
                8.013417293129494,
                5.828314334334195,
                5.860663180436704,
                3.799590567982198
            ],
            "leave": false,
            "pricing_Storage_Transfer": 0,
            "max_RAM_curr": 0.3008712247952777,
            "pricing_RAM": 5,
            "pricing_data_sent": 0.01,
            "pricing_StartRequest": 4e-07,
            "max_ram_curr": 0.3008712247952777
        },
        "provider_2": {
            "name": "aws",
            "estimated_latency": [
                2.9199500979423667,
                9.655385077502373,
                0.0,
                5.726560354855338,
                8.787296998930005,
                8.891027609074717,
                8.29317129372109,
                9.194689812057025,
                4.312199238610562,
                0.9252799477365251
            ],
            "leave": false,
            "pricing_Storage_Transfer": 0,
            "max_RAM_curr": 41.94671891306906,
            "pricing_RAM": 5,
            "pricing_data_sent": 0.01,
            "pricing_StartRequest": 4e-07,
            "max_ram_curr": 41.94671891306906
        },
        "provider_3": {
            "name": "aws",
            "estimated_latency": [
                3.4403830238462536,
                2.5155822614101115,
                5.726560354855338,
                0.0,
                2.166973126640829,
                0.9770706221470542,
                2.9212392733723624,
                7.9463041807635735,
                3.028047647794239,
                1.8925841870341273
            ],
            "leave": false,
            "pricing_Storage_Transfer": 0,
            "max_RAM_curr": 33.17753950875599,
            "pricing_RAM": 5,
            "pricing_data_sent": 0.01,
            "pricing_StartRequest": 4e-07,
            "max_ram_curr": 33.17753950875599
        },
        "provider_4": {
            "name": "aws",
            "estimated_latency": [
                5.121307337318272,
                5.827142811416092,
                8.787296998930005,
                2.166973126640829,
                0.0,
                1.4372932435088461,
                7.566105976240905,
                0.2917138349826174,
                7.688372929698508,
                9.830151439155006
            ],
            "leave": false,
            "pricing_Storage_Transfer": 0,
            "max_RAM_curr": 4.273335706991384,
            "pricing_RAM": 5,
            "pricing_data_sent": 0.01,
            "pricing_StartRequest": 4e-07,
            "max_ram_curr": 4.273335706991384
        },
        "provider_5": {
            "name": "aws",
            "estimated_latency": [
                0.19086152567146838,
                8.968348918276282,
                8.891027609074717,
                0.9770706221470542,
                1.4372932435088461,
                0.0,
                9.687507263258846,
                7.323810751515777,
                9.407429588478651,
                2.7888444644770383
            ],
            "leave": false,
            "pricing_Storage_Transfer": 0,
            "max_RAM_curr": 10.564470377080085,
            "pricing_RAM": 5,
            "pricing_data_sent": 0.01,
            "pricing_StartRequest": 4e-07,
            "max_ram_curr": 10.564470377080085
        },
        "provider_6": {
            "name": "aws",
            "estimated_latency": [
                0.8835319850961397,
                8.013417293129494,
                8.29317129372109,
                2.9212392733723624,
                7.566105976240905,
                9.687507263258846,
                0.0,
                8.682756787018043,
                0.6539559965114928,
                9.520908358067548
            ],
            "leave": false,
            "pricing_Storage_Transfer": 0,
            "max_RAM_curr": 19.12670287273304,
            "pricing_RAM": 5,
            "pricing_data_sent": 0.01,
            "pricing_StartRequest": 4e-07,
            "max_ram_curr": 19.12670287273304
        },
        "provider_7": {
            "name": "aws",
            "estimated_latency": [
                1.2095968021936432,
                5.828314334334195,
                9.194689812057025,
                7.9463041807635735,
                0.2917138349826174,
                7.323810751515777,
                8.682756787018043,
                0.0,
                3.754071115955226,
                7.186231529412795
            ],
            "leave": false,
            "pricing_Storage_Transfer": 0,
            "max_RAM_curr": 17.90383601601313,
            "pricing_RAM": 5,
            "pricing_data_sent": 0.01,
            "pricing_StartRequest": 4e-07,
            "max_ram_curr": 17.90383601601313
        },
        "provider_8": {
            "name": "aws",
            "estimated_latency": [
                8.94251776860885,
                5.860663180436704,
                4.312199238610562,
                3.028047647794239,
                7.688372929698508,
                9.407429588478651,
                0.6539559965114928,
                3.754071115955226,
                0.0,
                1.1152541479723161
            ],
            "leave": false,
            "pricing_Storage_Transfer": 0,
            "max_RAM_curr": 5.250192616286009,
            "pricing_RAM": 5,
            "pricing_data_sent": 0.01,
            "pricing_StartRequest": 4e-07,
            "max_ram_curr": 5.250192616286009
        },
        "provider_9": {
            "name": "aws",
            "estimated_latency": [
                7.222107231981251,
                3.799590567982198,
                0.9252799477365251,
                1.8925841870341273,
                9.830151439155006,
                2.7888444644770383,
                9.520908358067548,
                7.186231529412795,
                1.1152541479723161,
                0.0
            ],
            "leave": false,
            "pricing_Storage_Transfer": 0,
            "max_RAM_curr": 8.652201557358143,
            "pricing_RAM": 5,
            "pricing_data_sent": 0.01,
            "pricing_StartRequest": 4e-07,
            "max_ram_curr": 8.652201557358143
        }
    }
}