{
    "name": "cloud_1_3",
    "num_nodes": 14,
    "num_leaves": 1,
    "providers": {
        "provider_0": {
            "name": "aws",
            "leave": true,
            "estimated_latency": [
                0.0,
                51.86395285965932,
                95.02087052078602,
                80.68649606437273,
                98.02089587172384,
                35.93951682337493,
                36.411158594510205,
                28.81410247158686,
                43.53418038034701,
                2.734445894943595,
                98.9077837103347,
                48.658476327030165,
                65.63678652444385,
                33.17259295532346
            ],
            "pricing_Storage_Transfer": 0,
            "max_RAM_curr": 558.3692842281927,
            "pricing_RAM": 5,
            "pricing_data_sent": 0.01,
            "pricing_StartRequest": 4e-07,
            "max_ram_curr": 375.6754760839865
        },
        "provider_1": {
            "name": "aws",
            "estimated_latency": [
                51.86395285965932,
                0.0,
                4.894950957187993,
                81.44763609458123,
                12.63927179998292,
                6.604862916349567,
                37.75870114632981,
                21.08115190026473,
                37.16260170155808,
                56.37637127953862,
                63.62534557678075,
                7.472584947676858,
                74.41154861013784,
                54.51797468373436
            ],
            "leave": false,
            "pricing_Storage_Transfer": 0,
            "max_RAM_curr": 169.42550709084958,
            "pricing_RAM": 5,
            "pricing_data_sent": 0.01,
            "pricing_StartRequest": 4e-07,
            "max_ram_curr": 169.42550709084958
        },
        "provider_2": {
            "name": "aws",
            "estimated_latency": [
                95.02087052078602,
                4.894950957187993,
                0.0,
                64.4083065664401,
                34.26088248749544,
                5.731009878344131,
                38.402118355453354,
                4.434856303900139,
                35.62903762844151,
                89.80355174699501,
                24.03158876935957,
                19.624849755430745,
                54.72409939809381,
                37.94913160961933
            ],
            "leave": false,
            "pricing_Storage_Transfer": 0,
            "max_RAM_curr": 11.992892834576192,
            "pricing_RAM": 5,
            "pricing_data_sent": 0.01,
            "pricing_StartRequest": 4e-07,
            "max_ram_curr": 11.992892834576192
        },
        "provider_3": {
            "name": "aws",
            "estimated_latency": [
                80.68649606437273,
                81.44763609458123,
                64.4083065664401,
                0.0,
                99.37093398084357,
                43.03572586488092,
                81.75395347744393,
                11.031377335565226,
                64.15188703231303,
                80.91185049139423,
                4.805803503463176,
                63.65673077478368,
                35.09720661984492,
                55.958641499972465
            ],
            "leave": false,
            "pricing_Storage_Transfer": 0,
            "max_RAM_curr": 553.1220102140874,
            "pricing_RAM": 5,
            "pricing_data_sent": 0.01,
            "pricing_StartRequest": 4e-07,
            "max_ram_curr": 553.1220102140874
        },
        "provider_4": {
            "name": "aws",
            "estimated_latency": [
                98.02089587172384,
                12.63927179998292,
                34.26088248749544,
                99.37093398084357,
                0.0,
                22.212530002860444,
                45.53632763346073,
                88.5351162160622,
                38.90119430098752,
                7.186835254371601,
                13.881153334764402,
                73.73252147710113,
                28.067996684846932,
                76.11118549202523
            ],
            "leave": false,
            "pricing_Storage_Transfer": 0,
            "max_RAM_curr": 285.0459806007796,
            "pricing_RAM": 5,
            "pricing_data_sent": 0.01,
            "pricing_StartRequest": 4e-07,
            "max_ram_curr": 285.0459806007796
        },
        "provider_5": {
            "name": "aws",
            "estimated_latency": [
                35.93951682337493,
                6.604862916349567,
                5.731009878344131,
                43.03572586488092,
                22.212530002860444,
                0.0,
                35.6489148441982,
                36.574860212271155,
                8.517094751471149,
                22.13843993109376,
                89.95248640795778,
                37.98193167582681,
                39.69756508856411,
                67.58752677674043
            ],
            "leave": false,
            "pricing_Storage_Transfer": 0,
            "max_RAM_curr": 24.808838193299717,
            "pricing_RAM": 5,
            "pricing_data_sent": 0.01,
            "pricing_StartRequest": 4e-07,
            "max_ram_curr": 24.808838193299717
        },
        "provider_6": {
            "name": "aws",
            "estimated_latency": [
                36.411158594510205,
                37.75870114632981,
                38.402118355453354,
                81.75395347744393,
                45.53632763346073,
                35.6489148441982,
                0.0,
                77.06184418121389,
                67.72093444753037,
                45.99169910816779,
                58.903840631116005,
                59.40336872409704,
                81.91039155929734,
                41.57668917423165
            ],
            "leave": false,
            "pricing_Storage_Transfer": 0,
            "max_RAM_curr": 384.90551797254597,
            "pricing_RAM": 5,
            "pricing_data_sent": 0.01,
            "pricing_StartRequest": 4e-07,
            "max_ram_curr": 384.90551797254597
        },
        "provider_7": {
            "name": "aws",
            "estimated_latency": [
                28.81410247158686,
                21.08115190026473,
                4.434856303900139,
                11.031377335565226,
                88.5351162160622,
                36.574860212271155,
                77.06184418121389,
                0.0,
                90.60708383766128,
                78.68557137009094,
                90.9899023344012,
                21.275244011738643,
                32.56797473855915,
                12.83205722501476
            ],
            "leave": false,
            "pricing_Storage_Transfer": 0,
            "max_RAM_curr": 5.896318425098795,
            "pricing_RAM": 5,
            "pricing_data_sent": 0.01,
            "pricing_StartRequest": 4e-07,
            "max_ram_curr": 5.896318425098795
        },
        "provider_8": {
            "name": "aws",
            "estimated_latency": [
                43.53418038034701,
                37.16260170155808,
                35.62903762844151,
                64.15188703231303,
                38.90119430098752,
                8.517094751471149,
                67.72093444753037,
                90.60708383766128,
                0.0,
                89.82582676390173,
                46.51165884060201,
                8.164645143207334,
                56.25159200959148,
                64.25497587496304
            ],
            "leave": false,
            "pricing_Storage_Transfer": 0,
            "max_RAM_curr": 396.9851913502924,
            "pricing_RAM": 5,
            "pricing_data_sent": 0.01,
            "pricing_StartRequest": 4e-07,
            "max_ram_curr": 396.9851913502924
        },
        "provider_9": {
            "name": "aws",