{
    "name": "cloud_2_6",
    "num_nodes": 8,
    "num_leaves": 1,
    "providers": {
        "provider_0": {
            "name": "aws",
            "leave": true,
            "estimated_latency": [
                0.0,
                4.017759420944797,
                9.674789930549979,
                7.125762406656623,
                5.384451142005162,
                6.273346629821938,
                5.0231902834525535,
                1.2001242737274724
            ],
            "pricing_Storage_Transfer": 0,
            "max_RAM_curr": 700.3314012307378,
            "pricing_RAM": 0.01667,
            "pricing_data_sent": 0.01,
            "pricing_StartRequest": 4e-07,
            "max_ram_curr": 700.3314012307378
        },
        "provider_1": {
            "name": "aws",
            "estimated_latency": [
                4.017759420944797,
                0.0,
                9.404937443977909,
                1.352499277710899,
                8.403436133299675,
                1.0794162821800084,
                7.421735782302205,
                7.582058974866949
            ],
            "leave": false,
            "pricing_Storage_Transfer": 0,
            "max_RAM_curr": 11.12646579798902,
            "pricing_RAM": 0.01667,
            "pricing_data_sent": 0.01,
            "pricing_StartRequest": 4e-07,
            "max_ram_curr": 11.12646579798902
        },
        "provider_2": {
            "name": "aws",
            "estimated_latency": [
                9.674789930549979,
                9.404937443977909,
                0.0,
                5.188404487823265,
                7.185859584500468,
                3.96585325255797,
                1.2670127871385894,
                0.8262839270264974
            ],
            "leave": false,
            "pricing_Storage_Transfer": 0,
            "max_RAM_curr": 157.3215793304997,
            "pricing_RAM": 0.01667,
            "pricing_data_sent": 0.01,
            "pricing_StartRequest": 4e-07,
            "max_ram_curr": 157.3215793304997
        },
        "provider_3": {
            "name": "aws",
            "estimated_latency": [
                7.125762406656623,
                1.352499277710899,
                5.188404487823265,
                0.0,
                1.2984027840808345,
                5.622573313843951,
                1.0848786638176762,
                7.349526411389996
            ],
            "leave": false,
            "pricing_Storage_Transfer": 0,
            "max_RAM_curr": 12.375197843897231,
            "pricing_RAM": 0.01667,
            "pricing_data_sent": 0.01,
            "pricing_StartRequest": 4e-07,
            "max_ram_curr": 12.375197843897231
        },
        "provider_4": {
            "name": "aws",
            "estimated_latency": [
                5.384451142005162,
                8.403436133299675,
                7.185859584500468,
                1.2984027840808345,
                0.0,
                4.191942544237083,
                8.421780893899127,
                5.815885724045425
            ],
            "leave": false,
            "pricing_Storage_Transfer": 0,
            "max_RAM_curr": 297.7352086562816,
            "pricing_RAM": 0.01667,
            "pricing_data_sent": 0.01,
            "pricing_StartRequest": 4e-07,
            "max_ram_curr": 297.7352086562816
        },
        "provider_5": {
            "name": "aws",
            "estimated_latency": [
                6.273346629821938,
                1.0794162821800084,
                3.96585325255797,
                5.622573313843951,
                4.191942544237083,
                0.0,
                2.800044931363932,
                6.720112644325692
            ],
            "leave": false,
            "pricing_Storage_Transfer": 0,
            "max_RAM_curr": 58.1736402387224,
            "pricing_RAM": 0.01667,
            "pricing_data_sent": 0.01,
            "pricing_StartRequest": 4e-07,
            "max_ram_curr": 58.1736402387224
        },
        "provider_6": {
            "name": "aws",
            "estimated_latency": [
                5.0231902834525535,
                7.421735782302205,
                1.2670127871385894,
                1.0848786638176762,
                8.421780893899127,
                2.800044931363932,
                0.0,
                4.097765155876954
            ],
            "leave": false,
            "pricing_Storage_Transfer": 0,
            "max_RAM_curr": 305.65375269039083,
            "pricing_RAM": 0.01667,
            "pricing_data_sent": 0.01,
            "pricing_StartRequest": 4e-07,
            "max_ram_curr": 305.65375269039083
        },
        "provider_7": {
            "name": "aws",
            "estimated_latency": [
                1.2001242737274724,
                7.582058974866949,
                0.8262839270264974,
                7.349526411389996,
                5.815885724045425,
                6.720112644325692,
                4.097765155876954,
                0.0
            ],
            "leave": false,
            "pricing_Storage_Transfer": 0,
            "max_RAM_curr": 158.0291054420348,
            "pricing_RAM": 0.01667,
            "pricing_data_sent": 0.01,
            "pricing_StartRequest": 4e-07,
            "max_ram_curr": 158.0291054420348
        }
    }
}