{
    "name": "cloud_2_675",
    "num_nodes": 8,
    "num_leaves": 1,
    "providers": {
        "provider_0": {
            "name": "aws",
            "leave": true,
            "estimated_latency": [
                0.0,
                4.46715969598243,
                0.1293447585308966,
                7.446034161169114,
                1.5934313688222113,
                6.8719098947602735,
                3.652660077530007,
                6.694216870871475
            ],
            "pricing_Storage_Transfer": 0,
            "max_RAM_curr": 6.937607614122368,
            "pricing_RAM": 5,
            "pricing_data_sent": 0.01,
            "pricing_StartRequest": 4e-07
        },
        "provider_1": {
            "name": "aws",
            "estimated_latency": [
                4.46715969598243,
                0.0,
                0.41056362395269563,
                3.3653316905475608,
                8.929483157092035,
                3.788785809212736,
                1.5911140968111332,
                6.946008588971426
            ],
            "leave": false,
            "pricing_Storage_Transfer": 0,
            "max_RAM_curr": 5.4285452383623305,
            "pricing_RAM": 5,
            "pricing_data_sent": 0.01,
            "pricing_StartRequest": 4e-07
        },
        "provider_2": {
            "name": "aws",
            "estimated_latency": [
                0.1293447585308966,
                0.41056362395269563,
                0.0,
                8.194628189609633,
                1.3576059331863737,
                4.209100571678461,
                1.437968985495629,
                1.1282227188950633
            ],
            "leave": false,
            "pricing_Storage_Transfer": 0,
            "max_RAM_curr": 8.737540135946057,
            "pricing_RAM": 5,
            "pricing_data_sent": 0.01,
            "pricing_StartRequest": 4e-07
        },
        "provider_3": {
            "name": "aws",
            "estimated_latency": [
                7.446034161169114,
                3.3653316905475608,
                8.194628189609633,
                0.0,
                4.250910060337492,
                6.883687247398299,
                5.335601920916753,
                9.49788679814125
            ],
            "leave": false,
            "pricing_Storage_Transfer": 0,
            "max_RAM_curr": 4.704955585411146,
            "pricing_RAM": 5,
            "pricing_data_sent": 0.01,
            "pricing_StartRequest": 4e-07
        },
        "provider_4": {
            "name": "aws",
            "estimated_latency": [
                1.5934313688222113,
                8.929483157092035,
                1.3576059331863737,
                4.250910060337492,
                0.0,
                8.55312036695247,
                6.730499570459287,
                4.868277684734245
            ],
            "leave": false,
            "pricing_Storage_Transfer": 0,
            "max_RAM_curr": 52.468652938599675,
            "pricing_RAM": 5,
            "pricing_data_sent": 0.01,
            "pricing_StartRequest": 4e-07
        },
        "provider_5": {
            "name": "aws",
            "estimated_latency": [
                6.8719098947602735,
                3.788785809212736,
                4.209100571678461,
                6.883687247398299,
                8.55312036695247,
                0.0,
                7.107792677185038,
                1.6605778005082146
            ],
            "leave": false,
            "pricing_Storage_Transfer": 0,
            "max_RAM_curr": 57.398422189763956,
            "pricing_RAM": 5,
            "pricing_data_sent": 0.01,
            "pricing_StartRequest": 4e-07
        },
        "provider_6": {
            "name": "aws",
            "estimated_latency": [
                3.652660077530007,
                1.5911140968111332,
                1.437968985495629,
                5.335601920916753,
                6.730499570459287,
                7.107792677185038,
                0.0,
                0.21856860373120882
            ],
            "leave": false,
            "pricing_Storage_Transfer": 0,
            "max_RAM_curr": 8.84279437108957,
            "pricing_RAM": 5,
            "pricing_data_sent": 0.01,
            "pricing_StartRequest": 4e-07
        },
        "provider_7": {
            "name": "aws",
            "estimated_latency": [
                6.694216870871475,
                6.946008588971426,
                1.1282227188950633,
                9.49788679814125,
                4.868277684734245,
                1.6605778005082146,
                0.21856860373120882,
                0.0
            ],
            "leave": false,
            "pricing_Storage_Transfer": 0,
            "max_RAM_curr": 11.727137081939619,
            "pricing_RAM": 5,
            "pricing_data_sent": 0.01,
            "pricing_StartRequest": 4e-07
        }
    }
}