{
    "name": "cloud_2_295",
    "num_nodes": 11,
    "num_leaves": 1,
    "providers": {
        "provider_0": {
            "name": "aws",
            "leave": true,
            "estimated_latency": [
                0.0,
                3.4638134101246867,
                5.856085741067251,
                4.801798527484833,
                1.8859965757872184,
                0.49984841336726504,
                2.246560048900931,
                2.163328963639397,
                3.2191525527265936,
                6.998056865392891,
                1.2209226312130623
            ],
            "pricing_Storage_Transfer": 0,
            "max_RAM_curr": 0.7610592169831158,
            "pricing_RAM": 5,
            "pricing_data_sent": 0.01,
            "pricing_StartRequest": 4e-07
        },
        "provider_1": {
            "name": "aws",
            "estimated_latency": [
                3.4638134101246867,
                0.0,
                8.929923280274565,
                2.672581268389356,
                9.454571053824687,
                2.4222840462110837,
                1.4399698017144882,
                3.672805494492964,
                1.9990961199834067,
                5.092905103305648,
                2.9069134227476288
            ],
            "leave": false,
            "pricing_Storage_Transfer": 0,
            "max_RAM_curr": 4.296372148657183,
            "pricing_RAM": 5,
            "pricing_data_sent": 0.01,
            "pricing_StartRequest": 4e-07
        },
        "provider_2": {
            "name": "aws",
            "estimated_latency": [
                5.856085741067251,
                8.929923280274565,
                0.0,
                9.730986161943148,
                5.930543582935754,
                0.32138567243586347,
                1.4970055948541179,
                0.149033583287498,
                2.5530481396266027,
                0.5640912897259559,
                2.0972023133958353
            ],
            "leave": false,
            "pricing_Storage_Transfer": 0,
            "max_RAM_curr": 8.469872592745297,
            "pricing_RAM": 5,
            "pricing_data_sent": 0.01,
            "pricing_StartRequest": 4e-07
        },
        "provider_3": {
            "name": "aws",
            "estimated_latency": [
                4.801798527484833,
                2.672581268389356,
                9.730986161943148,
                0.0,
                4.278377093488617,
                7.233698429573365,
                4.278074269706082,
                2.500510357688045,
                1.540607608793449,
                3.615223978662155,
                4.295655612951635
            ],
            "leave": false,
            "pricing_Storage_Transfer": 0,
            "max_RAM_curr": 14.714454019903659,
            "pricing_RAM": 5,
            "pricing_data_sent": 0.01,
            "pricing_StartRequest": 4e-07
        },
        "provider_4": {
            "name": "aws",
            "estimated_latency": [
                1.8859965757872184,
                9.454571053824687,
                5.930543582935754,
                4.278377093488617,
                0.0,
                5.501177262284276,
                6.278668086566254,
                4.367607793161181,
                6.454103454731106,
                8.725783145905485,
                3.783768163725729
            ],
            "leave": false,
            "pricing_Storage_Transfer": 0,
            "max_RAM_curr": 46.6888727192071,
            "pricing_RAM": 5,
            "pricing_data_sent": 0.01,
            "pricing_StartRequest": 4e-07
        },
        "provider_5": {
            "name": "aws",
            "estimated_latency": [
                0.49984841336726504,
                2.4222840462110837,
                0.32138567243586347,
                7.233698429573365,
                5.501177262284276,
                0.0,
                6.46140463862416,
                2.9314403694658093,
                2.0565760031910507,
                4.8222373974893795,
                1.7397897471300698
            ],
            "leave": false,
            "pricing_Storage_Transfer": 0,
            "max_RAM_curr": 6.498890542104382,
            "pricing_RAM": 5,
            "pricing_data_sent": 0.01,
            "pricing_StartRequest": 4e-07
        },
        "provider_6": {
            "name": "aws",
            "estimated_latency": [
                2.246560048900931,
                1.4399698017144882,
                1.4970055948541179,
                4.278074269706082,
                6.278668086566254,
                6.46140463862416,
                0.0,
                5.535676012039265,
                6.048982711500751,
                9.230065676401589,
                5.158391541195256
            ],
            "leave": false,
            "pricing_Storage_Transfer": 0,
            "max_RAM_curr": 2.5506374948212187,
            "pricing_RAM": 5,
            "pricing_data_sent": 0.01,
            "pricing_StartRequest": 4e-07
        },
        "provider_7": {
            "name": "aws",
            "estimated_latency": [
                2.163328963639397,
                3.672805494492964,
                0.149033583287498,
                2.500510357688045,
                4.367607793161181,
                2.9314403694658093,
                5.535676012039265,
                0.0,
                2.2600587097120575,
                4.080728002001919,
                3.2622873417144183
            ],
            "leave": false,
            "pricing_Storage_Transfer": 0,
            "max_RAM_curr": 22.13943518299041,
            "pricing_RAM": 5,
            "pricing_data_sent": 0.01,
            "pricing_StartRequest": 4e-07
        },
        "provider_8": {
            "name": "aws",
            "estimated_latency": [
                3.2191525527265936,
                1.9990961199834067,
                2.5530481396266027,
                1.540607608793449,
                6.454103454731106,
                2.0565760031910507,
                6.048982711500751,
                2.2600587097120575,
                0.0,
                5.48889607168693,
                2.844893320946428
            ],
            "leave": false,
            "pricing_Storage_Transfer": 0,
            "max_RAM_curr": 1.549342756679178,
            "pricing_RAM": 5,
            "pricing_data_sent": 0.01,
            "pricing_StartRequest": 4e-07
        },
        "provider_9": {
            "name": "aws",
            "estimated_latency": [
                6.998056865392891,
                5.092905103305648,
                0.5640912897259559,
                3.615223978662155,
                8.725783145905485,
                4.8222373974893795,
                9.230065676401589,
                4.080728002001919,
                5.48889607168693,
                0.0,
                3.599016609977375
            ],
            "leave": false,
            "pricing_Storage_Transfer": 0,
            "max_RAM_curr": 11.74858924416014,
            "pricing_RAM": 5,
            "pricing_data_sent": 0.01,
            "pricing_StartRequest": 4e-07
        },
        "provider_10": {
            "name": "aws",
            "estimated_latency": [
                1.2209226312130623,
                2.9069134227476288,
                2.0972023133958353,
                4.295655612951635,
                3.783768163725729,
                1.7397897471300698,
                5.158391541195256,
                3.2622873417144183,
                2.844893320946428,
                3.599016609977375,
                0.0
            ],
            "leave": false,
            "pricing_Storage_Transfer": 0,
            "max_RAM_curr": 33.892853547017,
            "pricing_RAM": 5,
            "pricing_data_sent": 0.01,
            "pricing_StartRequest": 4e-07
        }
    }
}