{
    "name": "cloud_2_21",
    "num_nodes": 4,
    "num_leaves": 1,
    "providers": {
        "provider_0": {
            "name": "aws",
            "leave": true,
            "estimated_latency": [
                0.0,
                7.825443206182455,
                7.326657967214673,
                1.3122842389181393
            ],
            "pricing_Storage_Transfer": 0,
            "max_RAM_curr": 12.53441612198286,
            "pricing_RAM": 5,
            "pricing_data_sent": 0.01,
            "pricing_StartRequest": 4e-07
        },
        "provider_1": {
            "name": "aws",
            "estimated_latency": [
                7.825443206182455,
                0.0,
                5.5332365443340805,
                8.093840755047022
            ],
            "leave": false,
            "pricing_Storage_Transfer": 0,
            "max_RAM_curr": 17.006901486457437,
            "pricing_RAM": 5,
            "pricing_data_sent": 0.01,
            "pricing_StartRequest": 4e-07
        },
        "provider_2": {
            "name": "aws",
            "estimated_latency": [
                7.326657967214673,
                5.5332365443340805,
                0.0,
                3.4456258510574096
            ],
            "leave": false,
            "pricing_Storage_Transfer": 0,
            "max_RAM_curr": 16.456319836280382,
            "pricing_RAM": 5,
            "pricing_data_sent": 0.01,
            "pricing_StartRequest": 4e-07
        },
        "provider_3": {
            "name": "aws",
            "estimated_latency": [
                1.3122842389181393,
                8.093840755047022,
                3.4456258510574096,
                0.0
            ],
            "leave": false,
            "pricing_Storage_Transfer": 0,
            "max_RAM_curr": 13.912203298805577,
            "pricing_RAM": 5,
            "pricing_data_sent": 0.01,
            "pricing_StartRequest": 4e-07
        }
    }
}