{
    "name": "cloud_2_93",
    "num_nodes": 19,
    "num_leaves": 1,
    "providers": {
        "provider_0": {
            "name": "aws",
            "leave": true,
            "estimated_latency": [
                0.0,
                1.770046463734962,
                2.9789954708289503,
                5.105220259024681,
                6.832465094661771,
                7.023085391086032,
                7.834301267832334,
                8.055335452901286,
                4.154111308698747,
                7.473233407382775,
                4.458142783279682,
                2.2069911903677455,
                1.723693791825255,
                0.1311608597078908,
                4.4896970860320415,
                4.529485247053962,
                2.9897761683571438,
                6.564178948374987,
                0.20464880132831365
            ],
            "pricing_Storage_Transfer": 0,
            "max_RAM_curr": 0.054155351273275,
            "pricing_RAM": 5,
            "pricing_data_sent": 0.01,
            "pricing_StartRequest": 4e-07
        },
        "provider_1": {
            "name": "aws",
            "estimated_latency": [
                1.770046463734962,
                0.0,
                8.752413039639446,
                0.9661986532296016,
                2.393063307599641,
                0.6712066465270514,
                1.4428085869377298,
                0.582252618827804,
                9.391031712437789,
                7.5089733392271985,
                6.8504476590907695,
                1.1480947508391388,
                4.925516015884006,
                1.6485057101339093,
                4.326356044231647,
                8.783524330228097,
                7.412473941427532,
                4.045448749704308,
                2.1803453990560273
            ],
            "leave": false,
            "pricing_Storage_Transfer": 0,
            "max_RAM_curr": 0.2739094392216102,
            "pricing_RAM": 5,
            "pricing_data_sent": 0.01,
            "pricing_StartRequest": 4e-07
        },
        "provider_2": {
            "name": "aws",
            "estimated_latency": [
                2.9789954708289503,
                8.752413039639446,
                0.0,
                3.6150332066769963,
                7.38416697701871,
                6.7135976285787216,
                7.669572688881305,
                2.4424681495227203,
                9.80418108221406,
                7.819449500571433,
                6.935570706646084,
                7.94638212861925,
                8.85418875298527,
                0.49281940470503705,
                3.4730524093462205,
                3.4149865417786116,
                9.606537596719546,
                5.4921425942057205,
                9.700548854460127
            ],
            "leave": false,
            "pricing_Storage_Transfer": 0,
            "max_RAM_curr": 0.4099957348111061,
            "pricing_RAM": 5,
            "pricing_data_sent": 0.01,
            "pricing_StartRequest": 4e-07
        },
        "provider_3": {
            "name": "aws",
            "estimated_latency": [
                5.105220259024681,
                0.9661986532296016,
                3.6150332066769963,
                0.0,
                9.033030795330783,
                7.214011511384265,
                7.285900480202968,
                1.9865999619060906,
                6.239965054125317,
                0.9178462327418122,
                8.108915601382318,
                6.99838229207056,
                3.6326184007171247,
                7.512163732248449,
                2.859646969132674,
                4.19232322683678,
                8.938127533782104,
                1.4709237762040162,
                5.183144794110734
            ],
            "leave": false,
            "pricing_Storage_Transfer": 0,
            "max_RAM_curr": 0.2055238124855433,
            "pricing_RAM": 5,
            "pricing_data_sent": 0.01,
            "pricing_StartRequest": 4e-07
        },
        "provider_4": {
            "name": "aws",
            "estimated_latency": [
                6.832465094661771,
                2.393063307599641,
                7.38416697701871,
                9.033030795330783,
                0.0,
                0.2831618693995009,
                3.9861349516485434,
                9.843447748008298,
                2.2943736448662966,
                5.69642617955755,
                3.680618632562647,
                6.465823229367105,
                1.8728850419912857,
                0.7311454610304972,
                1.160281882559439,
                1.171911326674696,
                8.805724610930369,
                9.16964177091831,
                5.412919919896705
            ],
            "leave": false,
            "pricing_Storage_Transfer": 0,
            "max_RAM_curr": 0.21042208541716903,
            "pricing_RAM": 5,
            "pricing_data_sent": 0.01,
            "pricing_StartRequest": 4e-07
        },
        "provider_5": {
            "name": "aws",
            "estimated_latency": [
                7.023085391086032,
                0.6712066465270514,
                6.7135976285787216,
                7.214011511384265,
                0.2831618693995009,
                0.0,
                1.5295942017487882,
                7.113060775882552,
                6.5669261026899095,
                8.035628174252592,
                7.402942757624423,
                1.0415493571619334,
                7.262652341604039,
                2.2373340334562655,
                7.431998692386527,
                7.087822583190846,
                0.5486935968049634,
                9.64283348711631,
                4.858889033578076
            ],
            "leave": false,
            "pricing_Storage_Transfer": 0,
            "max_RAM_curr": 0.11624151566805133,
            "pricing_RAM": 5,
            "pricing_data_sent": 0.01,
            "pricing_StartRequest": 4e-07
        },
        "provider_6": {
            "name": "aws",
            "estimated_latency": [
                7.834301267832334,
                1.4428085869377298,
                7.669572688881305,
                7.285900480202968,
                3.9861349516485434,
                1.5295942017487882,
                0.0,
                3.4095928964629785,
                4.191956885924876,
                7.5352691899191075,
                1.3354746739324352,
                1.5957073176714476,
                7.643273590890169,
                7.455572537144967,
                4.773588357259106,
                4.217922043423299,
                5.028933281016198,
                6.706358982438518,
                4.819795610012412
            ],
            "leave": false,
            "pricing_Storage_Transfer": 0,
            "max_RAM_curr": 1.2372316781663386,
            "pricing_RAM": 5,
            "pricing_data_sent": 0.01,
            "pricing_StartRequest": 4e-07
        },
        "provider_7": {
            "name": "aws",
            "estimated_latency": [
                8.055335452901286,
                0.582252618827804,
                2.4424681495227203,
                1.9865999619060906,
                9.843447748008298,
                7.113060775882552,
                3.4095928964629785,
                0.0,
                4.611307818806362,
                1.182597708174583,
                1.0909033980852723,
                5.529599757559967,
                5.942354055833272,
                2.917556449094429,
                9.87598205045917,
                4.440596985650335,
                7.438843991367209,
                8.092957978762614,
                9.473943378361005
            ],
            "leave": false,
            "pricing_Storage_Transfer": 0,
            "max_RAM_curr": 0.5182658462225942,
            "pricing_RAM": 5,