{
    "name": "cloud_2_387",
    "num_nodes": 14,
    "num_leaves": 1,
    "providers": {
        "provider_0": {
            "name": "aws",
            "leave": true,
            "estimated_latency": [
                0.0,
                8.021405779592119,
                4.385559474684445,
                3.9642394250551085,
                8.906943253534733,
                6.040514934090835,
                9.246796665988924,
                0.6348770947788238,
                2.0257079094757824,
                4.299044767060847,
                1.7796154603894005,
                3.556823804164837,
                9.898301918591871,
                1.3838550796008207
            ],
            "pricing_Storage_Transfer": 0,
            "max_RAM_curr": 7.53698283797887,
            "pricing_RAM": 5,
            "pricing_data_sent": 0.01,
            "pricing_StartRequest": 4e-07
        },
        "provider_1": {
            "name": "aws",
            "estimated_latency": [
                8.021405779592119,
                0.0,
                8.57456024056303,
                8.790683151991145,
                5.844175414897158,
                3.063544000336483,
                5.717794904686867,
                8.087956610047305,
                0.5843138221929016,
                3.623040569145614,
                4.298628486826798,
                9.65468695459156,
                1.1354532556892565,
                6.945987797811546
            ],
            "leave": false,
            "pricing_Storage_Transfer": 0,
            "max_RAM_curr": 18.835297295655725,
            "pricing_RAM": 5,
            "pricing_data_sent": 0.01,
            "pricing_StartRequest": 4e-07
        },
        "provider_2": {
            "name": "aws",
            "estimated_latency": [
                4.385559474684445,
                8.57456024056303,
                0.0,
                4.858454022613848,
                3.4079587987339153,
                3.2234520233846577,
                0.8040278341458739,
                2.5147567739332075,
                5.280292550645992,
                3.8163774825214594,
                6.678161772493138,
                4.142369506179538,
                4.940359599425574,
                5.943808878221375
            ],
            "leave": false,
            "pricing_Storage_Transfer": 0,
            "max_RAM_curr": 1.5428444261705547,
            "pricing_RAM": 5,
            "pricing_data_sent": 0.01,
            "pricing_StartRequest": 4e-07
        },
        "provider_3": {
            "name": "aws",
            "estimated_latency": [
                3.9642394250551085,
                8.790683151991145,
                4.858454022613848,
                0.0,
                0.8122509496377672,
                9.489882319864641,
                4.1264644394602925,
                9.307987953893933,
                6.55896575853239,
                5.771990273483885,
                8.029931056045449,
                9.790616912174718,
                0.5160394647740613,
                5.41418321414148
            ],
            "leave": false,
            "pricing_Storage_Transfer": 0,
            "max_RAM_curr": 14.223801888979148,
            "pricing_RAM": 5,
            "pricing_data_sent": 0.01,
            "pricing_StartRequest": 4e-07
        },
        "provider_4": {
            "name": "aws",
            "estimated_latency": [
                8.906943253534733,
                5.844175414897158,
                3.4079587987339153,
                0.8122509496377672,
                0.0,
                0.8720814765946531,
                5.272620295215466,
                2.7661714619763353,
                0.6110897073579838,
                5.647962692732136,
                1.6079544684215072,
                8.382883901754523,
                6.511832409211979,
                4.429015690910331
            ],
            "leave": false,
            "pricing_Storage_Transfer": 0,
            "max_RAM_curr": 3.590054439954178,
            "pricing_RAM": 5,
            "pricing_data_sent": 0.01,
            "pricing_StartRequest": 4e-07
        },
        "provider_5": {
            "name": "aws",
            "estimated_latency": [
                6.040514934090835,
                3.063544000336483,
                3.2234520233846577,
                9.489882319864641,
                0.8720814765946531,
                0.0,
                9.546544882123467,
                2.5636441200790023,
                3.0380703900425505,
                4.848016302569578,
                0.7765840786432391,
                6.424341558881557,
                5.1929216639938325,
                6.686142024372291
            ],
            "leave": false,
            "pricing_Storage_Transfer": 0,
            "max_RAM_curr": 3.267211170884275,
            "pricing_RAM": 5,
            "pricing_data_sent": 0.01,
            "pricing_StartRequest": 4e-07
        },
        "provider_6": {
            "name": "aws",
            "estimated_latency": [
                9.246796665988924,
                5.717794904686867,
                0.8040278341458739,
                4.1264644394602925,
                5.272620295215466,
                9.546544882123467,
                0.0,
                5.7201066215519205,
                0.5024350008986177,
                6.609185003947579,
                4.157254554164515,
                7.213455429417659,
                1.8387338329750786,
                5.681953593791782
            ],
            "leave": false,
            "pricing_Storage_Transfer": 0,
            "max_RAM_curr": 13.71004362651822,
            "pricing_RAM": 5,
            "pricing_data_sent": 0.01,
            "pricing_StartRequest": 4e-07
        },
        "provider_7": {
            "name": "aws",
            "estimated_latency": [
                0.6348770947788238,
                8.087956610047305,
                2.5147567739332075,
                9.307987953893933,
                2.7661714619763353,
                2.5636441200790023,
                5.7201066215519205,
                0.0,
                5.22841546257216,
                4.029905607513442,
                9.612733668353604,
                4.387904750166431,
                1.2437577215785904,
                8.343627972300395
            ],
            "leave": false,
            "pricing_Storage_Transfer": 0,
            "max_RAM_curr": 16.311298111555576,
            "pricing_RAM": 5,
            "pricing_data_sent": 0.01,
            "pricing_StartRequest": 4e-07
        },
        "provider_8": {
            "name": "aws",
            "estimated_latency": [
                2.0257079094757824,
                0.5843138221929016,
                5.280292550645992,
                6.55896575853239,
                0.6110897073579838,
                3.0380703900425505,
                0.5024350008986177,
                5.22841546257216,
                0.0,
                8.626367216881906,
                3.3945615455577616,
                4.991450351038747,
                1.7365995172548383,
                1.1112852621866174
            ],
            "leave": false,
            "pricing_Storage_Transfer": 0,
            "max_RAM_curr": 2.354602753825063,
            "pricing_RAM": 5,
            "pricing_data_sent": 0.01,
            "pricing_StartRequest": 4e-07
        },
        "provider_9": {
            "name": "aws",