{
    "name": "cloud_2_841",
    "num_nodes": 17,
    "num_leaves": 1,
    "providers": {
        "provider_0": {
            "name": "aws",
            "leave": true,
            "estimated_latency": [
                0.0,
                5.848520033013057,
                1.1274732419287217,
                9.26147739109027,
                1.3325967223715587,
                4.857137400154628,
                9.334337028252424,
                4.203461302955549,
                2.338330074783532,
                9.200784252538185,
                4.928123168506276,
                1.185675362777436,
                1.7923887027336873,
                3.249107177859383,
                4.7750434670340525,
                6.240149144757398,
                2.9542943076487775
            ],
            "pricing_Storage_Transfer": 0,
            "max_RAM_curr": 3.090588419017399,
            "pricing_RAM": 5,
            "pricing_data_sent": 0.01,
            "pricing_StartRequest": 4e-07
        },
        "provider_1": {
            "name": "aws",
            "estimated_latency": [
                5.848520033013057,
                0.0,
                7.8373710047546865,
                0.6852139575621619,
                6.661281418461863,
                0.36166684414960226,
                6.0002993573789825,
                2.974137940109668,
                7.184880083705315,
                4.932938798918335,
                5.394073858757055,
                4.687669328091163,
                4.825501327210005,
                3.050410289519425,
                4.693811954335629,
                8.13339606707031,
                5.32237708039395
            ],
            "leave": false,
            "pricing_Storage_Transfer": 0,
            "max_RAM_curr": 14.589198768241284,
            "pricing_RAM": 5,
            "pricing_data_sent": 0.01,
            "pricing_StartRequest": 4e-07
        },
        "provider_2": {
            "name": "aws",
            "estimated_latency": [
                1.1274732419287217,
                7.8373710047546865,
                0.0,
                8.700762400899343,
                1.2629003201486948,
                4.432025552343022,
                1.6724567036223403,
                9.412403363691284,
                2.8321044843228935,
                6.227113753984536,
                0.6422424149142206,
                3.26051037493579,
                4.767498639941898,
                5.264523666314853,
                5.919586802952024,
                9.372239231542956,
                3.857376171353721
            ],
            "leave": false,
            "pricing_Storage_Transfer": 0,
            "max_RAM_curr": 4.427756417516357,
            "pricing_RAM": 5,
            "pricing_data_sent": 0.01,
            "pricing_StartRequest": 4e-07
        },
        "provider_3": {
            "name": "aws",
            "estimated_latency": [
                9.26147739109027,
                0.6852139575621619,
                8.700762400899343,
                0.0,
                7.251675135939487,
                1.6909923308265686,
                3.3177984205147415,
                8.015606871698703,
                5.904906822389474,
                4.24844555990506,
                7.975493355754329,
                1.9650999416865558,
                5.848629028372915,
                6.3125709150423,
                5.818004280213232,
                9.83691369728371,
                9.12411279168513
            ],
            "leave": false,
            "pricing_Storage_Transfer": 0,
            "max_RAM_curr": 62.454601426454026,
            "pricing_RAM": 5,
            "pricing_data_sent": 0.01,
            "pricing_StartRequest": 4e-07
        },
        "provider_4": {
            "name": "aws",
            "estimated_latency": [
                1.3325967223715587,
                6.661281418461863,
                1.2629003201486948,
                7.251675135939487,
                0.0,
                0.292705735783821,
                1.3919131557065985,
                0.2811011684051087,
                5.4580276062884785,
                4.797218508910877,
                4.811940024351784,
                4.748565318051167,
                6.4291918059551865,
                4.471617825860452,
                4.744360144523093,
                9.143531466059926,
                3.1820227374659216
            ],
            "leave": false,
            "pricing_Storage_Transfer": 0,
            "max_RAM_curr": 2.0739692803979044,
            "pricing_RAM": 5,
            "pricing_data_sent": 0.01,
            "pricing_StartRequest": 4e-07
        },
        "provider_5": {
            "name": "aws",
            "estimated_latency": [
                4.857137400154628,
                0.36166684414960226,
                4.432025552343022,
                1.6909923308265686,
                0.292705735783821,
                0.0,
                2.6398382592524943,
                7.23217875443206,
                0.46370427437989314,
                9.215061957613939,
                7.660622171843656,
                1.2109695426459621,
                3.6820020807722518,
                3.849394159583344,
                4.211780157911501,
                5.746553024648129,
                9.02886328116583
            ],
            "leave": false,
            "pricing_Storage_Transfer": 0,
            "max_RAM_curr": 12.29568775412149,
            "pricing_RAM": 5,
            "pricing_data_sent": 0.01,
            "pricing_StartRequest": 4e-07
        },
        "provider_6": {
            "name": "aws",
            "estimated_latency": [
                9.334337028252424,
                6.0002993573789825,
                1.6724567036223403,
                3.3177984205147415,
                1.3919131557065985,
                2.6398382592524943,
                0.0,
                7.6954353005450375,
                3.0855107884897803,
                2.7539643877073985,
                7.850391343324612,
                7.639232303416794,
                9.856671500299624,
                2.741428233785885,
                9.796197402352908,
                7.890597186172038,
                6.085802508290506
            ],
            "leave": false,
            "pricing_Storage_Transfer": 0,
            "max_RAM_curr": 6.39252972551679,
            "pricing_RAM": 5,
            "pricing_data_sent": 0.01,
            "pricing_StartRequest": 4e-07
        },
        "provider_7": {
            "name": "aws",
            "estimated_latency": [
                4.203461302955549,
                2.974137940109668,
                9.412403363691284,
                8.015606871698703,
                0.2811011684051087,
                7.23217875443206,
                7.6954353005450375,
                0.0,
                1.3602829397551448,
                9.618466730286054,
                8.90346119308878,
                2.5856451107347618,
                1.7915666666066896,
                9.466863615832734,
                3.7325565506854774,
                7.592017801547869,
                2.370972453967945
            ],
            "leave": false,
            "pricing_Storage_Transfer": 0,
            "max_RAM_curr": 3.0944685881737173,
            "pricing_RAM": 5,
            "pricing_data_sent": 0.01,
            "pricing_StartRequest": 4e-07
        },
        "provider_8": {
            "name": "aws",