{
    "name": "cloud_2_0",
    "num_nodes": 8,
    "num_leaves": 1,
    "providers": {
        "provider_0": {
            "name": "aws",
            "leave": true,
            "estimated_latency": [
                0.0,
                6.378172558676598,
                1.6433827823943197,
                5.26435561332109,
                0.833365566955695,
                1.0913145597611515,
                6.471656077115831,
                9.094383181570095
            ],
            "pricing_Storage_Transfer": 0,
            "max_RAM_curr": Infinity,
            "pricing_RAM": 0.01667,
            "pricing_data_sent": 0.01,
            "pricing_StartRequest": 4e-07,
            "max_ram_curr": Infinity
        },
        "provider_1": {
            "name": "aws",
            "estimated_latency": [
                6.378172558676598,
                0.0,
                8.226076967910894,
                9.480260685167561,
                5.9753883790290985,
                4.144335795228389,
                8.306627246018415,
                9.517444264405517
            ],
            "leave": false,
            "pricing_Storage_Transfer": 0,
            "max_RAM_curr": Infinity,
            "pricing_RAM": 0.01667,
            "pricing_data_sent": 0.01,
            "pricing_StartRequest": 4e-07,
            "max_ram_curr": Infinity
        },
        "provider_2": {
            "name": "aws",
            "estimated_latency": [
                1.6433827823943197,
                8.226076967910894,
                0.0,
                5.769279904733715,
                6.138129755878864,
                0.7369631710731465,
                4.382856526863554,
                3.0921375982917936
            ],
            "leave": false,
            "pricing_Storage_Transfer": 0,
            "max_RAM_curr": Infinity,
            "pricing_RAM": 0.01667,
            "pricing_data_sent": 0.01,
            "pricing_StartRequest": 4e-07,
            "max_ram_curr": Infinity
        },
        "provider_3": {
            "name": "aws",
            "estimated_latency": [
                5.26435561332109,
                9.480260685167561,
                5.769279904733715,
                0.0,
                1.560015408198463,
                2.61870020520671,
                1.7607485699202627,
                3.453831185036591
            ],
            "leave": false,
            "pricing_Storage_Transfer": 0,
            "max_RAM_curr": Infinity,
            "pricing_RAM": 0.01667,
            "pricing_data_sent": 0.01,
            "pricing_StartRequest": 4e-07,
            "max_ram_curr": Infinity
        },
        "provider_4": {
            "name": "aws",
            "estimated_latency": [
                0.833365566955695,
                5.9753883790290985,
                6.138129755878864,
                1.560015408198463,
                0.0,
                1.1280940303957552,
                9.269041178604555,
                6.340377737858756
            ],
            "leave": false,
            "pricing_Storage_Transfer": 0,
            "max_RAM_curr": Infinity,
            "pricing_RAM": 0.01667,
            "pricing_data_sent": 0.01,
            "pricing_StartRequest": 4e-07,
            "max_ram_curr": Infinity
        },
        "provider_5": {
            "name": "aws",
            "estimated_latency": [
                1.0913145597611515,
                4.144335795228389,
                0.7369631710731465,
                2.61870020520671,
                1.1280940303957552,
                0.0,
                6.306385404917598,
                7.3391104200041655
            ],
            "leave": false,
            "pricing_Storage_Transfer": 0,
            "max_RAM_curr": Infinity,
            "pricing_RAM": 0.01667,
            "pricing_data_sent": 0.01,
            "pricing_StartRequest": 4e-07,
            "max_ram_curr": Infinity
        },
        "provider_6": {
            "name": "aws",
            "estimated_latency": [
                6.471656077115831,
                8.306627246018415,
                4.382856526863554,
                1.7607485699202627,
                9.269041178604555,
                6.306385404917598,
                0.0,
                9.064222554843925
            ],
            "leave": false,
            "pricing_Storage_Transfer": 0,
            "max_RAM_curr": Infinity,
            "pricing_RAM": 0.01667,
            "pricing_data_sent": 0.01,
            "pricing_StartRequest": 4e-07,
            "max_ram_curr": Infinity
        },
        "provider_7": {
            "name": "aws",
            "estimated_latency": [
                9.094383181570095,
                9.517444264405517,
                3.0921375982917936,
                3.453831185036591,
                6.340377737858756,
                7.3391104200041655,
                9.064222554843925,
                0.0
            ],
            "leave": false,
            "pricing_Storage_Transfer": 0,
            "max_RAM_curr": Infinity,
            "pricing_RAM": 0.01667,
            "pricing_data_sent": 0.01,
            "pricing_StartRequest": 4e-07,
            "max_ram_curr": Infinity
        }
    }
}