{
    "name": "cloud_2_283",
    "num_nodes": 7,
    "num_leaves": 1,
    "providers": {
        "provider_0": {
            "name": "aws",
            "leave": true,
            "estimated_latency": [
                0.0,
                9.253591488675832,
                1.9461274638853672,
                3.802402529621458,
                8.851390023148225,
                5.046972278884564,
                5.317332535591159
            ],
            "pricing_Storage_Transfer": 0,
            "max_RAM_curr": 2.045648749994272,
            "pricing_RAM": 5,
            "pricing_data_sent": 0.01,
            "pricing_StartRequest": 4e-07
        },
        "provider_1": {
            "name": "aws",
            "estimated_latency": [
                9.253591488675832,
                0.0,
                9.735679737757154,
                4.671418510919946,
                0.3592730763936156,
                9.070804906928077,
                0.9758555634970603
            ],
            "leave": false,
            "pricing_Storage_Transfer": 0,
            "max_RAM_curr": 1.3942669178629112,
            "pricing_RAM": 5,
            "pricing_data_sent": 0.01,
            "pricing_StartRequest": 4e-07
        },
        "provider_2": {
            "name": "aws",
            "estimated_latency": [
                1.9461274638853672,
                9.735679737757154,
                0.0,
                7.076230623517041,
                3.4842881837923794,
                8.330138064291672,
                0.6232793583334918
            ],
            "leave": false,
            "pricing_Storage_Transfer": 0,
            "max_RAM_curr": 0.16501201423170947,
            "pricing_RAM": 5,
            "pricing_data_sent": 0.01,
            "pricing_StartRequest": 4e-07
        },
        "provider_3": {
            "name": "aws",
            "estimated_latency": [
                3.802402529621458,
                4.671418510919946,
                7.076230623517041,
                0.0,
                1.5911258401291284,
                0.12827487839774412,
                5.885008102892038
            ],
            "leave": false,
            "pricing_Storage_Transfer": 0,
            "max_RAM_curr": 1.8661457156440406,
            "pricing_RAM": 5,
            "pricing_data_sent": 0.01,
            "pricing_StartRequest": 4e-07
        },
        "provider_4": {
            "name": "aws",
            "estimated_latency": [
                8.851390023148225,
                0.3592730763936156,
                3.4842881837923794,
                1.5911258401291284,
                0.0,
                2.15133223100733,
                1.7299501161691133
            ],
            "leave": false,
            "pricing_Storage_Transfer": 0,
            "max_RAM_curr": 10.584915405905802,
            "pricing_RAM": 5,
            "pricing_data_sent": 0.01,
            "pricing_StartRequest": 4e-07
        },
        "provider_5": {
            "name": "aws",
            "estimated_latency": [
                5.046972278884564,
                9.070804906928077,
                8.330138064291672,
                0.12827487839774412,
                2.15133223100733,
                0.0,
                7.793919247302929
            ],
            "leave": false,
            "pricing_Storage_Transfer": 0,
            "max_RAM_curr": 1.7034547836034653,
            "pricing_RAM": 5,
            "pricing_data_sent": 0.01,
            "pricing_StartRequest": 4e-07
        },
        "provider_6": {
            "name": "aws",
            "estimated_latency": [
                5.317332535591159,
                0.9758555634970603,
                0.6232793583334918,
                5.885008102892038,
                1.7299501161691133,
                7.793919247302929,
                0.0
            ],
            "leave": false,
            "pricing_Storage_Transfer": 0,
            "max_RAM_curr": 1.7172722946359071,
            "pricing_RAM": 5,
            "pricing_data_sent": 0.01,
            "pricing_StartRequest": 4e-07
        }
    }
}