{
    "name": "cloud_2_939",
    "num_nodes": 9,
    "num_leaves": 1,
    "providers": {
        "provider_0": {
            "name": "aws",
            "leave": true,
            "estimated_latency": [
                0.0,
                2.8343507970352073,
                6.810504434886115,
                4.110155612068886,
                9.84833355916803,
                7.829684078287412,
                9.000483172998573,
                8.315527642652928,
                4.58399667962686
            ],
            "pricing_Storage_Transfer": 0,
            "max_RAM_curr": 0.5577195742695772,
            "pricing_RAM": 5,
            "pricing_data_sent": 0.01,
            "pricing_StartRequest": 4e-07
        },
        "provider_1": {
            "name": "aws",
            "estimated_latency": [
                2.8343507970352073,
                0.0,
                6.291695049566498,
                8.972305152669378,
                7.033980110946806,
                2.2125665292500356,
                2.8288883469200568,
                0.44988266836345236,
                6.049725496969163
            ],
            "leave": false,
            "pricing_Storage_Transfer": 0,
            "max_RAM_curr": 4.145215413684094,
            "pricing_RAM": 5,
            "pricing_data_sent": 0.01,
            "pricing_StartRequest": 4e-07
        },
        "provider_2": {
            "name": "aws",
            "estimated_latency": [
                6.810504434886115,
                6.291695049566498,
                0.0,
                9.00957783109066,
                4.97187059120382,
                9.532752858621656,
                1.376483320658614,
                5.476218900136005,
                4.9840217757994525
            ],
            "leave": false,
            "pricing_Storage_Transfer": 0,
            "max_RAM_curr": 7.340213966127273,
            "pricing_RAM": 5,
            "pricing_data_sent": 0.01,
            "pricing_StartRequest": 4e-07
        },
        "provider_3": {
            "name": "aws",
            "estimated_latency": [
                4.110155612068886,
                8.972305152669378,
                9.00957783109066,
                0.0,
                9.147328038437518,
                0.4052362255544746,
                8.172389532384944,
                6.345771613166347,
                1.1677344729089945
            ],
            "leave": false,
            "pricing_Storage_Transfer": 0,
            "max_RAM_curr": 3.447379433897736,
            "pricing_RAM": 5,
            "pricing_data_sent": 0.01,
            "pricing_StartRequest": 4e-07
        },
        "provider_4": {
            "name": "aws",
            "estimated_latency": [
                9.84833355916803,
                7.033980110946806,
                4.97187059120382,
                9.147328038437518,
                0.0,
                8.4141269875865,
                7.1927932088659245,
                6.825869167266707,
                4.047528178819031
            ],
            "leave": false,
            "pricing_Storage_Transfer": 0,
            "max_RAM_curr": 2.9601361703774876,
            "pricing_RAM": 5,
            "pricing_data_sent": 0.01,
            "pricing_StartRequest": 4e-07
        },
        "provider_5": {
            "name": "aws",
            "estimated_latency": [
                7.829684078287412,
                2.2125665292500356,
                9.532752858621656,
                0.4052362255544746,
                8.4141269875865,
                0.0,
                2.2230414567222887,
                3.0284631263967134,
                4.928567988969469
            ],
            "leave": false,
            "pricing_Storage_Transfer": 0,
            "max_RAM_curr": 1.0786428186785417,
            "pricing_RAM": 5,
            "pricing_data_sent": 0.01,
            "pricing_StartRequest": 4e-07
        },
        "provider_6": {
            "name": "aws",
            "estimated_latency": [
                9.000483172998573,
                2.8288883469200568,
                1.376483320658614,
                8.172389532384944,
                7.1927932088659245,
                2.2230414567222887,
                0.0,
                2.473476051584957,
                3.253080367332228
            ],
            "leave": false,
            "pricing_Storage_Transfer": 0,
            "max_RAM_curr": 2.756133426399417,
            "pricing_RAM": 5,
            "pricing_data_sent": 0.01,
            "pricing_StartRequest": 4e-07
        },
        "provider_7": {
            "name": "aws",
            "estimated_latency": [
                8.315527642652928,
                0.44988266836345236,
                5.476218900136005,
                6.345771613166347,
                6.825869167266707,
                3.0284631263967134,
                2.473476051584957,
                0.0,
                2.5473537678457006
            ],
            "leave": false,
            "pricing_Storage_Transfer": 0,
            "max_RAM_curr": 2.1834673114198018,
            "pricing_RAM": 5,
            "pricing_data_sent": 0.01,
            "pricing_StartRequest": 4e-07
        },
        "provider_8": {
            "name": "aws",
            "estimated_latency": [
                4.58399667962686,
                6.049725496969163,
                4.9840217757994525,
                1.1677344729089945,
                4.047528178819031,
                4.928567988969469,
                3.253080367332228,
                2.5473537678457006,
                0.0
            ],
            "leave": false,
            "pricing_Storage_Transfer": 0,
            "max_RAM_curr": 5.896236958214968,
            "pricing_RAM": 5,
            "pricing_data_sent": 0.01,
            "pricing_StartRequest": 4e-07
        }
    }
}