{
    "name": "cloud_2_826",
    "num_nodes": 13,
    "num_leaves": 1,
    "providers": {
        "provider_0": {
            "name": "aws",
            "leave": true,
            "estimated_latency": [
                0.0,
                5.37889046525908,
                5.045653876997611,
                1.5555175050045784,
                9.908261905179042,
                3.2640598782358583,
                3.6787517288679705,
                5.590360883030469,
                6.6840247849009105,
                1.682047463204656,
                7.239304198611218,
                8.907610349522933,
                6.289699106918288
            ],
            "pricing_Storage_Transfer": 0,
            "max_RAM_curr": 11.882309599641962,
            "pricing_RAM": 5,
            "pricing_data_sent": 0.01,
            "pricing_StartRequest": 4e-07
        },
        "provider_1": {
            "name": "aws",
            "estimated_latency": [
                5.37889046525908,
                0.0,
                8.605028735139634,
                4.806466051577932,
                1.5800747229505119,
                4.948289886561323,
                2.7293478414359567,
                2.245860313577067,
                2.4280202341126147,
                1.469653990627611,
                0.361095578597446,
                3.832049461018759,
                4.204344445918608
            ],
            "leave": false,
            "pricing_Storage_Transfer": 0,
            "max_RAM_curr": 5.062477266566193,
            "pricing_RAM": 5,
            "pricing_data_sent": 0.01,
            "pricing_StartRequest": 4e-07
        },
        "provider_2": {
            "name": "aws",
            "estimated_latency": [
                5.045653876997611,
                8.605028735139634,
                0.0,
                2.6716415922870187,
                3.761354501103658,
                7.373384361561723,
                7.739574761267426,
                7.2929741589202,
                1.1932255297751135,
                6.774201517706854,
                4.547707657840487,
                8.861032068264118,
                7.117680676793234
            ],
            "leave": false,
            "pricing_Storage_Transfer": 0,
            "max_RAM_curr": 17.398717859058035,
            "pricing_RAM": 5,
            "pricing_data_sent": 0.01,
            "pricing_StartRequest": 4e-07
        },
        "provider_3": {
            "name": "aws",
            "estimated_latency": [
                1.5555175050045784,
                4.806466051577932,
                2.6716415922870187,
                0.0,
                7.67195383690883,
                4.640647877950332,
                8.542535062017734,
                3.69283392059665,
                8.681680014542211,
                2.0122974079103146,
                2.491590561383661,
                8.032139325542408,
                8.060530188922492
            ],
            "leave": false,
            "pricing_Storage_Transfer": 0,
            "max_RAM_curr": 4.344363635244373,
            "pricing_RAM": 5,
            "pricing_data_sent": 0.01,
            "pricing_StartRequest": 4e-07
        },
        "provider_4": {
            "name": "aws",
            "estimated_latency": [
                9.908261905179042,
                1.5800747229505119,
                3.761354501103658,
                7.67195383690883,
                0.0,
                8.479035637763346,
                8.732841419595882,
                5.939165481713575,
                7.900448458762171,
                4.5111237616513575,
                9.271877145049604,
                1.28524495858868,
                3.0865319454372266
            ],
            "leave": false,
            "pricing_Storage_Transfer": 0,
            "max_RAM_curr": 12.078258815774774,
            "pricing_RAM": 5,
            "pricing_data_sent": 0.01,
            "pricing_StartRequest": 4e-07
        },
        "provider_5": {
            "name": "aws",
            "estimated_latency": [
                3.2640598782358583,
                4.948289886561323,
                7.373384361561723,
                4.640647877950332,
                8.479035637763346,
                0.0,
                7.755894142964491,
                1.4037520273485034,
                6.1045515415022065,
                8.313527733131655,
                2.1480326226655566,
                9.313667897953207,
                0.11949863553801776
            ],
            "leave": false,
            "pricing_Storage_Transfer": 0,
            "max_RAM_curr": 5.889362750050523,
            "pricing_RAM": 5,
            "pricing_data_sent": 0.01,
            "pricing_StartRequest": 4e-07
        },
        "provider_6": {
            "name": "aws",
            "estimated_latency": [
                3.6787517288679705,
                2.7293478414359567,
                7.739574761267426,
                8.542535062017734,
                8.732841419595882,
                7.755894142964491,
                0.0,
                1.2665423776263707,
                5.494735707311139,
                0.790716138935785,
                5.847425750012137,
                3.58337293135358,
                5.8209381585714155
            ],
            "leave": false,
            "pricing_Storage_Transfer": 0,
            "max_RAM_curr": 0.661119347796381,
            "pricing_RAM": 5,
            "pricing_data_sent": 0.01,
            "pricing_StartRequest": 4e-07
        },
        "provider_7": {
            "name": "aws",
            "estimated_latency": [
                5.590360883030469,
                2.245860313577067,
                7.2929741589202,
                3.69283392059665,
                5.939165481713575,
                1.4037520273485034,
                1.2665423776263707,
                0.0,
                5.696667208241989,
                2.602351207891271,
                5.188576977422536,
                8.044417698520807,
                4.343144112058887
            ],
            "leave": false,
            "pricing_Storage_Transfer": 0,
            "max_RAM_curr": 9.4040751380335,
            "pricing_RAM": 5,
            "pricing_data_sent": 0.01,
            "pricing_StartRequest": 4e-07
        },
        "provider_8": {
            "name": "aws",
            "estimated_latency": [
                6.6840247849009105,
                2.4280202341126147,
                1.1932255297751135,
                8.681680014542211,
                7.900448458762171,
                6.1045515415022065,
                5.494735707311139,
                5.696667208241989,
                0.0,
                8.450802878356779,
                6.169666969267308,
                9.878803515904522,
                0.30745481327480784
            ],
            "leave": false,
            "pricing_Storage_Transfer": 0,
            "max_RAM_curr": 3.2234622719942307,
            "pricing_RAM": 5,
            "pricing_data_sent": 0.01,
            "pricing_StartRequest": 4e-07
        },
        "provider_9": {
            "name": "aws",
            "estimated_latency": [
                1.682047463204656,
                1.469653990627611,
                6.774201517706854,
                2.0122974079103146,
                4.5111237616513575,
                8.313527733131655,
                0.790716138935785,
                2.602351207891271,
                8.450802878356779,
                0.0,
                3.8639610155325763,
                9.29097997851676,
                7.44067538408366
            ],
            "leave": false,
            "pricing_Storage_Transfer": 0,
            "max_RAM_curr": 14.589302326726948,
            "pricing_RAM": 5,
            "pricing_data_sent": 0.01,
            "pricing_StartRequest": 4e-07
        },
        "provider_10": {
            "name": "aws",