{
    "name": "cloud_2_331",
    "num_nodes": 11,
    "num_leaves": 1,
    "providers": {
        "provider_0": {
            "name": "aws",
            "leave": true,
            "estimated_latency": [
                0.0,
                8.783989190582838,
                6.013705098789647,
                5.795096412324508,
                6.055477055756707,
                7.547829143846841,
                2.0705619922625362,
                2.3834249804506316,
                3.3895878929781924,
                2.943284052375122,
                5.890719101006214
            ],
            "pricing_Storage_Transfer": 0,
            "max_RAM_curr": 7.987390731537191,
            "pricing_RAM": 5,
            "pricing_data_sent": 0.01,
            "pricing_StartRequest": 4e-07
        },
        "provider_1": {
            "name": "aws",
            "estimated_latency": [
                8.783989190582838,
                0.0,
                7.699678204570343,
                6.154702936082056,
                0.3764194267593146,
                8.04610925244186,
                9.274077910380305,
                7.963344771864798,
                7.010426252200646,
                8.651009893516015,
                7.483991525320714
            ],
            "leave": false,
            "pricing_Storage_Transfer": 0,
            "max_RAM_curr": 0.5293700945537527,
            "pricing_RAM": 5,
            "pricing_data_sent": 0.01,
            "pricing_StartRequest": 4e-07
        },
        "provider_2": {
            "name": "aws",
            "estimated_latency": [
                6.013705098789647,
                7.699678204570343,
                0.0,
                7.8037605513836,
                3.3013680262838503,
                2.7337558947717384,
                4.74027612531474,
                9.021778614711979,
                6.706712716278366,
                5.378981543203139,
                7.355250221119019
            ],
            "leave": false,
            "pricing_Storage_Transfer": 0,
            "max_RAM_curr": 10.14321674833869,
            "pricing_RAM": 5,
            "pricing_data_sent": 0.01,
            "pricing_StartRequest": 4e-07
        },
        "provider_3": {
            "name": "aws",
            "estimated_latency": [
                5.795096412324508,
                6.154702936082056,
                7.8037605513836,
                0.0,
                9.239209209940176,
                4.472710029677215,
                6.22175608920146,
                2.47200907300993,
                3.413634789304063,
                7.33706842959264,
                6.842838984183009
            ],
            "leave": false,
            "pricing_Storage_Transfer": 0,
            "max_RAM_curr": 4.399349331711892,
            "pricing_RAM": 5,
            "pricing_data_sent": 0.01,
            "pricing_StartRequest": 4e-07
        },
        "provider_4": {
            "name": "aws",
            "estimated_latency": [
                6.055477055756707,
                0.3764194267593146,
                3.3013680262838503,
                9.239209209940176,
                0.0,
                6.961348663921349,
                9.363996473914629,
                9.376179155271451,
                2.8917188439185155,
                7.204798752097999,
                0.9289930091489651
            ],
            "leave": false,
            "pricing_Storage_Transfer": 0,
            "max_RAM_curr": 2.454974869819616,
            "pricing_RAM": 5,
            "pricing_data_sent": 0.01,
            "pricing_StartRequest": 4e-07
        },
        "provider_5": {
            "name": "aws",
            "estimated_latency": [
                7.547829143846841,
                8.04610925244186,
                2.7337558947717384,
                4.472710029677215,
                6.961348663921349,
                0.0,
                6.105876450799123,
                2.248593507238222,
                7.210766611982276,
                0.11886056707048742,
                4.629212523365478
            ],
            "leave": false,
            "pricing_Storage_Transfer": 0,
            "max_RAM_curr": 2.4265521755744377,
            "pricing_RAM": 5,
            "pricing_data_sent": 0.01,
            "pricing_StartRequest": 4e-07
        },
        "provider_6": {
            "name": "aws",
            "estimated_latency": [
                2.0705619922625362,
                9.274077910380305,
                4.74027612531474,
                6.22175608920146,
                9.363996473914629,
                6.105876450799123,
                0.0,
                0.9711084315878048,
                5.501770010386123,
                5.452964590184882,
                0.7864112096047615
            ],
            "leave": false,
            "pricing_Storage_Transfer": 0,
            "max_RAM_curr": 13.200724783016973,
            "pricing_RAM": 5,
            "pricing_data_sent": 0.01,
            "pricing_StartRequest": 4e-07
        },
        "provider_7": {
            "name": "aws",
            "estimated_latency": [
                2.3834249804506316,
                7.963344771864798,
                9.021778614711979,
                2.47200907300993,
                9.376179155271451,
                2.248593507238222,
                0.9711084315878048,
                0.0,
                2.9997475073817625,
                9.926111089460322,
                5.3388056802579325
            ],
            "leave": false,
            "pricing_Storage_Transfer": 0,
            "max_RAM_curr": 13.002584993542161,
            "pricing_RAM": 5,
            "pricing_data_sent": 0.01,
            "pricing_StartRequest": 4e-07
        },
        "provider_8": {
            "name": "aws",
            "estimated_latency": [
                3.3895878929781924,
                7.010426252200646,
                6.706712716278366,
                3.413634789304063,
                2.8917188439185155,
                7.210766611982276,
                5.501770010386123,
                2.9997475073817625,
                0.0,
                6.833394898056332,
                2.3187783947567486
            ],
            "leave": false,
            "pricing_Storage_Transfer": 0,
            "max_RAM_curr": 21.298484981765768,
            "pricing_RAM": 5,
            "pricing_data_sent": 0.01,
            "pricing_StartRequest": 4e-07
        },
        "provider_9": {
            "name": "aws",
            "estimated_latency": [
                2.943284052375122,
                8.651009893516015,
                5.378981543203139,
                7.33706842959264,
                7.204798752097999,
                0.11886056707048742,
                5.452964590184882,
                9.926111089460322,
                6.833394898056332,
                0.0,
                0.24015115905986847
            ],
            "leave": false,
            "pricing_Storage_Transfer": 0,
            "max_RAM_curr": 12.005111964690226,
            "pricing_RAM": 5,
            "pricing_data_sent": 0.01,
            "pricing_StartRequest": 4e-07
        },
        "provider_10": {
            "name": "aws",
            "estimated_latency": [
                5.890719101006214,
                7.483991525320714,
                7.355250221119019,
                6.842838984183009,
                0.9289930091489651,
                4.629212523365478,
                0.7864112096047615,
                5.3388056802579325,
                2.3187783947567486,
                0.24015115905986847,
                0.0
            ],
            "leave": false,
            "pricing_Storage_Transfer": 0,
            "max_RAM_curr": 12.501120841096308,
            "pricing_RAM": 5,
            "pricing_data_sent": 0.01,
            "pricing_StartRequest": 4e-07
        }
    }
}