{
    "name": "cloud_2_896",
    "num_nodes": 12,
    "num_leaves": 1,
    "providers": {
        "provider_0": {
            "name": "aws",
            "leave": true,
            "estimated_latency": [
                0.0,
                6.916311841905844,
                4.361878714654755,
                2.7170173209579405,
                3.045623286671038,
                8.56388683784239,
                9.631192480511578,
                3.236351711747782,
                7.831553882167902,
                0.3118340853452314,
                6.59648050451406,
                0.7739173157515845
            ],
            "pricing_Storage_Transfer": 0,
            "max_RAM_curr": 36.23768755819974,
            "pricing_RAM": 5,
            "pricing_data_sent": 0.01,
            "pricing_StartRequest": 4e-07
        },
        "provider_1": {
            "name": "aws",
            "estimated_latency": [
                6.916311841905844,
                0.0,
                7.753866691357284,
                2.2036686704370414,
                5.4736636503462766,
                1.6019533397734405,
                5.238931802118417,
                3.32186574105346,
                3.001642353083811,
                1.8033832919847232,
                0.6994274499740363,
                4.073815480214832
            ],
            "leave": false,
            "pricing_Storage_Transfer": 0,
            "max_RAM_curr": 0.47954993442847227,
            "pricing_RAM": 5,
            "pricing_data_sent": 0.01,
            "pricing_StartRequest": 4e-07
        },
        "provider_2": {
            "name": "aws",
            "estimated_latency": [
                4.361878714654755,
                7.753866691357284,
                0.0,
                4.179591460954688,
                2.5222680591861004,
                3.6197328932002955,
                8.360371331858385,
                0.45666197242975726,
                8.733726817204653,
                2.3924236639880916,
                7.015459481990563,
                9.523867527159029
            ],
            "leave": false,
            "pricing_Storage_Transfer": 0,
            "max_RAM_curr": 1.0146610812876322,
            "pricing_RAM": 5,
            "pricing_data_sent": 0.01,
            "pricing_StartRequest": 4e-07
        },
        "provider_3": {
            "name": "aws",
            "estimated_latency": [
                2.7170173209579405,
                2.2036686704370414,
                4.179591460954688,
                0.0,
                8.530912874879242,
                4.006100509935791,
                5.243505795542859,
                9.287562224530742,
                4.1881191876644674,
                3.3736418171359053,
                3.7875863350222545,
                5.00075881826582
            ],
            "leave": false,
            "pricing_Storage_Transfer": 0,
            "max_RAM_curr": 3.2287913175100127,
            "pricing_RAM": 5,
            "pricing_data_sent": 0.01,
            "pricing_StartRequest": 4e-07
        },
        "provider_4": {
            "name": "aws",
            "estimated_latency": [
                3.045623286671038,
                5.4736636503462766,
                2.5222680591861004,
                8.530912874879242,
                0.0,
                8.891561767077631,
                0.9244383536141315,
                9.991033272110911,
                5.234618378882819,
                7.1891431982546985,
                6.219824325880038,
                2.082626185286655
            ],
            "leave": false,
            "pricing_Storage_Transfer": 0,
            "max_RAM_curr": 7.48359178589769,
            "pricing_RAM": 5,
            "pricing_data_sent": 0.01,
            "pricing_StartRequest": 4e-07
        },
        "provider_5": {
            "name": "aws",
            "estimated_latency": [
                8.56388683784239,
                1.6019533397734405,
                3.6197328932002955,
                4.006100509935791,
                8.891561767077631,
                0.0,
                1.3616348727208243,
                9.737370935989532,
                0.8936039712599216,
                0.26344356855533513,
                9.171207312133555,
                0.6928299483974599
            ],
            "leave": false,
            "pricing_Storage_Transfer": 0,
            "max_RAM_curr": 10.701082425922975,
            "pricing_RAM": 5,
            "pricing_data_sent": 0.01,
            "pricing_StartRequest": 4e-07
        },
        "provider_6": {
            "name": "aws",
            "estimated_latency": [
                9.631192480511578,
                5.238931802118417,
                8.360371331858385,
                5.243505795542859,
                0.9244383536141315,
                1.3616348727208243,
                0.0,
                6.508956085122095,
                2.8131564004488356,
                9.837594932655362,
                4.574490415232663,
                9.162917997532606
            ],
            "leave": false,
            "pricing_Storage_Transfer": 0,
            "max_RAM_curr": 13.024579763820194,
            "pricing_RAM": 5,
            "pricing_data_sent": 0.01,
            "pricing_StartRequest": 4e-07
        },
        "provider_7": {
            "name": "aws",
            "estimated_latency": [
                3.236351711747782,
                3.32186574105346,
                0.45666197242975726,
                9.287562224530742,
                9.991033272110911,
                9.737370935989532,
                6.508956085122095,
                0.0,
                6.022463962194276,
                3.985839530898049,
                3.927611789991749,
                4.480779323439831
            ],
            "leave": false,
            "pricing_Storage_Transfer": 0,
            "max_RAM_curr": 6.222995814469041,
            "pricing_RAM": 5,
            "pricing_data_sent": 0.01,
            "pricing_StartRequest": 4e-07
        },
        "provider_8": {
            "name": "aws",
            "estimated_latency": [
                7.831553882167902,
                3.001642353083811,
                8.733726817204653,
                4.1881191876644674,
                5.234618378882819,
                0.8936039712599216,
                2.8131564004488356,
                6.022463962194276,
                0.0,
                3.032536143091237,
                5.33492237013467,
                5.243856228620737
            ],
            "leave": false,
            "pricing_Storage_Transfer": 0,
            "max_RAM_curr": 4.4961688503791715,
            "pricing_RAM": 5,
            "pricing_data_sent": 0.01,
            "pricing_StartRequest": 4e-07
        },
        "provider_9": {
            "name": "aws",
            "estimated_latency": [
                0.3118340853452314,
                1.8033832919847232,
                2.3924236639880916,
                3.3736418171359053,
                7.1891431982546985,
                0.26344356855533513,
                9.837594932655362,
                3.985839530898049,
                3.032536143091237,
                0.0,
                2.939821694016464,
                2.0957304611150103
            ],
            "leave": false,
            "pricing_Storage_Transfer": 0,
            "max_RAM_curr": 5.421401101266989,
            "pricing_RAM": 5,
            "pricing_data_sent": 0.01,
            "pricing_StartRequest": 4e-07
        },
        "provider_10": {
            "name": "aws",