{
    "name": "cloud_2_471",
    "num_nodes": 19,
    "num_leaves": 1,
    "providers": {
        "provider_0": {
            "name": "aws",
            "leave": true,
            "estimated_latency": [
                0.0,
                1.199237519381431,
                6.887939226791537,
                5.136786908985911,
                9.093162128556157,
                3.837418778015114,
                5.282975219384559,
                2.436607425808986,
                9.786127185289416,
                0.2719516836120418,
                8.200133749242692,
                2.405131570284542,
                0.9361310696463093,
                3.28597147243719,
                5.048384026351779,
                3.659304266953418,
                1.106144054619188,
                9.590501679468709,
                5.178641883264569
            ],
            "pricing_Storage_Transfer": 0,
            "max_RAM_curr": 0.611606041051091,
            "pricing_RAM": 5,
            "pricing_data_sent": 0.01,
            "pricing_StartRequest": 4e-07
        },
        "provider_1": {
            "name": "aws",
            "estimated_latency": [
                1.199237519381431,
                0.0,
                1.1481587830551094,
                2.405153778748721,
                1.7791934156725686,
                5.212259231125125,
                3.5591044947013537,
                3.645356950190847,
                0.33393117929308774,
                3.185505430213426,
                3.2826585462499662,
                3.7407902170560345,
                9.201909140813733,
                8.473660158094129,
                8.170863829136566,
                2.5108599872186455,
                6.140798037847679,
                7.748668951620106,
                9.224619310248986
            ],
            "leave": false,
            "pricing_Storage_Transfer": 0,
            "max_RAM_curr": 0.4095861954311038,
            "pricing_RAM": 5,
            "pricing_data_sent": 0.01,
            "pricing_StartRequest": 4e-07
        },
        "provider_2": {
            "name": "aws",
            "estimated_latency": [
                6.887939226791537,
                1.1481587830551094,
                0.0,
                1.435151717099392,
                8.626910263160044,
                7.964002813482023,
                7.890834129924297,
                5.282728963590389,
                6.60948543176672,
                3.274797604376201,
                8.006524746173616,
                2.8639862422166744,
                2.2525164510112905,
                7.338882979339039,
                1.3850011800550015,
                0.24297422299845642,
                9.909107416561827,
                0.6559056794914853,
                0.24123797585998025
            ],
            "leave": false,
            "pricing_Storage_Transfer": 0,
            "max_RAM_curr": 0.23035769582826246,
            "pricing_RAM": 5,
            "pricing_data_sent": 0.01,
            "pricing_StartRequest": 4e-07
        },
        "provider_3": {
            "name": "aws",
            "estimated_latency": [
                5.136786908985911,
                2.405153778748721,
                1.435151717099392,
                0.0,
                9.15546857344594,
                0.30469434366211395,
                1.7321722666869137,
                9.884935863863063,
                6.218353597006524,
                4.3528869519069495,
                4.689123722833304,
                3.5214773019038197,
                9.512428489711693,
                3.905529985607366,
                7.263946502312042,
                4.085177217508078,
                7.221263042258774,
                3.657071262223887,
                8.530063169601952
            ],
            "leave": false,
            "pricing_Storage_Transfer": 0,
            "max_RAM_curr": 0.5908920904788263,
            "pricing_RAM": 5,
            "pricing_data_sent": 0.01,
            "pricing_StartRequest": 4e-07
        },
        "provider_4": {
            "name": "aws",
            "estimated_latency": [
                9.093162128556157,
                1.7791934156725686,
                8.626910263160044,
                9.15546857344594,
                0.0,
                5.322163856102467,
                3.545721742123331,
                6.940745077318966,
                1.1914960182388714,
                9.25238493948379,
                8.58617101953462,
                2.5135122675648107,
                4.238571360499205,
                6.3885855111219145,
                0.6421764772522541,
                4.163074942268304,
                0.12827511076150397,
                7.447268307042349,
                0.48267194019854087
            ],
            "leave": false,
            "pricing_Storage_Transfer": 0,
            "max_RAM_curr": 0.006308689183623558,
            "pricing_RAM": 5,
            "pricing_data_sent": 0.01,
            "pricing_StartRequest": 4e-07
        },
        "provider_5": {
            "name": "aws",
            "estimated_latency": [
                3.837418778015114,
                5.212259231125125,
                7.964002813482023,
                0.30469434366211395,
                5.322163856102467,
                0.0,
                6.3398984126089575,
                8.43740458337266,
                2.055620801182575,
                5.978177589296847,
                4.57886753835295,
                7.808179802622856,
                9.026803148839772,
                4.2512134202471765,
                9.961418718702749,
                9.805652236973938,
                8.786262779689674,
                9.483576073632907,
                7.78067722141379
            ],
            "leave": false,
            "pricing_Storage_Transfer": 0,
            "max_RAM_curr": 0.622453118390163,
            "pricing_RAM": 5,
            "pricing_data_sent": 0.01,
            "pricing_StartRequest": 4e-07
        },
        "provider_6": {
            "name": "aws",
            "estimated_latency": [
                5.282975219384559,
                3.5591044947013537,
                7.890834129924297,
                1.7321722666869137,
                3.545721742123331,
                6.3398984126089575,
                0.0,
                2.897995526870805,
                2.4644185824792677,
                5.484849068782239,
                8.762774547756985,
                9.576086418435663,
                1.0659715102323333,
                7.876621572757092,
                6.4765387715498814,
                8.754826169897157,
                6.442002279582263,
                4.823192469242515,
                3.428613223111459
            ],
            "leave": false,
            "pricing_Storage_Transfer": 0,
            "max_RAM_curr": 0.8049152485388958,
            "pricing_RAM": 5,
            "pricing_data_sent": 0.01,
            "pricing_StartRequest": 4e-07
        },
        "provider_7": {
            "name": "aws",
            "estimated_latency": [
                2.436607425808986,
                3.645356950190847,
                5.282728963590389,
                9.884935863863063,
                6.940745077318966,
                8.43740458337266,
                2.897995526870805,
                0.0,
                5.804446909194775,
                4.260603296141722,
                9.87199868565016,
                1.8617192745101239,
                4.300782000126541,
                0.539671469096437,
                2.2243985547137273,
                9.130608747865868,
                6.387704749903407,
                7.058206013042436,
                8.524487755407506
            ],
            "leave": false,
            "pricing_Storage_Transfer": 0,
            "max_RAM_curr": 0.18581440501594695,
            "pricing_RAM": 5,