{
    "name": "cloud_1_14",
    "num_nodes": 18,
    "num_leaves": 18,
    "providers": {
        "provider_0": {
            "name": "aws",
            "leave": true,
            "estimated_latency": [
                0.0,
                77.93512878805534,
                7.620334990648701,
                64.37285072938818,
                24.546803602302532,
                20.343374014092046,
                68.71250505295173,
                35.984144893261025,
                44.71477129084287,
                10.262163731919385,
                1.2314500541378917,
                31.646123734350276,
                47.559301556249245,
                53.570871157691755,
                98.96259930459382,
                33.840155675055016,
                18.86380766724992,
                1.2672945884861695
            ],
            "pricing_Storage_Transfer": 0,
            "max_RAM_curr": 4.071403674783671,
            "pricing_RAM": 5,
            "pricing_data_sent": 0.01,
            "pricing_StartRequest": 4e-07,
            "max_ram_curr": -178.62240446942252
        },
        "provider_1": {
            "name": "aws",
            "estimated_latency": [
                77.93512878805534,
                0.0,
                72.09285837167191,
                88.84503905024545,
                48.483331800760965,
                4.965822788980473,
                98.33738811972422,
                64.89383307911606,
                96.1723540699796,
                51.97436629487285,
                95.42414766079891,
                27.013849288009542,
                37.47181369354011,
                15.351564325123022,
                47.1029261475828,
                14.171955224551233,
                65.45704001601078,
                23.91625576973062
            ],
            "leave": false,
            "pricing_Storage_Transfer": 0,
            "max_RAM_curr": 1680.741762062513,
            "pricing_RAM": 5,
            "pricing_data_sent": 0.01,
            "pricing_StartRequest": 4e-07,
            "max_ram_curr": 1680.741762062513
        },
        "provider_2": {
            "name": "aws",
            "estimated_latency": [
                7.620334990648701,
                72.09285837167191,
                0.0,
                49.562118470072406,
                70.80547026681162,
                45.362122535489355,
                58.22582297198748,
                72.56464556875846,
                93.08196973758677,
                36.59261998929191,
                24.00885595487454,
                7.962242457931455,
                33.823613215608006,
                13.666295335859735,
                21.055032044865744,
                56.219031000715134,
                51.60427343682346,
                18.474297163036805
            ],
            "leave": false,
            "pricing_Storage_Transfer": 0,
            "max_RAM_curr": 1079.8615991417876,
            "pricing_RAM": 5,
            "pricing_data_sent": 0.01,
            "pricing_StartRequest": 4e-07,
            "max_ram_curr": 1079.8615991417876
        },
        "provider_3": {
            "name": "aws",
            "estimated_latency": [
                64.37285072938818,
                88.84503905024545,
                49.562118470072406,
                0.0,
                76.8423071605473,
                95.56625461094927,
                42.20589969936599,
                75.99949353226889,
                74.13540519059289,
                73.80732846215787,
                91.57361825972147,
                16.392391161031824,
                99.63062355189922,
                55.63864990102291,
                17.28222858279453,
                57.995122117710096,
                51.945199821786055,
                90.46981750897467
            ],
            "leave": false,
            "pricing_Storage_Transfer": 0,
            "max_RAM_curr": 62.73968744980684,
            "pricing_RAM": 5,
            "pricing_data_sent": 0.01,
            "pricing_StartRequest": 4e-07,
            "max_ram_curr": 62.73968744980684
        },
        "provider_4": {
            "name": "aws",
            "estimated_latency": [
                24.546803602302532,
                48.483331800760965,
                70.80547026681162,
                76.8423071605473,
                0.0,
                47.01273136042421,
                16.642771346428468,
                67.50231016791042,
                28.212061292125902,
                50.592428446562565,
                84.13551270346863,
                50.6993779975449,
                67.79183653789781,
                43.375766374488464,
                63.8559426273926,
                39.32409246087481,
                1.6239819281944752,
                1.341836475036903
            ],
            "leave": false,
            "pricing_Storage_Transfer": 0,
            "max_RAM_curr": 179.39920674479433,
            "pricing_RAM": 5,
            "pricing_data_sent": 0.01,
            "pricing_StartRequest": 4e-07,
            "max_ram_curr": 179.39920674479433
        },
        "provider_5": {
            "name": "aws",
            "estimated_latency": [
                20.343374014092046,
                4.965822788980473,
                45.362122535489355,
                95.56625461094927,
                47.01273136042421,
                0.0,
                30.400468221009188,
                94.45518415869961,
                4.91027013743787,
                57.74605800504166,
                31.93586213622999,
                40.798010411478366,
                13.330206434894016,
                36.998472878467844,
                54.037691161663666,
                95.67066328489057,
                17.023256395757677,
                33.62071904219428
            ],
            "leave": false,
            "pricing_Storage_Transfer": 0,
            "max_RAM_curr": 646.6754880551042,
            "pricing_RAM": 5,
            "pricing_data_sent": 0.01,
            "pricing_StartRequest": 4e-07,
            "max_ram_curr": 646.6754880551042
        },
        "provider_6": {
            "name": "aws",
            "estimated_latency": [
                68.71250505295173,
                98.33738811972422,
                58.22582297198748,
                42.20589969936599,
                16.642771346428468,
                30.400468221009188,
                0.0,
                2.6185020168439004,
                2.03234035738783,
                72.98012210896351,
                70.83898139176343,
                8.44349775784309,
                8.591826753427815,
                27.878390153563394,
                96.77108395310817,
                27.152849916337047,
                59.45499136813164,
                55.28022789476924
            ],
            "leave": false,
            "pricing_Storage_Transfer": 0,
            "max_RAM_curr": 288.4764437604389,
            "pricing_RAM": 5,
            "pricing_data_sent": 0.01,
            "pricing_StartRequest": 4e-07,
            "max_ram_curr": 288.4764437604389
        },
        "provider_7": {
            "name": "aws",
            "estimated_latency": [
                35.984144893261025,
                64.89383307911606,
                72.56464556875846,
                75.99949353226889,
                67.50231016791042,
                94.45518415869961,
                2.6185020168439004,
                0.0,
                49.46668416971854,
                13.740051908051033,
                17.750185813799504,
                6.987005866013174,
                24.110109324036788,
                22.644315744407947,
                91.2155320458504,
                36.527020524912956,
                2.3006908588264507,
                67.22906964825559
            ],
            "leave": false,
            "pricing_Storage_Transfer": 0,
            "max_RAM_curr": 2183.4112720089624,