{
    "name": "cloud_2_928",
    "num_nodes": 18,
    "num_leaves": 1,
    "providers": {
        "provider_0": {
            "name": "aws",
            "leave": true,
            "estimated_latency": [
                0.0,
                7.821791843512762,
                1.3923922382476943,
                1.8945962149952762,
                5.065303239722633,
                1.098374195577451,
                1.962763272606535,
                1.1083638111564937,
                7.08022939094627,
                3.590437301358111,
                3.6196931877802885,
                1.935705769591248,
                7.678821098297754,
                4.147330591295405,
                6.690377959741191,
                3.928744315296537,
                0.17618284472536075,
                2.684641525655495
            ],
            "pricing_Storage_Transfer": 0,
            "max_RAM_curr": 6.082706851026887,
            "pricing_RAM": 5,
            "pricing_data_sent": 0.01,
            "pricing_StartRequest": 4e-07
        },
        "provider_1": {
            "name": "aws",
            "estimated_latency": [
                7.821791843512762,
                0.0,
                6.318223639305699,
                8.634552207018158,
                5.506038032929661,
                3.8846391767750967,
                7.491437416109114,
                5.904814061133619,
                7.0905075889314055,
                3.104211544609167,
                8.382923735097377,
                8.966701146833788,
                5.206014348584218,
                8.265834275675111,
                7.8565656720364,
                4.276287354078322,
                9.14845291087502,
                5.188008442138967
            ],
            "leave": false,
            "pricing_Storage_Transfer": 0,
            "max_RAM_curr": 4.3106034002976,
            "pricing_RAM": 5,
            "pricing_data_sent": 0.01,
            "pricing_StartRequest": 4e-07
        },
        "provider_2": {
            "name": "aws",
            "estimated_latency": [
                1.3923922382476943,
                6.318223639305699,
                0.0,
                5.703790791750401,
                7.9550870549884145,
                7.352312240181896,
                9.774279742405731,
                7.520422325688761,
                0.7856638174391986,
                4.147142350649584,
                5.302105035659797,
                7.703682195443489,
                6.307491466792772,
                4.3683874846790465,
                6.363896105185696,
                0.6772286012376484,
                7.309198778178729,
                6.14839689077074
            ],
            "leave": false,
            "pricing_Storage_Transfer": 0,
            "max_RAM_curr": 1.5053416357741656,
            "pricing_RAM": 5,
            "pricing_data_sent": 0.01,
            "pricing_StartRequest": 4e-07
        },
        "provider_3": {
            "name": "aws",
            "estimated_latency": [
                1.8945962149952762,
                8.634552207018158,
                5.703790791750401,
                0.0,
                9.270622978152884,
                7.985864180950328,
                4.646964623950412,
                8.89889228889777,
                2.3923219109368867,
                7.496620805353256,
                6.834819844666745,
                2.6990263724680696,
                3.2976980957427613,
                2.2497508436235254,
                5.94622715736975,
                3.6081171915311274,
                6.644167554685581,
                2.966031050294097
            ],
            "leave": false,
            "pricing_Storage_Transfer": 0,
            "max_RAM_curr": 3.7959005233480987,
            "pricing_RAM": 5,
            "pricing_data_sent": 0.01,
            "pricing_StartRequest": 4e-07
        },
        "provider_4": {
            "name": "aws",
            "estimated_latency": [
                5.065303239722633,
                5.506038032929661,
                7.9550870549884145,
                9.270622978152884,
                0.0,
                9.804127358527245,
                2.4220094545609565,
                2.9066410787663526,
                6.173002873194512,
                6.877437475166432,
                6.637098228534353,
                1.3521183848380431,
                2.6907595410947787,
                9.214204421601313,
                8.813801314647412,
                8.086699309405288,
                2.258847953839091,
                0.8419517157123617
            ],
            "leave": false,
            "pricing_Storage_Transfer": 0,
            "max_RAM_curr": 5.361245901550503,
            "pricing_RAM": 5,
            "pricing_data_sent": 0.01,
            "pricing_StartRequest": 4e-07
        },
        "provider_5": {
            "name": "aws",
            "estimated_latency": [
                1.098374195577451,
                3.8846391767750967,
                7.352312240181896,
                7.985864180950328,
                9.804127358527245,
                0.0,
                4.757178114354905,
                4.846666586220411,
                5.68926065619117,
                9.788240143934695,
                0.2212302370511002,
                2.5557505245762058,
                6.274433970381777,
                1.2652038783741302,
                9.261459698655903,
                7.852924021303258,
                3.5942154218065587,
                9.281307684166904
            ],
            "leave": false,
            "pricing_Storage_Transfer": 0,
            "max_RAM_curr": 0.37169672506501394,
            "pricing_RAM": 5,
            "pricing_data_sent": 0.01,
            "pricing_StartRequest": 4e-07
        },
        "provider_6": {
            "name": "aws",
            "estimated_latency": [
                1.962763272606535,
                7.491437416109114,
                9.774279742405731,
                4.646964623950412,
                2.4220094545609565,
                4.757178114354905,
                0.0,
                6.828181365930129,
                7.665719263495558,
                3.52596670609212,
                9.676651171220467,
                8.381315489293533,
                7.2496191535374255,
                6.995952102241804,
                6.186254717740587,
                7.407181981249168,
                6.702465147179101,
                2.1872487995385397
            ],
            "leave": false,
            "pricing_Storage_Transfer": 0,
            "max_RAM_curr": 8.380394346653627,
            "pricing_RAM": 5,
            "pricing_data_sent": 0.01,
            "pricing_StartRequest": 4e-07
        },
        "provider_7": {
            "name": "aws",
            "estimated_latency": [
                1.1083638111564937,
                5.904814061133619,
                7.520422325688761,
                8.89889228889777,
                2.9066410787663526,
                4.846666586220411,
                6.828181365930129,
                0.0,
                9.727527015391649,
                3.7910546668480016,
                3.9396948507071623,
                3.561852143314332,
                9.674169814613593,
                8.512234078655577,
                0.15630988904897783,
                8.813001058727119,
                8.005948289269355,
                5.204189344625122
            ],
            "leave": false,
            "pricing_Storage_Transfer": 0,
            "max_RAM_curr": 1.9013024001022711,
            "pricing_RAM": 5,
            "pricing_data_sent": 0.01,
            "pricing_StartRequest": 4e-07
        },
        "provider_8": {
            "name": "aws",