{
    "name": "cloud_2_899",
    "num_nodes": 17,
    "num_leaves": 1,
    "providers": {
        "provider_0": {
            "name": "aws",
            "leave": true,
            "estimated_latency": [
                0.0,
                7.553934649901699,
                5.4181929193937295,
                7.1341431760328495,
                4.353097183465236,
                0.5407819867049158,
                5.607286783113107,
                7.324830458712928,
                3.107768627231217,
                4.796170921267536,
                8.345498195514631,
                3.6414856821296087,
                0.8567565018347528,
                2.9068826978024993,
                1.3901698844100538,
                1.8807503023406964,
                1.6431247073169144
            ],
            "pricing_Storage_Transfer": 0,
            "max_RAM_curr": 0.58123419365148,
            "pricing_RAM": 5,
            "pricing_data_sent": 0.01,
            "pricing_StartRequest": 4e-07
        },
        "provider_1": {
            "name": "aws",
            "estimated_latency": [
                7.553934649901699,
                0.0,
                3.589947515888775,
                2.339011366648855,
                7.8746043278207365,
                3.710622003146176,
                9.574254914230119,
                4.48467975161035,
                0.5476011703688405,
                2.4182426641479093,
                4.798139370763191,
                7.496995431870916,
                8.055338493950314,
                5.0658238077793785,
                7.137589759269599,
                8.10095639141672,
                8.79065465810863
            ],
            "leave": false,
            "pricing_Storage_Transfer": 0,
            "max_RAM_curr": 0.4326174480563087,
            "pricing_RAM": 5,
            "pricing_data_sent": 0.01,
            "pricing_StartRequest": 4e-07
        },
        "provider_2": {
            "name": "aws",
            "estimated_latency": [
                5.4181929193937295,
                3.589947515888775,
                0.0,
                0.5664960324956735,
                9.93266014189689,
                6.752793264563168,
                3.0873330458572084,
                0.7442632606035373,
                6.215281478818846,
                1.209409559762759,
                5.521172982545141,
                6.892123477903979,
                6.494561109605123,
                9.106409765640436,
                7.977021851104128,
                6.342908981281132,
                4.044621692505943
            ],
            "leave": false,
            "pricing_Storage_Transfer": 0,
            "max_RAM_curr": 0.6689895993029692,
            "pricing_RAM": 5,
            "pricing_data_sent": 0.01,
            "pricing_StartRequest": 4e-07
        },
        "provider_3": {
            "name": "aws",
            "estimated_latency": [
                7.1341431760328495,
                2.339011366648855,
                0.5664960324956735,
                0.0,
                0.9105416525096572,
                3.411072822489945,
                3.9701145427122695,
                7.284294789032365,
                1.4410174842491628,
                8.272835861932581,
                1.7111060185073672,
                8.889538357641262,
                9.395274164541908,
                0.6539441524101218,
                0.8262668071006023,
                5.609143721193122,
                4.260706780008707
            ],
            "leave": false,
            "pricing_Storage_Transfer": 0,
            "max_RAM_curr": 1.0094459102943978,
            "pricing_RAM": 5,
            "pricing_data_sent": 0.01,
            "pricing_StartRequest": 4e-07
        },
        "provider_4": {
            "name": "aws",
            "estimated_latency": [
                4.353097183465236,
                7.8746043278207365,
                9.93266014189689,
                0.9105416525096572,
                0.0,
                5.71743608873306,
                7.490495621717593,
                6.919748268760734,
                8.823219591284897,
                1.3438221479769852,
                8.342737984078331,
                3.104851553917194,
                9.270196231104451,
                4.2508769631613355,
                3.120307566345926,
                6.690244371653041,
                9.098007191624768
            ],
            "leave": false,
            "pricing_Storage_Transfer": 0,
            "max_RAM_curr": 2.0834611547332944,
            "pricing_RAM": 5,
            "pricing_data_sent": 0.01,
            "pricing_StartRequest": 4e-07
        },
        "provider_5": {
            "name": "aws",
            "estimated_latency": [
                0.5407819867049158,
                3.710622003146176,
                6.752793264563168,
                3.411072822489945,
                5.71743608873306,
                0.0,
                7.214830857620301,
                4.654986478684985,
                9.79305422921487,
                9.116535659667438,
                4.127133430618832,
                6.097964090936288,
                8.829585472209567,
                9.387769037107576,
                0.13378961076076312,
                8.871010468359888,
                7.346690844938048
            ],
            "leave": false,
            "pricing_Storage_Transfer": 0,
            "max_RAM_curr": 0.8930654207796694,
            "pricing_RAM": 5,
            "pricing_data_sent": 0.01,
            "pricing_StartRequest": 4e-07
        },
        "provider_6": {
            "name": "aws",
            "estimated_latency": [
                5.607286783113107,
                9.574254914230119,
                3.0873330458572084,
                3.9701145427122695,
                7.490495621717593,
                7.214830857620301,
                0.0,
                2.473806121121368,
                6.205702763656431,
                7.285657392524091,
                4.266216131198132,
                3.597910706587233,
                3.973143059101195,
                9.258930061663838,
                1.5866442679527728,
                7.993730824886154,
                0.33236916218764523
            ],
            "leave": false,
            "pricing_Storage_Transfer": 0,
            "max_RAM_curr": 0.21690825664069996,
            "pricing_RAM": 5,
            "pricing_data_sent": 0.01,
            "pricing_StartRequest": 4e-07
        },
        "provider_7": {
            "name": "aws",
            "estimated_latency": [
                7.324830458712928,
                4.48467975161035,
                0.7442632606035373,
                7.284294789032365,
                6.919748268760734,
                4.654986478684985,
                2.473806121121368,
                0.0,
                4.71724530122776,
                6.797016422895516,
                8.721943621719639,
                1.456414175547327,
                1.2374580203618526,
                1.1579912383822433,
                0.5639401523193703,
                1.4628515595758882,
                5.482058503268081
            ],
            "leave": false,
            "pricing_Storage_Transfer": 0,
            "max_RAM_curr": 0.08701473227988406,
            "pricing_RAM": 5,
            "pricing_data_sent": 0.01,
            "pricing_StartRequest": 4e-07
        },
        "provider_8": {
            "name": "aws",