{
    "name": "cloud_2_138",
    "num_nodes": 17,
    "num_leaves": 1,
    "providers": {
        "provider_0": {
            "name": "aws",
            "leave": true,
            "estimated_latency": [
                0.0,
                5.022289212173673,
                9.196455874358751,
                3.0671741322821773,
                4.0509957313094525,
                1.058360484549335,
                6.209065988468493,
                6.991084576008587,
                7.0300424389469365,
                7.77307860101482,
                8.78861322697465,
                1.1142690403488924,
                4.439361419743772,
                8.345187819313303,
                1.9601716869475516,
                3.8334674042921493,
                9.173098822823892
            ],
            "pricing_Storage_Transfer": 0,
            "max_RAM_curr": 16.317919026149717,
            "pricing_RAM": 5,
            "pricing_data_sent": 0.01,
            "pricing_StartRequest": 4e-07
        },
        "provider_1": {
            "name": "aws",
            "estimated_latency": [
                5.022289212173673,
                0.0,
                5.54910246100681,
                3.0986079076810094,
                1.0601969965219271,
                0.10829951561671214,
                5.255875023496492,
                5.888232452370495,
                4.526973580102539,
                7.944345852275786,
                3.0569883564879223,
                8.663527959318754,
                7.273294257832327,
                3.7930648184677613,
                9.436209711865338,
                5.121203897608244,
                2.6171593488028018
            ],
            "leave": false,
            "pricing_Storage_Transfer": 0,
            "max_RAM_curr": 20.35389394219541,
            "pricing_RAM": 5,
            "pricing_data_sent": 0.01,
            "pricing_StartRequest": 4e-07
        },
        "provider_2": {
            "name": "aws",
            "estimated_latency": [
                9.196455874358751,
                5.54910246100681,
                0.0,
                4.029948981519637,
                3.492690595678102,
                2.1911842715041554,
                5.898596384951162,
                2.1709546808621902,
                2.740594265774678,
                5.395334787229617,
                0.5525929611361953,
                6.953778635883128,
                2.4987831663962528,
                4.285228120037685,
                5.328638204345239,
                1.843755631411953,
                0.7966320367374345
            ],
            "leave": false,
            "pricing_Storage_Transfer": 0,
            "max_RAM_curr": 97.9702863194936,
            "pricing_RAM": 5,
            "pricing_data_sent": 0.01,
            "pricing_StartRequest": 4e-07
        },
        "provider_3": {
            "name": "aws",
            "estimated_latency": [
                3.0671741322821773,
                3.0986079076810094,
                4.029948981519637,
                0.0,
                0.23280293993645979,
                3.881020721679913,
                8.582684475312677,
                8.889758831427232,
                8.277501278130801,
                5.5756335182761605,
                1.588113254851924,
                7.047574308695401,
                6.619802982150183,
                5.969363131350649,
                2.4781048392245193,
                9.392433153195116,
                6.432933457985622
            ],
            "leave": false,
            "pricing_Storage_Transfer": 0,
            "max_RAM_curr": 71.15305231203024,
            "pricing_RAM": 5,
            "pricing_data_sent": 0.01,
            "pricing_StartRequest": 4e-07
        },
        "provider_4": {
            "name": "aws",
            "estimated_latency": [
                4.0509957313094525,
                1.0601969965219271,
                3.492690595678102,
                0.23280293993645979,
                0.0,
                4.558500753775662,
                7.243917854707022,
                3.9479721133530945,
                7.896420123791823,
                6.323763628335862,
                3.894150743214241,
                1.7850252846385735,
                6.585420271369322,
                2.697706151437638,
                2.9360244299355025,
                9.952203192337796,
                2.393518844796797
            ],
            "leave": false,
            "pricing_Storage_Transfer": 0,
            "max_RAM_curr": 59.91881953934054,
            "pricing_RAM": 5,
            "pricing_data_sent": 0.01,
            "pricing_StartRequest": 4e-07
        },
        "provider_5": {
            "name": "aws",
            "estimated_latency": [
                1.058360484549335,
                0.10829951561671214,
                2.1911842715041554,
                3.881020721679913,
                4.558500753775662,
                0.0,
                6.170757364718551,
                6.942160236587388,
                2.8481912893855457,
                3.2055324734263273,
                1.771342064870496,
                6.052803610141933,
                2.508814112569135,
                1.583171425345237,
                4.449015821739843,
                1.1569982835968378,
                6.182429074326925
            ],
            "leave": false,
            "pricing_Storage_Transfer": 0,
            "max_RAM_curr": 47.3341490504479,
            "pricing_RAM": 5,
            "pricing_data_sent": 0.01,
            "pricing_StartRequest": 4e-07
        },
        "provider_6": {
            "name": "aws",
            "estimated_latency": [
                6.209065988468493,
                5.255875023496492,
                5.898596384951162,
                8.582684475312677,
                7.243917854707022,
                6.170757364718551,
                0.0,
                4.3069301450970485,
                4.808334068043615,
                3.8029541275120766,
                5.762547852328854,
                9.277330757987073,
                2.2165448526983367,
                7.843512691366601,
                4.7731687853806894,
                2.550340190889484,
                1.2236230441805025
            ],
            "leave": false,
            "pricing_Storage_Transfer": 0,
            "max_RAM_curr": 6.947974097822527,
            "pricing_RAM": 5,
            "pricing_data_sent": 0.01,
            "pricing_StartRequest": 4e-07
        },
        "provider_7": {
            "name": "aws",
            "estimated_latency": [
                6.991084576008587,
                5.888232452370495,
                2.1709546808621902,
                8.889758831427232,
                3.9479721133530945,
                6.942160236587388,
                4.3069301450970485,
                0.0,
                6.264501453073334,
                0.9077269285021484,
                6.184515756121344,
                2.356529279993913,
                1.2670580885145488,
                3.519500692326316,
                9.281778853576684,
                0.997989556351158,
                8.700549690899578
            ],
            "leave": false,
            "pricing_Storage_Transfer": 0,
            "max_RAM_curr": 15.74116915289737,
            "pricing_RAM": 5,
            "pricing_data_sent": 0.01,
            "pricing_StartRequest": 4e-07
        },
        "provider_8": {
            "name": "aws",