{
    "name": "cloud_2_254",
    "num_nodes": 16,
    "num_leaves": 1,
    "providers": {
        "provider_0": {
            "name": "aws",
            "leave": true,
            "estimated_latency": [
                0.0,
                8.0359590532535,
                5.854754965575786,
                2.708387454856798,
                4.39935780594801,
                7.476508506297248,
                1.1409982150075453,
                7.054415212689016,
                4.821656478868084,
                5.5747466715458005,
                5.419430250170989,
                7.538567736307782,
                8.549021471769565,
                9.343427845259109,
                2.097581500403269,
                9.62140846875344
            ],
            "pricing_Storage_Transfer": 0,
            "max_RAM_curr": 0.06098625932533902,
            "pricing_RAM": 5,
            "pricing_data_sent": 0.01,
            "pricing_StartRequest": 4e-07
        },
        "provider_1": {
            "name": "aws",
            "estimated_latency": [
                8.0359590532535,
                0.0,
                4.0212662602417115,
                9.596649320807742,
                6.155053705207275,
                7.686062608767021,
                3.23141281795188,
                6.3997437403514885,
                4.097340312839734,
                8.77009628198461,
                1.8301448779252258,
                0.17893031231216183,
                6.539462081797616,
                3.7316012396119973,
                6.155517575940581,
                9.927767754480682
            ],
            "leave": false,
            "pricing_Storage_Transfer": 0,
            "max_RAM_curr": 0.03885216709818484,
            "pricing_RAM": 5,
            "pricing_data_sent": 0.01,
            "pricing_StartRequest": 4e-07
        },
        "provider_2": {
            "name": "aws",
            "estimated_latency": [
                5.854754965575786,
                4.0212662602417115,
                0.0,
                0.9177730399618451,
                7.523272970837978,
                6.863353200976644,
                9.555167497477095,
                6.038865706934013,
                8.287349869852989,
                8.636157928281087,
                7.512204696227201,
                9.855451063784162,
                5.20426623529213,
                6.366398488487138,
                9.04409715308987,
                7.799851345397446
            ],
            "leave": false,
            "pricing_Storage_Transfer": 0,
            "max_RAM_curr": 3.2366983013938424,
            "pricing_RAM": 5,
            "pricing_data_sent": 0.01,
            "pricing_StartRequest": 4e-07
        },
        "provider_3": {
            "name": "aws",
            "estimated_latency": [
                2.708387454856798,
                9.596649320807742,
                0.9177730399618451,
                0.0,
                2.7285452090131876,
                1.0702952670930617,
                2.1723504039579766,
                3.352310977180238,
                7.987302437742549,
                4.082441069122374,
                8.86370953246933,
                4.123113107358366,
                5.560315609383879,
                1.8136865248721477,
                8.792040528701845,
                5.2748033068738645
            ],
            "leave": false,
            "pricing_Storage_Transfer": 0,
            "max_RAM_curr": 1.8986587904810326,
            "pricing_RAM": 5,
            "pricing_data_sent": 0.01,
            "pricing_StartRequest": 4e-07
        },
        "provider_4": {
            "name": "aws",
            "estimated_latency": [
                4.39935780594801,
                6.155053705207275,
                7.523272970837978,
                2.7285452090131876,
                0.0,
                8.867810417582811,
                6.700231628065184,
                3.338029455192432,
                2.4342903735038477,
                8.25785418381153,
                7.190955458721101,
                6.261664624641964,
                6.41767671928679,
                5.631939585924678,
                2.847667899918368,
                8.367450068828111
            ],
            "leave": false,
            "pricing_Storage_Transfer": 0,
            "max_RAM_curr": 0.9301823451780985,
            "pricing_RAM": 5,
            "pricing_data_sent": 0.01,
            "pricing_StartRequest": 4e-07
        },
        "provider_5": {
            "name": "aws",
            "estimated_latency": [
                7.476508506297248,
                7.686062608767021,
                6.863353200976644,
                1.0702952670930617,
                8.867810417582811,
                0.0,
                4.141816293638672,
                3.9365882030055173,
                5.344199816480999,
                5.316718872808373,
                1.3605207642730113,
                2.468872328127582,
                9.927755608583505,
                1.0977851757325368,
                9.886613653734017,
                7.936086637764805
            ],
            "leave": false,
            "pricing_Storage_Transfer": 0,
            "max_RAM_curr": 0.14062344411803537,
            "pricing_RAM": 5,
            "pricing_data_sent": 0.01,
            "pricing_StartRequest": 4e-07
        },
        "provider_6": {
            "name": "aws",
            "estimated_latency": [
                1.1409982150075453,
                3.23141281795188,
                9.555167497477095,
                2.1723504039579766,
                6.700231628065184,
                4.141816293638672,
                0.0,
                7.817228407402729,
                9.3378852017679,
                2.721136894277812,
                8.316019760801423,
                2.3508508327292823,
                5.489717845277039,
                9.1510326332605,
                2.581861591917425,
                8.975559338884809
            ],
            "leave": false,
            "pricing_Storage_Transfer": 0,
            "max_RAM_curr": 0.14938382219774804,
            "pricing_RAM": 5,
            "pricing_data_sent": 0.01,
            "pricing_StartRequest": 4e-07
        },
        "provider_7": {
            "name": "aws",
            "estimated_latency": [
                7.054415212689016,
                6.3997437403514885,
                6.038865706934013,
                3.352310977180238,
                3.338029455192432,
                3.9365882030055173,
                7.817228407402729,
                0.0,
                5.909685940778082,
                9.688701894119001,
                9.159895325063355,
                4.84099977348758,
                0.9984672693245876,
                9.568913560222384,
                9.218378268609467,
                8.605854966719765
            ],
            "leave": false,
            "pricing_Storage_Transfer": 0,
            "max_RAM_curr": 3.2483412236052076,
            "pricing_RAM": 5,
            "pricing_data_sent": 0.01,
            "pricing_StartRequest": 4e-07
        },
        "provider_8": {
            "name": "aws",
            "estimated_latency": [
                4.821656478868084,
                4.097340312839734,
                8.287349869852989,
                7.987302437742549,
                2.4342903735038477,
                5.344199816480999,
                9.3378852017679,
                5.909685940778082,
                0.0,
                9.739070658026318,
                5.915754005544554,
                5.219164876136281,
                5.569716846908638,
                5.246416674584047,
                8.918367125460184,
                0.4228409024830775
            ],
            "leave": false,
            "pricing_Storage_Transfer": 0,
            "max_RAM_curr": 0.9389531852316233,
            "pricing_RAM": 5,