{
    "name": "cloud_2_211",
    "num_nodes": 18,
    "num_leaves": 1,
    "providers": {
        "provider_0": {
            "name": "aws",
            "leave": true,
            "estimated_latency": [
                0.0,
                7.7929595562926535,
                0.9670388209592519,
                0.3576137420994927,
                0.4442786165981629,
                3.4753004621769907,
                6.497549555899282,
                1.5417054645733963,
                9.422430944047175,
                9.180815979435167,
                2.316087278106854,
                9.309164327285083,
                8.398511561058106,
                7.084721602050211,
                4.928037585233488,
                7.829386651510524,
                3.0961487298993142,
                1.2787838752530236
            ],
            "pricing_Storage_Transfer": 0,
            "max_RAM_curr": 0.39501743843813364,
            "pricing_RAM": 5,
            "pricing_data_sent": 0.01,
            "pricing_StartRequest": 4e-07
        },
        "provider_1": {
            "name": "aws",
            "estimated_latency": [
                7.7929595562926535,
                0.0,
                3.9909630247695635,
                5.820224297743379,
                4.9552704237366845,
                0.7980553739338281,
                8.474047019057362,
                6.430957899807797,
                0.6016542169752307,
                0.7074801425653207,
                2.675961889694268,
                2.99896416926545,
                9.22757308068369,
                9.71905461746335,
                8.653612441136522,
                1.1376584472976827,
                9.626167362045315,
                2.247752967956569
            ],
            "leave": false,
            "pricing_Storage_Transfer": 0,
            "max_RAM_curr": 3.4757764042373402,
            "pricing_RAM": 5,
            "pricing_data_sent": 0.01,
            "pricing_StartRequest": 4e-07
        },
        "provider_2": {
            "name": "aws",
            "estimated_latency": [
                0.9670388209592519,
                3.9909630247695635,
                0.0,
                3.5051590247325994,
                1.8574949421679434,
                4.194440575132102,
                2.9861379155630794,
                8.137601231832262,
                0.45839454708124616,
                9.172643497432075,
                2.2466787499749126,
                6.078979110421115,
                1.242812516899285,
                2.500179264888124,
                8.803395434610898,
                4.424684323198339,
                3.0694210518747433,
                7.472870824024913
            ],
            "leave": false,
            "pricing_Storage_Transfer": 0,
            "max_RAM_curr": 0.7580686598262448,
            "pricing_RAM": 5,
            "pricing_data_sent": 0.01,
            "pricing_StartRequest": 4e-07
        },
        "provider_3": {
            "name": "aws",
            "estimated_latency": [
                0.3576137420994927,
                5.820224297743379,
                3.5051590247325994,
                0.0,
                6.160096557486024,
                4.898641329190151,
                5.139994985815504,
                6.075222020065946,
                7.628367199529564,
                3.3849446899437963,
                7.488411375959819,
                6.837824804367651,
                0.16097777848929384,
                2.71743442790776,
                7.048414790069366,
                3.1081339909455665,
                8.366384032950743,
                1.3175960632565826
            ],
            "leave": false,
            "pricing_Storage_Transfer": 0,
            "max_RAM_curr": 2.9449072767243956,
            "pricing_RAM": 5,
            "pricing_data_sent": 0.01,
            "pricing_StartRequest": 4e-07
        },
        "provider_4": {
            "name": "aws",
            "estimated_latency": [
                0.4442786165981629,
                4.9552704237366845,
                1.8574949421679434,
                6.160096557486024,
                0.0,
                7.84942849746958,
                4.973230196219804,
                2.7483530864210546,
                8.21119361610573,
                5.7664918266018885,
                5.962652335432169,
                4.434219096942657,
                0.27098128292194,
                2.4409700810196786,
                6.0609374795547994,
                3.2899726733765196,
                9.222679002164657,
                0.5164009097319417
            ],
            "leave": false,
            "pricing_Storage_Transfer": 0,
            "max_RAM_curr": 7.667711497082738,
            "pricing_RAM": 5,
            "pricing_data_sent": 0.01,
            "pricing_StartRequest": 4e-07
        },
        "provider_5": {
            "name": "aws",
            "estimated_latency": [
                3.4753004621769907,
                0.7980553739338281,
                4.194440575132102,
                4.898641329190151,
                7.84942849746958,
                0.0,
                4.879113182153596,
                5.400685407113889,
                7.15658082589558,
                8.236789085208441,
                5.933870262270864,
                6.018614798232438,
                4.410792542835781,
                7.498664073037612,
                2.6016880179477724,
                5.208118613894148,
                3.5653238093408293,
                7.410949960619674
            ],
            "leave": false,
            "pricing_Storage_Transfer": 0,
            "max_RAM_curr": 3.9232730246560776,
            "pricing_RAM": 5,
            "pricing_data_sent": 0.01,
            "pricing_StartRequest": 4e-07
        },
        "provider_6": {
            "name": "aws",
            "estimated_latency": [
                6.497549555899282,
                8.474047019057362,
                2.9861379155630794,
                5.139994985815504,
                4.973230196219804,
                4.879113182153596,
                0.0,
                5.673629990337374,
                0.6272817229995998,
                7.69504354942483,
                9.55216198106047,
                5.935088234492315,
                7.063937410650009,
                3.0758870827075975,
                8.516508080705421,
                8.297122180432222,
                6.311391870602698,
                4.053164773855361
            ],
            "leave": false,
            "pricing_Storage_Transfer": 0,
            "max_RAM_curr": 2.363380983989933,
            "pricing_RAM": 5,
            "pricing_data_sent": 0.01,
            "pricing_StartRequest": 4e-07
        },
        "provider_7": {
            "name": "aws",
            "estimated_latency": [
                1.5417054645733963,
                6.430957899807797,
                8.137601231832262,
                6.075222020065946,
                2.7483530864210546,
                5.400685407113889,
                5.673629990337374,
                0.0,
                3.431289030179448,
                6.193182439851626,
                9.547778092366675,
                2.3240381685223417,
                9.338687693523253,
                0.34135472272020995,
                5.174629601021452,
                3.8560827671273796,
                6.028919925195708,
                9.105885913530635
            ],
            "leave": false,
            "pricing_Storage_Transfer": 0,
            "max_RAM_curr": 1.2556266220475414,
            "pricing_RAM": 5,
            "pricing_data_sent": 0.01,
            "pricing_StartRequest": 4e-07
        },
        "provider_8": {
            "name": "aws",