{
    "name": "cloud_2_971",
    "num_nodes": 11,
    "num_leaves": 1,
    "providers": {
        "provider_0": {
            "name": "aws",
            "leave": true,
            "estimated_latency": [
                0.0,
                7.750444802502853,
                6.863698066855998,
                5.918312936875984,
                2.147217824404506,
                6.759814440254243,
                2.4450771826058513,
                1.9660740712213394,
                3.779270762019544,
                7.8332104326262995,
                2.7994223317441396
            ],
            "pricing_Storage_Transfer": 0,
            "max_RAM_curr": 0.016156273086687867,
            "pricing_RAM": 5,
            "pricing_data_sent": 0.01,
            "pricing_StartRequest": 4e-07
        },
        "provider_1": {
            "name": "aws",
            "estimated_latency": [
                7.750444802502853,
                0.0,
                5.5801504877965815,
                8.170807589448508,
                2.858969564566384,
                1.4385575053382684,
                0.8039837270073299,
                5.714816728583616,
                7.151449598599377,
                8.723249445541951,
                2.4448631838002464
            ],
            "leave": false,
            "pricing_Storage_Transfer": 0,
            "max_RAM_curr": 0.10430987499905225,
            "pricing_RAM": 5,
            "pricing_data_sent": 0.01,
            "pricing_StartRequest": 4e-07
        },
        "provider_2": {
            "name": "aws",
            "estimated_latency": [
                6.863698066855998,
                5.5801504877965815,
                0.0,
                9.020186143037975,
                3.7149100837516364,
                1.0210063058648455,
                7.2828318200706805,
                3.196526235178613,
                1.9577787040618626,
                6.862431348507595,
                3.9905785034391137
            ],
            "leave": false,
            "pricing_Storage_Transfer": 0,
            "max_RAM_curr": 0.03385504521837553,
            "pricing_RAM": 5,
            "pricing_data_sent": 0.01,
            "pricing_StartRequest": 4e-07
        },
        "provider_3": {
            "name": "aws",
            "estimated_latency": [
                5.918312936875984,
                8.170807589448508,
                9.020186143037975,
                0.0,
                3.6360431601101633,
                1.9911913611309462,
                5.56445605113256,
                4.110858232613741,
                4.16854565496919,
                3.828551616307632,
                4.065009215660929
            ],
            "leave": false,
            "pricing_Storage_Transfer": 0,
            "max_RAM_curr": 0.09199858213647594,
            "pricing_RAM": 5,
            "pricing_data_sent": 0.01,
            "pricing_StartRequest": 4e-07
        },
        "provider_4": {
            "name": "aws",
            "estimated_latency": [
                2.147217824404506,
                2.858969564566384,
                3.7149100837516364,
                3.6360431601101633,
                0.0,
                2.5687244015478363,
                6.7915246420737185,
                1.6663747083234484,
                3.0141171686862407,
                2.372176897566168,
                4.510996920744744
            ],
            "leave": false,
            "pricing_Storage_Transfer": 0,
            "max_RAM_curr": 0.2076645077891183,
            "pricing_RAM": 5,
            "pricing_data_sent": 0.01,
            "pricing_StartRequest": 4e-07
        },
        "provider_5": {
            "name": "aws",
            "estimated_latency": [
                6.759814440254243,
                1.4385575053382684,
                1.0210063058648455,
                1.9911913611309462,
                2.5687244015478363,
                0.0,
                9.652455570719777,
                2.156026247612856,
                5.33536288618903,
                8.436701062859793,
                5.911187984845604
            ],
            "leave": false,
            "pricing_Storage_Transfer": 0,
            "max_RAM_curr": 0.0827870402008903,
            "pricing_RAM": 5,
            "pricing_data_sent": 0.01,
            "pricing_StartRequest": 4e-07
        },
        "provider_6": {
            "name": "aws",
            "estimated_latency": [
                2.4450771826058513,
                0.8039837270073299,
                7.2828318200706805,
                5.56445605113256,
                6.7915246420737185,
                9.652455570719777,
                0.0,
                0.19590274965864113,
                6.88821593721761,
                3.494390115683446,
                6.914380468100464
            ],
            "leave": false,
            "pricing_Storage_Transfer": 0,
            "max_RAM_curr": 0.01791448942583493,
            "pricing_RAM": 5,
            "pricing_data_sent": 0.01,
            "pricing_StartRequest": 4e-07
        },
        "provider_7": {
            "name": "aws",
            "estimated_latency": [
                1.9660740712213394,
                5.714816728583616,
                3.196526235178613,
                4.110858232613741,
                1.6663747083234484,
                2.156026247612856,
                0.19590274965864113,
                0.0,
                7.2471881001446645,
                7.893011905820888,
                5.118056206517587
            ],
            "leave": false,
            "pricing_Storage_Transfer": 0,
            "max_RAM_curr": 0.011765054575045227,
            "pricing_RAM": 5,
            "pricing_data_sent": 0.01,
            "pricing_StartRequest": 4e-07
        },
        "provider_8": {
            "name": "aws",
            "estimated_latency": [
                3.779270762019544,
                7.151449598599377,
                1.9577787040618626,
                4.16854565496919,
                3.0141171686862407,
                5.33536288618903,
                6.88821593721761,
                7.2471881001446645,
                0.0,
                7.783682288406052,
                9.884768876134574
            ],
            "leave": false,
            "pricing_Storage_Transfer": 0,
            "max_RAM_curr": 0.08910851017374966,
            "pricing_RAM": 5,
            "pricing_data_sent": 0.01,
            "pricing_StartRequest": 4e-07
        },
        "provider_9": {
            "name": "aws",
            "estimated_latency": [
                7.8332104326262995,
                8.723249445541951,
                6.862431348507595,
                3.828551616307632,
                2.372176897566168,
                8.436701062859793,
                3.494390115683446,
                7.893011905820888,
                7.783682288406052,
                0.0,
                5.947053850395352
            ],
            "leave": false,
            "pricing_Storage_Transfer": 0,
            "max_RAM_curr": 0.06686543490197418,
            "pricing_RAM": 5,
            "pricing_data_sent": 0.01,
            "pricing_StartRequest": 4e-07
        },
        "provider_10": {
            "name": "aws",
            "estimated_latency": [
                2.7994223317441396,
                2.4448631838002464,
                3.9905785034391137,
                4.065009215660929,
                4.510996920744744,
                5.911187984845604,
                6.914380468100464,
                5.118056206517587,
                9.884768876134574,
                5.947053850395352,
                0.0
            ],
            "leave": false,
            "pricing_Storage_Transfer": 0,
            "max_RAM_curr": 0.03392097002658424,
            "pricing_RAM": 5,
            "pricing_data_sent": 0.01,
            "pricing_StartRequest": 4e-07
        }
    }
}