{
    "name": "cloud_2_57",
    "num_nodes": 13,
    "num_leaves": 1,
    "providers": {
        "provider_0": {
            "name": "aws",
            "leave": true,
            "estimated_latency": [
                0.0,
                7.2049650679443635,
                0.5827829799908779,
                3.5387978209777065,
                9.945327509296174,
                3.989973157851803,
                8.70320683583316,
                6.696561479952905,
                9.053275422140938,
                7.7225161620721625,
                1.053612312432694,
                2.6764207303581506,
                5.687594418879993
            ],
            "pricing_Storage_Transfer": 0,
            "max_RAM_curr": 0.7614129716871973,
            "pricing_RAM": 5,
            "pricing_data_sent": 0.01,
            "pricing_StartRequest": 4e-07
        },
        "provider_1": {
            "name": "aws",
            "estimated_latency": [
                7.2049650679443635,
                0.0,
                5.518553852492042,
                4.359011385918402,
                3.3251590229421075,
                4.989804347125348,
                5.936956423281506,
                1.0044965604438756,
                3.1172835053057697,
                2.818871136215967,
                7.8984347709387,
                5.113543543926475,
                9.344530490206283
            ],
            "leave": false,
            "pricing_Storage_Transfer": 0,
            "max_RAM_curr": 0.18688557200320655,
            "pricing_RAM": 5,
            "pricing_data_sent": 0.01,
            "pricing_StartRequest": 4e-07
        },
        "provider_2": {
            "name": "aws",
            "estimated_latency": [
                0.5827829799908779,
                5.518553852492042,
                0.0,
                0.2905833033702392,
                9.019091267587442,
                8.355406861262132,
                6.765410584714883,
                8.108621555137317,
                0.3849749182456419,
                1.9927258993196775,
                7.5091117433841,
                4.8046669607332575,
                0.7428634843716926
            ],
            "leave": false,
            "pricing_Storage_Transfer": 0,
            "max_RAM_curr": 2.1746821160774195,
            "pricing_RAM": 5,
            "pricing_data_sent": 0.01,
            "pricing_StartRequest": 4e-07
        },
        "provider_3": {
            "name": "aws",
            "estimated_latency": [
                3.5387978209777065,
                4.359011385918402,
                0.2905833033702392,
                0.0,
                4.241256767573324,
                8.397790501602454,
                1.2732404698300726,
                7.197152127651615,
                8.585219361832392,
                7.3210324544634044,
                1.1452584104898351,
                9.995233336873312,
                5.293805640473623
            ],
            "leave": false,
            "pricing_Storage_Transfer": 0,
            "max_RAM_curr": 1.1875316213595326,
            "pricing_RAM": 5,
            "pricing_data_sent": 0.01,
            "pricing_StartRequest": 4e-07
        },
        "provider_4": {
            "name": "aws",
            "estimated_latency": [
                9.945327509296174,
                3.3251590229421075,
                9.019091267587442,
                4.241256767573324,
                0.0,
                3.8241417937695577,
                3.3863559751203023,
                4.661449233504681,
                6.9417939953300625,
                6.255821152129545,
                0.9964207346389448,
                4.148629938593326,
                7.062696301024343
            ],
            "leave": false,
            "pricing_Storage_Transfer": 0,
            "max_RAM_curr": 2.251171438515513,
            "pricing_RAM": 5,
            "pricing_data_sent": 0.01,
            "pricing_StartRequest": 4e-07
        },
        "provider_5": {
            "name": "aws",
            "estimated_latency": [
                3.989973157851803,
                4.989804347125348,
                8.355406861262132,
                8.397790501602454,
                3.8241417937695577,
                0.0,
                8.340447421544908,
                9.14365404633444,
                1.9654137484255907,
                3.076952205390299,
                1.2430017520376544,
                8.662734705199131,
                5.666538343324648
            ],
            "leave": false,
            "pricing_Storage_Transfer": 0,
            "max_RAM_curr": 0.0777473486106604,
            "pricing_RAM": 5,
            "pricing_data_sent": 0.01,
            "pricing_StartRequest": 4e-07
        },
        "provider_6": {
            "name": "aws",
            "estimated_latency": [
                8.70320683583316,
                5.936956423281506,
                6.765410584714883,
                1.2732404698300726,
                3.3863559751203023,
                8.340447421544908,
                0.0,
                3.15212854113237,
                5.514843559107667,
                2.1078605151306444,
                9.483712875300068,
                1.4357785123900375,
                4.728696711360968
            ],
            "leave": false,
            "pricing_Storage_Transfer": 0,
            "max_RAM_curr": 6.36839531629417,
            "pricing_RAM": 5,
            "pricing_data_sent": 0.01,
            "pricing_StartRequest": 4e-07
        },
        "provider_7": {
            "name": "aws",
            "estimated_latency": [
                6.696561479952905,
                1.0044965604438756,
                8.108621555137317,
                7.197152127651615,
                4.661449233504681,
                9.14365404633444,
                3.15212854113237,
                0.0,
                6.475951418591175,
                2.5158573237371518,
                6.783131587958562,
                0.8287166568614679,
                6.559207168592404
            ],
            "leave": false,
            "pricing_Storage_Transfer": 0,
            "max_RAM_curr": 0.5169089186326267,
            "pricing_RAM": 5,
            "pricing_data_sent": 0.01,
            "pricing_StartRequest": 4e-07
        },
        "provider_8": {
            "name": "aws",
            "estimated_latency": [
                9.053275422140938,
                3.1172835053057697,
                0.3849749182456419,
                8.585219361832392,
                6.9417939953300625,
                1.9654137484255907,
                5.514843559107667,
                6.475951418591175,
                0.0,
                9.603384610240278,
                3.090928031113848,
                2.2781774609061376,
                8.734171754658474
            ],
            "leave": false,
            "pricing_Storage_Transfer": 0,
            "max_RAM_curr": 2.056495711997299,
            "pricing_RAM": 5,
            "pricing_data_sent": 0.01,
            "pricing_StartRequest": 4e-07
        },
        "provider_9": {
            "name": "aws",
            "estimated_latency": [
                7.7225161620721625,
                2.818871136215967,
                1.9927258993196775,
                7.3210324544634044,
                6.255821152129545,
                3.076952205390299,
                2.1078605151306444,
                2.5158573237371518,
                9.603384610240278,
                0.0,
                5.094274138784705,
                6.590198141821945,
                2.0770062067191204
            ],
            "leave": false,
            "pricing_Storage_Transfer": 0,
            "max_RAM_curr": 1.3723795042854663,
            "pricing_RAM": 5,
            "pricing_data_sent": 0.01,
            "pricing_StartRequest": 4e-07
        },
        "provider_10": {
            "name": "aws",