{
    "name": "cloud_2_966",
    "num_nodes": 12,
    "num_leaves": 1,
    "providers": {
        "provider_0": {
            "name": "aws",
            "leave": true,
            "estimated_latency": [
                0.0,
                8.926211080785869,
                3.4758891026833902,
                3.6429743573943902,
                4.695470698530637,
                2.949307589743408,
                4.3805605092842885,
                8.961265796385229,
                9.638358471498842,
                9.432141695058558,
                3.773443589291573,
                7.845702596555252
            ],
            "pricing_Storage_Transfer": 0,
            "max_RAM_curr": 31.262538605206885,
            "pricing_RAM": 5,
            "pricing_data_sent": 0.01,
            "pricing_StartRequest": 4e-07
        },
        "provider_1": {
            "name": "aws",
            "estimated_latency": [
                8.926211080785869,
                0.0,
                4.696743765973121,
                3.7176353523029415,
                9.09261952528309,
                2.174373071319869,
                6.2245947771663115,
                4.182428682232973,
                0.846995830575192,
                8.098295402688533,
                8.935597298183028,
                8.856047138514066
            ],
            "leave": false,
            "pricing_Storage_Transfer": 0,
            "max_RAM_curr": 8.321313682882364,
            "pricing_RAM": 5,
            "pricing_data_sent": 0.01,
            "pricing_StartRequest": 4e-07
        },
        "provider_2": {
            "name": "aws",
            "estimated_latency": [
                3.4758891026833902,
                4.696743765973121,
                0.0,
                5.8077085189930004,
                6.748779750845359,
                8.139059305142606,
                9.815421422608747,
                9.295517533050413,
                3.8914790979896297,
                7.965025986156192,
                6.934361846761133,
                9.299820914960138
            ],
            "leave": false,
            "pricing_Storage_Transfer": 0,
            "max_RAM_curr": 0.14651393275453647,
            "pricing_RAM": 5,
            "pricing_data_sent": 0.01,
            "pricing_StartRequest": 4e-07
        },
        "provider_3": {
            "name": "aws",
            "estimated_latency": [
                3.6429743573943902,
                3.7176353523029415,
                5.8077085189930004,
                0.0,
                8.586301608172969,
                8.449960720009503,
                4.7851318673141225,
                6.072559391713784,
                4.431175982349332,
                0.5033652909821997,
                8.338970160778366,
                0.4889358673751568
            ],
            "leave": false,
            "pricing_Storage_Transfer": 0,
            "max_RAM_curr": 8.594564680047577,
            "pricing_RAM": 5,
            "pricing_data_sent": 0.01,
            "pricing_StartRequest": 4e-07
        },
        "provider_4": {
            "name": "aws",
            "estimated_latency": [
                4.695470698530637,
                9.09261952528309,
                6.748779750845359,
                8.586301608172969,
                0.0,
                1.7080490768103422,
                7.17877743106176,
                4.8607470887312365,
                4.300966209910858,
                9.023756046620509,
                7.623716484169158,
                6.563660733942007
            ],
            "leave": false,
            "pricing_Storage_Transfer": 0,
            "max_RAM_curr": 8.391816440105615,
            "pricing_RAM": 5,
            "pricing_data_sent": 0.01,
            "pricing_StartRequest": 4e-07
        },
        "provider_5": {
            "name": "aws",
            "estimated_latency": [
                2.949307589743408,
                2.174373071319869,
                8.139059305142606,
                8.449960720009503,
                1.7080490768103422,
                0.0,
                8.24397481353454,
                3.299735466693929,
                1.7172940751242365,
                1.3349737934362003,
                9.544392321478082,
                3.008996639718327
            ],
            "leave": false,
            "pricing_Storage_Transfer": 0,
            "max_RAM_curr": 5.514083507460118,
            "pricing_RAM": 5,
            "pricing_data_sent": 0.01,
            "pricing_StartRequest": 4e-07
        },
        "provider_6": {
            "name": "aws",
            "estimated_latency": [
                4.3805605092842885,
                6.2245947771663115,
                9.815421422608747,
                4.7851318673141225,
                7.17877743106176,
                8.24397481353454,
                0.0,
                2.5142206634961584,
                7.618542904922927,
                5.277249776050216,
                2.961143344021618,
                4.579789381079651
            ],
            "leave": false,
            "pricing_Storage_Transfer": 0,
            "max_RAM_curr": 0.9035667393061116,
            "pricing_RAM": 5,
            "pricing_data_sent": 0.01,
            "pricing_StartRequest": 4e-07
        },
        "provider_7": {
            "name": "aws",
            "estimated_latency": [
                8.961265796385229,
                4.182428682232973,
                9.295517533050413,
                6.072559391713784,
                4.8607470887312365,
                3.299735466693929,
                2.5142206634961584,
                0.0,
                9.019085966115822,
                7.398586691710447,
                9.527698193618935,
                6.585066852533917
            ],
            "leave": false,
            "pricing_Storage_Transfer": 0,
            "max_RAM_curr": 8.150589019775524,
            "pricing_RAM": 5,
            "pricing_data_sent": 0.01,
            "pricing_StartRequest": 4e-07
        },
        "provider_8": {
            "name": "aws",
            "estimated_latency": [
                9.638358471498842,
                0.846995830575192,
                3.8914790979896297,
                4.431175982349332,
                4.300966209910858,
                1.7172940751242365,
                7.618542904922927,
                9.019085966115822,
                0.0,
                2.6793106007162515,
                1.3914425771600707,
                3.7822298790152606
            ],
            "leave": false,
            "pricing_Storage_Transfer": 0,
            "max_RAM_curr": 9.209099877929694,
            "pricing_RAM": 5,
            "pricing_data_sent": 0.01,
            "pricing_StartRequest": 4e-07
        },
        "provider_9": {
            "name": "aws",
            "estimated_latency": [
                9.432141695058558,
                8.098295402688533,
                7.965025986156192,
                0.5033652909821997,
                9.023756046620509,
                1.3349737934362003,
                5.277249776050216,
                7.398586691710447,
                2.6793106007162515,
                0.0,
                9.683447825279352,
                8.43392502489171
            ],
            "leave": false,
            "pricing_Storage_Transfer": 0,
            "max_RAM_curr": 4.2181181079574035,
            "pricing_RAM": 5,
            "pricing_data_sent": 0.01,
            "pricing_StartRequest": 4e-07
        },
        "provider_10": {
            "name": "aws",