{
    "name": "cloud_2_135",
    "num_nodes": 17,
    "num_leaves": 1,
    "providers": {
        "provider_0": {
            "name": "aws",
            "leave": true,
            "estimated_latency": [
                0.0,
                7.511657048070992,
                3.5191428897247508,
                0.855749200470753,
                2.4246230247884535,
                4.781668394591643,
                3.1790723152206772,
                6.658626357051573,
                0.9303893716098257,
                5.906919141319926,
                3.207027671385542,
                6.1335010648608606,
                4.3885565760920136,
                7.49192518548546,
                2.261005450834372,
                4.36066728170629,
                7.884172843444596
            ],
            "pricing_Storage_Transfer": 0,
            "max_RAM_curr": 24.798827402226248,
            "pricing_RAM": 5,
            "pricing_data_sent": 0.01,
            "pricing_StartRequest": 4e-07
        },
        "provider_1": {
            "name": "aws",
            "estimated_latency": [
                7.511657048070992,
                0.0,
                4.983953305199954,
                0.39317647294459535,
                8.70818090106364,
                0.5547720717270812,
                7.913598576270163,
                8.575410305102176,
                1.1041186065166084,
                0.6638763815146573,
                6.082723827396596,
                0.42642671988722625,
                6.945046857764293,
                9.583532099852599,
                1.5499268900181022,
                1.7246483629491023,
                9.97594702702186
            ],
            "leave": false,
            "pricing_Storage_Transfer": 0,
            "max_RAM_curr": 0.6681888828129388,
            "pricing_RAM": 5,
            "pricing_data_sent": 0.01,
            "pricing_StartRequest": 4e-07
        },
        "provider_2": {
            "name": "aws",
            "estimated_latency": [
                3.5191428897247508,
                4.983953305199954,
                0.0,
                5.611135949145099,
                1.9561687425860856,
                6.840248916757591,
                5.363586599455739,
                2.3479561045554043,
                4.028975371771728,
                8.213772955059646,
                4.038013384592122,
                6.342339578233735,
                3.201151118992607,
                6.942258138586083,
                2.104354232615895,
                0.6882290552528385,
                8.957403119327365
            ],
            "leave": false,
            "pricing_Storage_Transfer": 0,
            "max_RAM_curr": 131.0056520866676,
            "pricing_RAM": 5,
            "pricing_data_sent": 0.01,
            "pricing_StartRequest": 4e-07
        },
        "provider_3": {
            "name": "aws",
            "estimated_latency": [
                0.855749200470753,
                0.39317647294459535,
                5.611135949145099,
                0.0,
                0.4615856994125941,
                3.6391222887116434,
                4.830334934292168,
                7.355756319205038,
                6.0521996876388355,
                9.953533060594067,
                7.498550081313121,
                5.746585540989434,
                1.0177301629382225,
                5.610237715955675,
                5.7260489310457015,
                1.0948380334615166,
                7.0298978966036545
            ],
            "leave": false,
            "pricing_Storage_Transfer": 0,
            "max_RAM_curr": 3.315962982332641,
            "pricing_RAM": 5,
            "pricing_data_sent": 0.01,
            "pricing_StartRequest": 4e-07
        },
        "provider_4": {
            "name": "aws",
            "estimated_latency": [
                2.4246230247884535,
                8.70818090106364,
                1.9561687425860856,
                0.4615856994125941,
                0.0,
                9.25973535845455,
                2.8622415554379965,
                1.6308415665075773,
                8.538618467519527,
                5.533884497049754,
                1.4180031768807282,
                4.289524382573622,
                5.944861203055706,
                1.824470452335529,
                3.0346555046844195,
                3.6567915259466006,
                4.63652586589857
            ],
            "leave": false,
            "pricing_Storage_Transfer": 0,
            "max_RAM_curr": 29.520760548517455,
            "pricing_RAM": 5,
            "pricing_data_sent": 0.01,
            "pricing_StartRequest": 4e-07
        },
        "provider_5": {
            "name": "aws",
            "estimated_latency": [
                4.781668394591643,
                0.5547720717270812,
                6.840248916757591,
                3.6391222887116434,
                9.25973535845455,
                0.0,
                4.927562317740395,
                5.825223492302418,
                8.715234568158166,
                6.794650442256838,
                3.092291526436579,
                5.91095550328557,
                1.1263407052006638,
                8.52729436187423,
                6.395482910583995,
                0.2524283984553576,
                0.6460631609348244
            ],
            "leave": false,
            "pricing_Storage_Transfer": 0,
            "max_RAM_curr": 58.68354575084544,
            "pricing_RAM": 5,
            "pricing_data_sent": 0.01,
            "pricing_StartRequest": 4e-07
        },
        "provider_6": {
            "name": "aws",
            "estimated_latency": [
                3.1790723152206772,
                7.913598576270163,
                5.363586599455739,
                4.830334934292168,
                2.8622415554379965,
                4.927562317740395,
                0.0,
                7.161031815034738,
                5.6910406496318595,
                9.14729097154461,
                8.444988009419113,
                1.0142946028912965,
                9.004212830141254,
                8.621057249817197,
                3.8885064745746036,
                7.09758890666845,
                7.195343340002596
            ],
            "leave": false,
            "pricing_Storage_Transfer": 0,
            "max_RAM_curr": 26.05084420608661,
            "pricing_RAM": 5,
            "pricing_data_sent": 0.01,
            "pricing_StartRequest": 4e-07
        },
        "provider_7": {
            "name": "aws",
            "estimated_latency": [
                6.658626357051573,
                8.575410305102176,
                2.3479561045554043,
                7.355756319205038,
                1.6308415665075773,
                5.825223492302418,
                7.161031815034738,
                0.0,
                5.745143355632204,
                4.957092908763944,
                1.227483387991335,
                0.6008754554363118,
                5.4913383336017345,
                9.834865534830803,
                8.159641347355288,
                0.6615454442561912,
                6.001559525888967
            ],
            "leave": false,
            "pricing_Storage_Transfer": 0,
            "max_RAM_curr": 0.28490432128771986,
            "pricing_RAM": 5,
            "pricing_data_sent": 0.01,
            "pricing_StartRequest": 4e-07
        },
        "provider_8": {
            "name": "aws",