{
    "name": "cloud_2_564",
    "num_nodes": 6,
    "num_leaves": 1,
    "providers": {
        "provider_0": {
            "name": "aws",
            "leave": true,
            "estimated_latency": [
                0.0,
                1.875079087516821,
                0.3355740535117227,
                0.9372949416300903,
                5.214893848104377,
                3.2325237258473916
            ],
            "pricing_Storage_Transfer": 0,
            "max_RAM_curr": 8.70097500873691,
            "pricing_RAM": 5,
            "pricing_data_sent": 0.01,
            "pricing_StartRequest": 4e-07
        },
        "provider_1": {
            "name": "aws",
            "estimated_latency": [
                1.875079087516821,
                0.0,
                7.962260102812976,
                4.116938718964099,
                0.7641624036480599,
                5.725260432760314
            ],
            "leave": false,
            "pricing_Storage_Transfer": 0,
            "max_RAM_curr": 2.335980401772123,
            "pricing_RAM": 5,
            "pricing_data_sent": 0.01,
            "pricing_StartRequest": 4e-07
        },
        "provider_2": {
            "name": "aws",
            "estimated_latency": [
                0.3355740535117227,
                7.962260102812976,
                0.0,
                0.47706751208186693,
                1.126322637396116,
                6.497333260234453
            ],
            "leave": false,
            "pricing_Storage_Transfer": 0,
            "max_RAM_curr": 0.16234950067627607,
            "pricing_RAM": 5,
            "pricing_data_sent": 0.01,
            "pricing_StartRequest": 4e-07
        },
        "provider_3": {
            "name": "aws",
            "estimated_latency": [
                0.9372949416300903,
                4.116938718964099,
                0.47706751208186693,
                0.0,
                2.1954442065805253,
                1.6003386421268728
            ],
            "leave": false,
            "pricing_Storage_Transfer": 0,
            "max_RAM_curr": 1.7996999474745135,
            "pricing_RAM": 5,
            "pricing_data_sent": 0.01,
            "pricing_StartRequest": 4e-07
        },
        "provider_4": {
            "name": "aws",
            "estimated_latency": [
                5.214893848104377,
                0.7641624036480599,
                1.126322637396116,
                2.1954442065805253,
                0.0,
                0.10659495645595347
            ],
            "leave": false,
            "pricing_Storage_Transfer": 0,
            "max_RAM_curr": 0.12689382142725059,
            "pricing_RAM": 5,
            "pricing_data_sent": 0.01,
            "pricing_StartRequest": 4e-07
        },
        "provider_5": {
            "name": "aws",
            "estimated_latency": [
                3.2325237258473916,
                5.725260432760314,
                6.497333260234453,
                1.6003386421268728,
                0.10659495645595347,
                0.0
            ],
            "leave": false,
            "pricing_Storage_Transfer": 0,
            "max_RAM_curr": 1.3303725883309974,
            "pricing_RAM": 5,
            "pricing_data_sent": 0.01,
            "pricing_StartRequest": 4e-07
        }
    }
}