{
    "name": "cloud_2_835",
    "num_nodes": 10,
    "num_leaves": 1,
    "providers": {
        "provider_0": {
            "name": "aws",
            "leave": true,
            "estimated_latency": [
                0.0,
                8.944033533434895,
                4.456234372140522,
                6.947770465134625,
                3.4025967023083927,
                9.434186907806579,
                4.836819957448004,
                5.717361157487359,
                7.910057076813378,
                8.968818941186592
            ],
            "pricing_Storage_Transfer": 0,
            "max_RAM_curr": 6.441405120187984,
            "pricing_RAM": 5,
            "pricing_data_sent": 0.01,
            "pricing_StartRequest": 4e-07
        },
        "provider_1": {
            "name": "aws",
            "estimated_latency": [
                8.944033533434895,
                0.0,
                7.616804937507691,
                8.468977108063592,
                7.384290569840569,
                5.713830026230838,
                6.4985864338638075,
                3.1333296704007028,
                3.249674271197251,
                3.2435277421651305
            ],
            "leave": false,
            "pricing_Storage_Transfer": 0,
            "max_RAM_curr": 6.088246009327075,
            "pricing_RAM": 5,
            "pricing_data_sent": 0.01,
            "pricing_StartRequest": 4e-07
        },
        "provider_2": {
            "name": "aws",
            "estimated_latency": [
                4.456234372140522,
                7.616804937507691,
                0.0,
                5.467786448138638,
                3.1890191020194574,
                7.849945856254852,
                3.9399621226891646,
                2.9837181858734083,
                8.4078395132625,
                9.849543963041931
            ],
            "leave": false,
            "pricing_Storage_Transfer": 0,
            "max_RAM_curr": 18.505735979711204,
            "pricing_RAM": 5,
            "pricing_data_sent": 0.01,
            "pricing_StartRequest": 4e-07
        },
        "provider_3": {
            "name": "aws",
            "estimated_latency": [
                6.947770465134625,
                8.468977108063592,
                5.467786448138638,
                0.0,
                9.270506782018003,
                2.068938802353849,
                8.883483739305593,
                5.254538059903079,
                0.7483046466607672,
                2.346430837619125
            ],
            "leave": false,
            "pricing_Storage_Transfer": 0,
            "max_RAM_curr": 0.7774650352029907,
            "pricing_RAM": 5,
            "pricing_data_sent": 0.01,
            "pricing_StartRequest": 4e-07
        },
        "provider_4": {
            "name": "aws",
            "estimated_latency": [
                3.4025967023083927,
                7.384290569840569,
                3.1890191020194574,
                9.270506782018003,
                0.0,
                3.142393142163939,
                7.308294755146114,
                1.872001005244345,
                5.298100410194437,
                7.874924621726455
            ],
            "leave": false,
            "pricing_Storage_Transfer": 0,
            "max_RAM_curr": 16.250347336101115,
            "pricing_RAM": 5,
            "pricing_data_sent": 0.01,
            "pricing_StartRequest": 4e-07
        },
        "provider_5": {
            "name": "aws",
            "estimated_latency": [
                9.434186907806579,
                5.713830026230838,
                7.849945856254852,
                2.068938802353849,
                3.142393142163939,
                0.0,
                2.5496361333766804,
                5.56731247197468,
                0.8468710684778716,
                1.7953941223969596
            ],
            "leave": false,
            "pricing_Storage_Transfer": 0,
            "max_RAM_curr": 0.35697668754760076,
            "pricing_RAM": 5,
            "pricing_data_sent": 0.01,
            "pricing_StartRequest": 4e-07
        },
        "provider_6": {
            "name": "aws",
            "estimated_latency": [
                4.836819957448004,
                6.4985864338638075,
                3.9399621226891646,
                8.883483739305593,
                7.308294755146114,
                2.5496361333766804,
                0.0,
                4.64373433353048,
                7.256281173623949,
                6.164188872597106
            ],
            "leave": false,
            "pricing_Storage_Transfer": 0,
            "max_RAM_curr": 19.044608665820274,
            "pricing_RAM": 5,
            "pricing_data_sent": 0.01,
            "pricing_StartRequest": 4e-07
        },
        "provider_7": {
            "name": "aws",
            "estimated_latency": [
                5.717361157487359,
                3.1333296704007028,
                2.9837181858734083,
                5.254538059903079,
                1.872001005244345,
                5.56731247197468,
                4.64373433353048,
                0.0,
                8.08421154270956,
                7.96370021305314
            ],
            "leave": false,
            "pricing_Storage_Transfer": 0,
            "max_RAM_curr": 2.0637638178828,
            "pricing_RAM": 5,
            "pricing_data_sent": 0.01,
            "pricing_StartRequest": 4e-07
        },
        "provider_8": {
            "name": "aws",
            "estimated_latency": [
                7.910057076813378,
                3.249674271197251,
                8.4078395132625,
                0.7483046466607672,
                5.298100410194437,
                0.8468710684778716,
                7.256281173623949,
                8.08421154270956,
                0.0,
                6.342745195613676
            ],
            "leave": false,
            "pricing_Storage_Transfer": 0,
            "max_RAM_curr": 10.24038038593083,
            "pricing_RAM": 5,
            "pricing_data_sent": 0.01,
            "pricing_StartRequest": 4e-07
        },
        "provider_9": {
            "name": "aws",
            "estimated_latency": [
                8.968818941186592,
                3.2435277421651305,
                9.849543963041931,
                2.346430837619125,
                7.874924621726455,
                1.7953941223969596,
                6.164188872597106,
                7.96370021305314,
                6.342745195613676,
                0.0
            ],
            "leave": false,
            "pricing_Storage_Transfer": 0,
            "max_RAM_curr": 5.874136998644914,
            "pricing_RAM": 5,
            "pricing_data_sent": 0.01,
            "pricing_StartRequest": 4e-07
        }
    }
}