{
    "name": "cloud_2_418",
    "num_nodes": 15,
    "num_leaves": 1,
    "providers": {
        "provider_0": {
            "name": "aws",
            "leave": true,
            "estimated_latency": [
                0.0,
                0.6899051145956582,
                7.038199515636547,
                5.049755966527283,
                9.579996700354693,
                6.342044953650103,
                5.443272309953136,
                8.99673592361556,
                0.20617184535556154,
                5.139558426421906,
                1.1346900479381359,
                5.300371502261049,
                0.5665873814901985,
                7.770967123388186,
                4.9601595292942
            ],
            "pricing_Storage_Transfer": 0,
            "max_RAM_curr": 0.0010758694156681927,
            "pricing_RAM": 5,
            "pricing_data_sent": 0.01,
            "pricing_StartRequest": 4e-07
        },
        "provider_1": {
            "name": "aws",
            "estimated_latency": [
                0.6899051145956582,
                0.0,
                9.358621471800253,
                1.0495246030018919,
                1.3529290697714584,
                3.835204169254846,
                0.346209086472262,
                5.03488133176172,
                0.7187284746716412,
                1.1046141978361053,
                8.834738074050513,
                8.048150817640535,
                4.012834652452106,
                1.962766048812528,
                2.2222453940501983
            ],
            "leave": false,
            "pricing_Storage_Transfer": 0,
            "max_RAM_curr": 0.008289473806416862,
            "pricing_RAM": 5,
            "pricing_data_sent": 0.01,
            "pricing_StartRequest": 4e-07
        },
        "provider_2": {
            "name": "aws",
            "estimated_latency": [
                7.038199515636547,
                9.358621471800253,
                0.0,
                8.390758518822413,
                4.902362191686614,
                2.1102257433012586,
                0.7501547883958932,
                1.1580868550251742,
                9.422911329838668,
                3.638342363498808,
                0.49662780848152044,
                2.7273952026512283,
                7.118925066260476,
                1.0043059640336518,
                6.053906710314763
            ],
            "leave": false,
            "pricing_Storage_Transfer": 0,
            "max_RAM_curr": 0.020553511032326374,
            "pricing_RAM": 5,
            "pricing_data_sent": 0.01,
            "pricing_StartRequest": 4e-07
        },
        "provider_3": {
            "name": "aws",
            "estimated_latency": [
                5.049755966527283,
                1.0495246030018919,
                8.390758518822413,
                0.0,
                7.705671023730725,
                9.314749780180081,
                1.7676720524336826,
                0.3413036414272296,
                9.08235899598128,
                3.4106202367065257,
                1.4055402931832703,
                8.740285429580023,
                5.367217001041239,
                5.639128627252284,
                7.076624637953251
            ],
            "leave": false,
            "pricing_Storage_Transfer": 0,
            "max_RAM_curr": 0.062232168091601286,
            "pricing_RAM": 5,
            "pricing_data_sent": 0.01,
            "pricing_StartRequest": 4e-07
        },
        "provider_4": {
            "name": "aws",
            "estimated_latency": [
                9.579996700354693,
                1.3529290697714584,
                4.902362191686614,
                7.705671023730725,
                0.0,
                3.060886608006035,
                5.686562874621275,
                2.237233818867423,
                7.341086400200165,
                4.8187616401402105,
                9.1474011602044,
                0.46084096465961566,
                4.274173026593247,
                1.1212296860508595,
                9.954513504443103
            ],
            "leave": false,
            "pricing_Storage_Transfer": 0,
            "max_RAM_curr": 0.021263072687456034,
            "pricing_RAM": 5,
            "pricing_data_sent": 0.01,
            "pricing_StartRequest": 4e-07
        },
        "provider_5": {
            "name": "aws",
            "estimated_latency": [
                6.342044953650103,
                3.835204169254846,
                2.1102257433012586,
                9.314749780180081,
                3.060886608006035,
                0.0,
                3.45673801735871,
                6.196646294482405,
                0.7970333867503288,
                6.9375173783167865,
                6.97090461021892,
                9.074940518483734,
                2.269171566292124,
                5.024913769937098,
                3.0796313017467347
            ],
            "leave": false,
            "pricing_Storage_Transfer": 0,
            "max_RAM_curr": 0.00966115728855568,
            "pricing_RAM": 5,
            "pricing_data_sent": 0.01,
            "pricing_StartRequest": 4e-07
        },
        "provider_6": {
            "name": "aws",
            "estimated_latency": [
                5.443272309953136,
                0.346209086472262,
                0.7501547883958932,
                1.7676720524336826,
                5.686562874621275,
                3.45673801735871,
                0.0,
                8.481577688366789,
                7.3513180351611,
                6.045393618101457,
                3.9321281329240128,
                8.43358348253536,
                9.586973700154603,
                2.397729434184879,
                7.05451450345675
            ],
            "leave": false,
            "pricing_Storage_Transfer": 0,
            "max_RAM_curr": 0.20073202011535285,
            "pricing_RAM": 5,
            "pricing_data_sent": 0.01,
            "pricing_StartRequest": 4e-07
        },
        "provider_7": {
            "name": "aws",
            "estimated_latency": [
                8.99673592361556,
                5.03488133176172,
                1.1580868550251742,
                0.3413036414272296,
                2.237233818867423,
                6.196646294482405,
                8.481577688366789,
                0.0,
                1.9987270822920995,
                2.9627181709603883,
                2.4049460117631583,
                4.72083793864345,
                0.40277608398411135,
                1.4294952417260998,
                3.211744593829223
            ],
            "leave": false,
            "pricing_Storage_Transfer": 0,
            "max_RAM_curr": 0.03291033918153817,
            "pricing_RAM": 5,
            "pricing_data_sent": 0.01,
            "pricing_StartRequest": 4e-07
        },
        "provider_8": {
            "name": "aws",
            "estimated_latency": [
                0.20617184535556154,
                0.7187284746716412,
                9.422911329838668,
                9.08235899598128,
                7.341086400200165,
                0.7970333867503288,
                7.3513180351611,
                1.9987270822920995,
                0.0,
                7.1092927401003765,
                0.9841898122095569,
                5.308098647048839,
                0.731847265334967,
                4.134812394745811,
                9.102458455752886
            ],
            "leave": false,
            "pricing_Storage_Transfer": 0,
            "max_RAM_curr": 0.14433952321756374,
            "pricing_RAM": 5,
            "pricing_data_sent": 0.01,
            "pricing_StartRequest": 4e-07
        },
        "provider_9": {
            "name": "aws",