{
    "name": "cloud_2_998",
    "num_nodes": 19,
    "num_leaves": 1,
    "providers": {
        "provider_0": {
            "name": "aws",
            "leave": true,
            "estimated_latency": [
                0.0,
                8.048425193700167,
                8.277732405244732,
                5.770564645687768,
                9.424334317418218,
                0.6638857695216981,
                5.030298075222432,
                4.438158047934008,
                6.5428532649858395,
                1.295501011776838,
                3.9447475370968736,
                5.064990157993492,
                6.049672356352459,
                0.5956888180610947,
                2.2237031887130643,
                2.6837901820256187,
                7.926629670300039,
                1.9281184170604788,
                4.41421052193688
            ],
            "pricing_Storage_Transfer": 0,
            "max_RAM_curr": 0.6049851742676864,
            "pricing_RAM": 5,
            "pricing_data_sent": 0.01,
            "pricing_StartRequest": 4e-07
        },
        "provider_1": {
            "name": "aws",
            "estimated_latency": [
                8.048425193700167,
                0.0,
                4.274725230002551,
                1.6258036008382142,
                5.093735635114576,
                1.8724828916120637,
                8.873966876216997,
                4.953865953071044,
                8.078260538213042,
                1.2122160271383873,
                9.864200398614527,
                7.365982526084581,
                5.70986456816542,
                9.219470557605476,
                1.113396396599391,
                5.61010994223096,
                1.510279829468435,
                7.804380053026348,
                3.749563697232128
            ],
            "leave": false,
            "pricing_Storage_Transfer": 0,
            "max_RAM_curr": 0.10754306727010218,
            "pricing_RAM": 5,
            "pricing_data_sent": 0.01,
            "pricing_StartRequest": 4e-07
        },
        "provider_2": {
            "name": "aws",
            "estimated_latency": [
                8.277732405244732,
                4.274725230002551,
                0.0,
                7.664639549013741,
                4.639581680510327,
                8.89530513171971,
                3.67707876861617,
                6.02698138781308,
                6.336425947620947,
                5.574666088860556,
                2.708813492417661,
                2.7781891272127472,
                6.686749745648844,
                8.429809001754506,
                1.1246782686667187,
                2.768914905285152,
                2.8843833897759668,
                2.2227848697923824,
                4.977353001515002
            ],
            "leave": false,
            "pricing_Storage_Transfer": 0,
            "max_RAM_curr": 3.0819031238057515,
            "pricing_RAM": 5,
            "pricing_data_sent": 0.01,
            "pricing_StartRequest": 4e-07
        },
        "provider_3": {
            "name": "aws",
            "estimated_latency": [
                5.770564645687768,
                1.6258036008382142,
                7.664639549013741,
                0.0,
                9.167311540983196,
                2.795115293944631,
                7.655586945979587,
                5.719446902735189,
                1.0461841304505808,
                9.566917570555294,
                9.735234783494633,
                9.04330730904409,
                4.7654297730906725,
                9.299126060543538,
                5.034582295769467,
                8.368858263922014,
                1.7041267047234616,
                4.736906581537175,
                1.5719809947479524
            ],
            "leave": false,
            "pricing_Storage_Transfer": 0,
            "max_RAM_curr": 1.6688860843831068,
            "pricing_RAM": 5,
            "pricing_data_sent": 0.01,
            "pricing_StartRequest": 4e-07
        },
        "provider_4": {
            "name": "aws",
            "estimated_latency": [
                9.424334317418218,
                5.093735635114576,
                4.639581680510327,
                9.167311540983196,
                0.0,
                1.1691634923816583,
                3.2255016935352905,
                8.191939393835463,
                3.585186038219567,
                6.5799521451432454,
                0.5425427113168847,
                5.694896741318251,
                5.441873681415585,
                5.935873080038607,
                6.9855416132298105,
                3.8695516755823114,
                7.80550720469245,
                7.037555343110766,
                1.9765576901511666
            ],
            "leave": false,
            "pricing_Storage_Transfer": 0,
            "max_RAM_curr": 2.996376681004071,
            "pricing_RAM": 5,
            "pricing_data_sent": 0.01,
            "pricing_StartRequest": 4e-07
        },
        "provider_5": {
            "name": "aws",
            "estimated_latency": [
                0.6638857695216981,
                1.8724828916120637,
                8.89530513171971,
                2.795115293944631,
                1.1691634923816583,
                0.0,
                0.7989328414908549,
                1.6802791238127337,
                3.809350761556004,
                5.323125531727927,
                2.4145260451377157,
                0.48984767731827095,
                0.5395732546489505,
                9.987406319724904,
                5.016549964492765,
                7.1348449063759745,
                9.30866025319724,
                9.057891478563104,
                0.24034029644096053
            ],
            "leave": false,
            "pricing_Storage_Transfer": 0,
            "max_RAM_curr": 2.729406694716763,
            "pricing_RAM": 5,
            "pricing_data_sent": 0.01,
            "pricing_StartRequest": 4e-07
        },
        "provider_6": {
            "name": "aws",
            "estimated_latency": [
                5.030298075222432,
                8.873966876216997,
                3.67707876861617,
                7.655586945979587,
                3.2255016935352905,
                0.7989328414908549,
                0.0,
                6.581629171999225,
                6.063547929534998,
                3.779019690801741,
                9.204666007447868,
                9.13906794261391,
                0.600409577718606,
                8.622865716435529,
                4.00603004522304,
                9.820967223497263,
                2.345865312128106,
                5.939913953521709,
                9.328241312512061
            ],
            "leave": false,
            "pricing_Storage_Transfer": 0,
            "max_RAM_curr": 0.19536516225947193,
            "pricing_RAM": 5,
            "pricing_data_sent": 0.01,
            "pricing_StartRequest": 4e-07
        },
        "provider_7": {
            "name": "aws",
            "estimated_latency": [
                4.438158047934008,
                4.953865953071044,
                6.02698138781308,
                5.719446902735189,
                8.191939393835463,
                1.6802791238127337,
                6.581629171999225,
                0.0,
                8.13790255755093,
                3.380645706826925,
                2.0729906031349854,
                7.83809773299215,
                3.3164978094075956,
                5.150508994699801,
                2.489907355014688,
                2.483540227002951,
                8.660969928000588,
                6.426325534722419,
                9.377815408196383
            ],
            "leave": false,
            "pricing_Storage_Transfer": 0,
            "max_RAM_curr": 3.4460569269887746,
            "pricing_RAM": 5,
            "pricing_data_sent": 0.01,