{
    "name": "cloud_2_259",
    "num_nodes": 17,
    "num_leaves": 1,
    "providers": {
        "provider_0": {
            "name": "aws",
            "leave": true,
            "estimated_latency": [
                0.0,
                1.688766103284888,
                8.133727365853025,
                4.143422931536307,
                7.8888177002889766,
                7.140160834385733,
                4.388784048511932,
                4.007645192442797,
                4.46382605964596,
                1.3543280221145715,
                9.122065466394702,
                8.347458715000364,
                1.5173562668079938,
                5.8452801270126455,
                8.665229928068854,
                7.672970095004106,
                0.8339918933968485
            ],
            "pricing_Storage_Transfer": 0,
            "max_RAM_curr": 0.13123402087775002,
            "pricing_RAM": 5,
            "pricing_data_sent": 0.01,
            "pricing_StartRequest": 4e-07
        },
        "provider_1": {
            "name": "aws",
            "estimated_latency": [
                1.688766103284888,
                0.0,
                0.46984348498658324,
                6.879532151228781,
                6.7240246752324175,
                6.232528778443281,
                5.48945402528219,
                8.347040458390712,
                4.621198439812339,
                4.897323829969062,
                0.3474354729221162,
                2.5480772071235367,
                2.8976119827243005,
                9.979606638044192,
                7.371506746959951,
                5.187111599063348,
                3.786402385086894
            ],
            "leave": false,
            "pricing_Storage_Transfer": 0,
            "max_RAM_curr": 16.260936153414793,
            "pricing_RAM": 5,
            "pricing_data_sent": 0.01,
            "pricing_StartRequest": 4e-07
        },
        "provider_2": {
            "name": "aws",
            "estimated_latency": [
                8.133727365853025,
                0.46984348498658324,
                0.0,
                1.6436777019567779,
                9.873008968083909,
                4.77673229536779,
                1.1199073295375164,
                6.842581146756373,
                9.864692169788082,
                1.8736202472438226,
                2.8782652326047864,
                2.4633754612728658,
                9.390009585524934,
                5.765317729970428,
                4.769614983094582,
                4.434014289566209,
                5.763543817493159
            ],
            "leave": false,
            "pricing_Storage_Transfer": 0,
            "max_RAM_curr": 1.291162782740316,
            "pricing_RAM": 5,
            "pricing_data_sent": 0.01,
            "pricing_StartRequest": 4e-07
        },
        "provider_3": {
            "name": "aws",
            "estimated_latency": [
                4.143422931536307,
                6.879532151228781,
                1.6436777019567779,
                0.0,
                2.5905024647721406,
                4.672377107952433,
                0.9527772867472167,
                7.852342434945,
                0.6635482986038321,
                8.054946186573108,
                6.8572647338585035,
                5.584109974068545,
                2.626397065946877,
                1.7360178178028842,
                5.500347889147546,
                5.0053447971766305,
                8.219281272528567
            ],
            "leave": false,
            "pricing_Storage_Transfer": 0,
            "max_RAM_curr": 0.7052368357304142,
            "pricing_RAM": 5,
            "pricing_data_sent": 0.01,
            "pricing_StartRequest": 4e-07
        },
        "provider_4": {
            "name": "aws",
            "estimated_latency": [
                7.8888177002889766,
                6.7240246752324175,
                9.873008968083909,
                2.5905024647721406,
                0.0,
                8.575875056398553,
                0.358227047465425,
                7.29187131793193,
                6.902015788163925,
                1.2498549583992167,
                2.931349271490551,
                1.8170903125707536,
                9.414217481776543,
                1.5589095814260383,
                3.1495185937271803,
                5.093839710889343,
                3.437151054861248
            ],
            "leave": false,
            "pricing_Storage_Transfer": 0,
            "max_RAM_curr": 1.70458469574731,
            "pricing_RAM": 5,
            "pricing_data_sent": 0.01,
            "pricing_StartRequest": 4e-07
        },
        "provider_5": {
            "name": "aws",
            "estimated_latency": [
                7.140160834385733,
                6.232528778443281,
                4.77673229536779,
                4.672377107952433,
                8.575875056398553,
                0.0,
                1.1097739811487133,
                9.096027316964726,
                3.8036246157571143,
                3.122584262560701,
                2.4837563232747617,
                5.513925469071447,
                9.524682676987776,
                5.1306604115105685,
                4.840517565093117,
                4.665999931574539,
                4.235682142484849
            ],
            "leave": false,
            "pricing_Storage_Transfer": 0,
            "max_RAM_curr": 12.461990116252656,
            "pricing_RAM": 5,
            "pricing_data_sent": 0.01,
            "pricing_StartRequest": 4e-07
        },
        "provider_6": {
            "name": "aws",
            "estimated_latency": [
                4.388784048511932,
                5.48945402528219,
                1.1199073295375164,
                0.9527772867472167,
                0.358227047465425,
                1.1097739811487133,
                0.0,
                4.004999031128749,
                6.390253382634275,
                8.206269715055617,
                3.8156411179656997,
                9.506980661162324,
                6.825355209874936,
                5.799488806067091,
                7.925363928447855,
                9.858193507158333,
                2.009228741098227
            ],
            "leave": false,
            "pricing_Storage_Transfer": 0,
            "max_RAM_curr": 1.0211309365789731,
            "pricing_RAM": 5,
            "pricing_data_sent": 0.01,
            "pricing_StartRequest": 4e-07
        },
        "provider_7": {
            "name": "aws",
            "estimated_latency": [
                4.007645192442797,
                8.347040458390712,
                6.842581146756373,
                7.852342434945,
                7.29187131793193,
                9.096027316964726,
                4.004999031128749,
                0.0,
                8.272443631415223,
                6.784996370111041,
                3.266883714465998,
                7.157721266359309,
                1.6473155081551691,
                5.406751043316105,
                9.328826435577918,
                8.99366454222914,
                5.4153175892656735
            ],
            "leave": false,
            "pricing_Storage_Transfer": 0,
            "max_RAM_curr": 2.028906613421235,
            "pricing_RAM": 5,
            "pricing_data_sent": 0.01,
            "pricing_StartRequest": 4e-07
        },
        "provider_8": {
            "name": "aws",