{
    "name": "cloud_1_1",
    "num_nodes": 8,
    "num_leaves": 8,
    "providers": {
        "provider_0": {
            "name": "tinyfaas",
            "leave": true,
            "estimated_latency": [
                0.0,
                98.58076645874205,
                44.21825693501803,
                63.71235870313905,
                23.959330807888247,
                20.724956491699928,
                85.69457948245146,
                22.06879198035215
            ],
            "pricing_Storage_Transfer": 0,
            "max_RAM_curr": 2422.124628588862,
            "pricing_RAM": 0.01667,
            "pricing_data_sent": 0.01,
            "pricing_StartRequest": 4e-07,
            "max_ram_curr": 2422.124628588862
        },
        "provider_1": {
            "name": "tinyfaas",
            "estimated_latency": [
                98.58076645874205,
                0.0,
                24.6622629041343,
                94.2726513384109,
                59.66259637324244,
                51.19121120261307,
                60.46781488816695,
                72.53557618108687
            ],
            "leave": true,
            "pricing_Storage_Transfer": 0,
            "max_RAM_curr": 1700.7463512305535,
            "pricing_RAM": 0.01667,
            "pricing_data_sent": 0.01,
            "pricing_StartRequest": 4e-07,
            "max_ram_curr": 1700.7463512305535
        },
        "provider_2": {
            "name": "tinyfaas",
            "estimated_latency": [
                44.21825693501803,
                24.6622629041343,
                0.0,
                6.640821287851706,
                79.82649512973897,
                13.082083934607141,
                5.943019140435924,
                49.133540613475795
            ],
            "leave": true,
            "pricing_Storage_Transfer": 0,
            "max_RAM_curr": 927.988608086375,
            "pricing_RAM": 0.01667,
            "pricing_data_sent": 0.01,
            "pricing_StartRequest": 4e-07,
            "max_ram_curr": 927.988608086375
        },
        "provider_3": {
            "name": "tinyfaas",
            "estimated_latency": [
                63.71235870313905,
                94.2726513384109,
                6.640821287851706,
                0.0,
                98.91523820052883,
                36.105273223650386,
                77.62386886047227,
                42.88411395807846
            ],
            "leave": true,
            "pricing_Storage_Transfer": 0,
            "max_RAM_curr": 337.2385937598556,
            "pricing_RAM": 0.01667,
            "pricing_data_sent": 0.01,
            "pricing_StartRequest": 4e-07,
            "max_ram_curr": 337.2385937598556
        },
        "provider_4": {
            "name": "tinyfaas",
            "estimated_latency": [
                23.959330807888247,
                59.66259637324244,
                79.82649512973897,
                98.91523820052883,
                0.0,
                4.671396535484822,
                42.50024398480384,
                37.010414824178746
            ],
            "leave": true,
            "pricing_Storage_Transfer": 0,
            "max_RAM_curr": 880.4299406453946,
            "pricing_RAM": 0.01667,
            "pricing_data_sent": 0.01,
            "pricing_StartRequest": 4e-07,
            "max_ram_curr": 880.4299406453946
        },
        "provider_5": {
            "name": "tinyfaas",
            "estimated_latency": [
                20.724956491699928,
                51.19121120261307,
                13.082083934607141,
                36.105273223650386,
                4.671396535484822,
                0.0,
                20.797001046447292,
                28.99103512037105
            ],
            "leave": true,
            "pricing_Storage_Transfer": 0,
            "max_RAM_curr": 137.96522810045093,
            "pricing_RAM": 0.01667,
            "pricing_data_sent": 0.01,
            "pricing_StartRequest": 4e-07,
            "max_ram_curr": 137.96522810045093
        },
        "provider_6": {
            "name": "tinyfaas",
            "estimated_latency": [
                85.69457948245146,
                60.46781488816695,
                5.943019140435924,
                77.62386886047227,
                42.50024398480384,
                20.797001046447292,
                0.0,
                28.659587160522978
            ],
            "leave": true,
            "pricing_Storage_Transfer": 0,
            "max_RAM_curr": 1505.5085264492925,
            "pricing_RAM": 0.01667,
            "pricing_data_sent": 0.01,
            "pricing_StartRequest": 4e-07,
            "max_ram_curr": 1505.5085264492925
        },
        "provider_7": {
            "name": "tinyfaas",
            "estimated_latency": [
                22.06879198035215,
                72.53557618108687,
                49.133540613475795,
                42.88411395807846,
                37.010414824178746,
                28.99103512037105,
                28.659587160522978,
                0.0
            ],
            "leave": true,
            "pricing_Storage_Transfer": 0,
            "max_RAM_curr": 1083.6458498075601,
            "pricing_RAM": 0.01667,
            "pricing_data_sent": 0.01,
            "pricing_StartRequest": 4e-07,
            "max_ram_curr": 1083.6458498075601
        }
    }
}