{
    "name": "cloud_2_605",
    "num_nodes": 11,
    "num_leaves": 1,
    "providers": {
        "provider_0": {
            "name": "aws",
            "leave": true,
            "estimated_latency": [
                0.0,
                7.120710755261169,
                2.9232396898752695,
                9.773854281215549,
                1.8582828220579244,
                3.843509653753438,
                3.4425322702553256,
                9.270986366690815,
                3.4078543188728663,
                4.028807937503389,
                0.9923554309508514
            ],
            "pricing_Storage_Transfer": 0,
            "max_RAM_curr": 18.427190208675857,
            "pricing_RAM": 5,
            "pricing_data_sent": 0.01,
            "pricing_StartRequest": 4e-07
        },
        "provider_1": {
            "name": "aws",
            "estimated_latency": [
                7.120710755261169,
                0.0,
                7.877750426248737,
                6.1540361135050965,
                7.41392003329378,
                9.325872661018243,
                9.63640619959774,
                8.872821643667972,
                4.756354311228859,
                0.6796015292101983,
                7.71680962904078
            ],
            "leave": false,
            "pricing_Storage_Transfer": 0,
            "max_RAM_curr": 33.1535950222478,
            "pricing_RAM": 5,
            "pricing_data_sent": 0.01,
            "pricing_StartRequest": 4e-07
        },
        "provider_2": {
            "name": "aws",
            "estimated_latency": [
                2.9232396898752695,
                7.877750426248737,
                0.0,
                9.294529987977986,
                1.6065679803753274,
                1.7103070582071478,
                3.6555849857065725,
                1.5612312042337884,
                7.948954043744621,
                7.116723475467384,
                4.988907545235373
            ],
            "leave": false,
            "pricing_Storage_Transfer": 0,
            "max_RAM_curr": 8.020370501959476,
            "pricing_RAM": 5,
            "pricing_data_sent": 0.01,
            "pricing_StartRequest": 4e-07
        },
        "provider_3": {
            "name": "aws",
            "estimated_latency": [
                9.773854281215549,
                6.1540361135050965,
                9.294529987977986,
                0.0,
                2.0150443114394703,
                0.706905453476647,
                9.873529869938743,
                8.863001017484624,
                1.8677509695385617,
                1.7612662836518982,
                3.1373046948271637
            ],
            "leave": false,
            "pricing_Storage_Transfer": 0,
            "max_RAM_curr": 3.608087872923067,
            "pricing_RAM": 5,
            "pricing_data_sent": 0.01,
            "pricing_StartRequest": 4e-07
        },
        "provider_4": {
            "name": "aws",
            "estimated_latency": [
                1.8582828220579244,
                7.41392003329378,
                1.6065679803753274,
                2.0150443114394703,
                0.0,
                7.0220455420127665,
                9.651663744683896,
                6.4749879189376776,
                3.892219579476232,
                4.215335671122218,
                9.927979608116713
            ],
            "leave": false,
            "pricing_Storage_Transfer": 0,
            "max_RAM_curr": 2.1488368788080927,
            "pricing_RAM": 5,
            "pricing_data_sent": 0.01,
            "pricing_StartRequest": 4e-07
        },
        "provider_5": {
            "name": "aws",
            "estimated_latency": [
                3.843509653753438,
                9.325872661018243,
                1.7103070582071478,
                0.706905453476647,
                7.0220455420127665,
                0.0,
                1.2317582784224523,
                6.220085991972944,
                6.691179276556506,
                0.6797940005750441,
                5.690282659219779
            ],
            "leave": false,
            "pricing_Storage_Transfer": 0,
            "max_RAM_curr": 51.391319564035825,
            "pricing_RAM": 5,
            "pricing_data_sent": 0.01,
            "pricing_StartRequest": 4e-07
        },
        "provider_6": {
            "name": "aws",
            "estimated_latency": [
                3.4425322702553256,
                9.63640619959774,
                3.6555849857065725,
                9.873529869938743,
                9.651663744683896,
                1.2317582784224523,
                0.0,
                5.405051840426259,
                0.8508917057798291,
                7.9924175958625945,
                6.150321683357661
            ],
            "leave": false,
            "pricing_Storage_Transfer": 0,
            "max_RAM_curr": 13.439309074848031,
            "pricing_RAM": 5,
            "pricing_data_sent": 0.01,
            "pricing_StartRequest": 4e-07
        },
        "provider_7": {
            "name": "aws",
            "estimated_latency": [
                9.270986366690815,
                8.872821643667972,
                1.5612312042337884,
                8.863001017484624,
                6.4749879189376776,
                6.220085991972944,
                5.405051840426259,
                0.0,
                3.250097291612616,
                2.2111510275989965,
                1.7187777282814571
            ],
            "leave": false,
            "pricing_Storage_Transfer": 0,
            "max_RAM_curr": 1.8875658908486983,
            "pricing_RAM": 5,
            "pricing_data_sent": 0.01,
            "pricing_StartRequest": 4e-07
        },
        "provider_8": {
            "name": "aws",
            "estimated_latency": [
                3.4078543188728663,
                4.756354311228859,
                7.948954043744621,
                1.8677509695385617,
                3.892219579476232,
                6.691179276556506,
                0.8508917057798291,
                3.250097291612616,
                0.0,
                6.111963689183652,
                4.162109812997913
            ],
            "leave": false,
            "pricing_Storage_Transfer": 0,
            "max_RAM_curr": 9.484096930051345,
            "pricing_RAM": 5,
            "pricing_data_sent": 0.01,
            "pricing_StartRequest": 4e-07
        },
        "provider_9": {
            "name": "aws",
            "estimated_latency": [
                4.028807937503389,
                0.6796015292101983,
                7.116723475467384,
                1.7612662836518982,
                4.215335671122218,
                0.6797940005750441,
                7.9924175958625945,
                2.2111510275989965,
                6.111963689183652,
                0.0,
                2.1364205549685007
            ],
            "leave": false,
            "pricing_Storage_Transfer": 0,
            "max_RAM_curr": 3.4895835795978867,
            "pricing_RAM": 5,
            "pricing_data_sent": 0.01,
            "pricing_StartRequest": 4e-07
        },
        "provider_10": {
            "name": "aws",
            "estimated_latency": [
                0.9923554309508514,
                7.71680962904078,
                4.988907545235373,
                3.1373046948271637,
                9.927979608116713,
                5.690282659219779,
                6.150321683357661,
                1.7187777282814571,
                4.162109812997913,
                2.1364205549685007,
                0.0
            ],
            "leave": false,
            "pricing_Storage_Transfer": 0,
            "max_RAM_curr": 35.065868889566715,
            "pricing_RAM": 5,
            "pricing_data_sent": 0.01,
            "pricing_StartRequest": 4e-07
        }
    }
}