{
    "name": "cloud_2_319",
    "num_nodes": 16,
    "num_leaves": 1,
    "providers": {
        "provider_0": {
            "name": "aws",
            "leave": true,
            "estimated_latency": [
                0.0,
                8.704064195785298,
                3.606946339325287,
                8.042252277177287,
                5.326114739865344,
                5.74428739269639,
                0.6851955559937993,
                1.6262122181215017,
                8.586312413167711,
                7.509779818837857,
                2.2403415168171277,
                9.132942508326364,
                0.9412952534845709,
                5.912902449058038,
                6.721728874259381,
                9.8780010596781
            ],
            "pricing_Storage_Transfer": 0,
            "max_RAM_curr": 3.0940575363438483,
            "pricing_RAM": 5,
            "pricing_data_sent": 0.01,
            "pricing_StartRequest": 4e-07
        },
        "provider_1": {
            "name": "aws",
            "estimated_latency": [
                8.704064195785298,
                0.0,
                5.009095157360075,
                3.075680398110712,
                1.2142193381395976,
                8.775395160491367,
                5.896828921233482,
                1.16219744981516,
                1.6312344954408735,
                6.016982856781795,
                6.879697876770523,
                8.66524090646868,
                0.791439192220008,
                0.47991145123830825,
                5.744128090158605,
                6.7365096097818125
            ],
            "leave": false,
            "pricing_Storage_Transfer": 0,
            "max_RAM_curr": 1.3375141684003937,
            "pricing_RAM": 5,
            "pricing_data_sent": 0.01,
            "pricing_StartRequest": 4e-07
        },
        "provider_2": {
            "name": "aws",
            "estimated_latency": [
                3.606946339325287,
                5.009095157360075,
                0.0,
                2.6099837547599023,
                4.0352017433241985,
                0.8834860504129205,
                4.754385567062463,
                0.884186606522947,
                8.618689113427473,
                2.0381013675103996,
                4.837533572965312,
                8.046426927002354,
                8.52899133522958,
                6.600016457372492,
                2.462917973911208,
                1.625549734747464
            ],
            "leave": false,
            "pricing_Storage_Transfer": 0,
            "max_RAM_curr": 4.840471998799433,
            "pricing_RAM": 5,
            "pricing_data_sent": 0.01,
            "pricing_StartRequest": 4e-07
        },
        "provider_3": {
            "name": "aws",
            "estimated_latency": [
                8.042252277177287,
                3.075680398110712,
                2.6099837547599023,
                0.0,
                3.0786834765737887,
                1.8690440540540751,
                7.649568716845791,
                4.342285376420174,
                8.585838647158228,
                3.157125370498537,
                4.666014454629255,
                4.527684381046435,
                0.8625909070823105,
                6.525585698629313,
                6.092707194042844,
                0.9975895136808838
            ],
            "leave": false,
            "pricing_Storage_Transfer": 0,
            "max_RAM_curr": 3.2906627518502862,
            "pricing_RAM": 5,
            "pricing_data_sent": 0.01,
            "pricing_StartRequest": 4e-07
        },
        "provider_4": {
            "name": "aws",
            "estimated_latency": [
                5.326114739865344,
                1.2142193381395976,
                4.0352017433241985,
                3.0786834765737887,
                0.0,
                8.082591174177113,
                9.47286838926533,
                3.3110165132800167,
                7.395938337266564,
                6.473010806919285,
                7.2493105802535664,
                3.80071036205362,
                7.97315165579706,
                5.6120754861914595,
                8.46085534562595,
                1.8574791127057935
            ],
            "leave": false,
            "pricing_Storage_Transfer": 0,
            "max_RAM_curr": 5.515271879081381,
            "pricing_RAM": 5,
            "pricing_data_sent": 0.01,
            "pricing_StartRequest": 4e-07
        },
        "provider_5": {
            "name": "aws",
            "estimated_latency": [
                5.74428739269639,
                8.775395160491367,
                0.8834860504129205,
                1.8690440540540751,
                8.082591174177113,
                0.0,
                8.907047305737246,
                9.344043543602275,
                1.1089482163902566,
                4.740987117105485,
                4.706383316031705,
                8.005222183252323,
                8.069730493887837,
                1.9988592627192656,
                5.783324110408533,
                6.891979272670814
            ],
            "leave": false,
            "pricing_Storage_Transfer": 0,
            "max_RAM_curr": 0.43230503462568537,
            "pricing_RAM": 5,
            "pricing_data_sent": 0.01,
            "pricing_StartRequest": 4e-07
        },
        "provider_6": {
            "name": "aws",
            "estimated_latency": [
                0.6851955559937993,
                5.896828921233482,
                4.754385567062463,
                7.649568716845791,
                9.47286838926533,
                8.907047305737246,
                0.0,
                5.442292949028943,
                4.7121462957295766,
                2.962566284337826,
                7.117102607513245,
                8.88596122507537,
                2.2016582525429755,
                2.194996723959657,
                3.777061127862494,
                2.3836395334969582
            ],
            "leave": false,
            "pricing_Storage_Transfer": 0,
            "max_RAM_curr": 0.5043432118271869,
            "pricing_RAM": 5,
            "pricing_data_sent": 0.01,
            "pricing_StartRequest": 4e-07
        },
        "provider_7": {
            "name": "aws",
            "estimated_latency": [
                1.6262122181215017,
                1.16219744981516,
                0.884186606522947,
                4.342285376420174,
                3.3110165132800167,
                9.344043543602275,
                5.442292949028943,
                0.0,
                0.7041084600758715,
                6.570057288518146,
                2.2054661358770207,
                5.161481819870774,
                9.344312593036435,
                8.632891955487995,
                3.577917338607133,
                2.8203090891610056
            ],
            "leave": false,
            "pricing_Storage_Transfer": 0,
            "max_RAM_curr": 1.4853062794420202,
            "pricing_RAM": 5,
            "pricing_data_sent": 0.01,
            "pricing_StartRequest": 4e-07
        },
        "provider_8": {
            "name": "aws",
            "estimated_latency": [
                8.586312413167711,
                1.6312344954408735,
                8.618689113427473,
                8.585838647158228,
                7.395938337266564,
                1.1089482163902566,
                4.7121462957295766,
                0.7041084600758715,
                0.0,
                0.2961526455243383,
                8.937763669446506,
                9.278517107152775,
                5.547866754363318,
                6.700505734548176,
                5.833279899671369,
                5.889906015664366
            ],
            "leave": false,
            "pricing_Storage_Transfer": 0,
            "max_RAM_curr": 0.1175932945976318,