{
    "name": "cloud_2_371",
    "num_nodes": 12,
    "num_leaves": 1,
    "providers": {
        "provider_0": {
            "name": "aws",
            "leave": true,
            "estimated_latency": [
                0.0,
                3.329980531940651,
                2.6410777361376283,
                0.15978897914426007,
                9.649192190198109,
                2.602936863761021,
                5.986196441549231,
                9.535983422495887,
                9.430227007463298,
                2.268293405440567,
                2.092683139055516,
                3.874529835826665
            ],
            "pricing_Storage_Transfer": 0,
            "max_RAM_curr": 0.6547170745755274,
            "pricing_RAM": 5,
            "pricing_data_sent": 0.01,
            "pricing_StartRequest": 4e-07
        },
        "provider_1": {
            "name": "aws",
            "estimated_latency": [
                3.329980531940651,
                0.0,
                1.734052948482629,
                7.868225605909228,
                7.950059712915114,
                6.0529774506139145,
                0.4642875930211978,
                2.5209619897634026,
                2.91822879744855,
                0.2269060104866565,
                0.21305686010563685,
                1.3104696553067068
            ],
            "leave": false,
            "pricing_Storage_Transfer": 0,
            "max_RAM_curr": 5.953395458028394,
            "pricing_RAM": 5,
            "pricing_data_sent": 0.01,
            "pricing_StartRequest": 4e-07
        },
        "provider_2": {
            "name": "aws",
            "estimated_latency": [
                2.6410777361376283,
                1.734052948482629,
                0.0,
                1.2255266593380403,
                4.903212670125511,
                2.274805842602917,
                7.403204131776804,
                9.10789417810967,
                0.6322146381364961,
                1.5582445177302096,
                9.618397166510766,
                8.897428055530693
            ],
            "leave": false,
            "pricing_Storage_Transfer": 0,
            "max_RAM_curr": 2.283725086526862,
            "pricing_RAM": 5,
            "pricing_data_sent": 0.01,
            "pricing_StartRequest": 4e-07
        },
        "provider_3": {
            "name": "aws",
            "estimated_latency": [
                0.15978897914426007,
                7.868225605909228,
                1.2255266593380403,
                0.0,
                9.383504654789466,
                3.613296517149157,
                7.379973321087554,
                7.536821562268427,
                5.942466749175036,
                0.4868786766302816,
                4.756579653098358,
                9.48248368624722
            ],
            "leave": false,
            "pricing_Storage_Transfer": 0,
            "max_RAM_curr": 0.29298467716247056,
            "pricing_RAM": 5,
            "pricing_data_sent": 0.01,
            "pricing_StartRequest": 4e-07
        },
        "provider_4": {
            "name": "aws",
            "estimated_latency": [
                9.649192190198109,
                7.950059712915114,
                4.903212670125511,
                9.383504654789466,
                0.0,
                6.0996000187366395,
                8.567470564161754,
                2.116195897931979,
                2.9491011692655036,
                4.296035783165751,
                5.410168291490266,
                1.8331762920726362
            ],
            "leave": false,
            "pricing_Storage_Transfer": 0,
            "max_RAM_curr": 0.15819361455176764,
            "pricing_RAM": 5,
            "pricing_data_sent": 0.01,
            "pricing_StartRequest": 4e-07
        },
        "provider_5": {
            "name": "aws",
            "estimated_latency": [
                2.602936863761021,
                6.0529774506139145,
                2.274805842602917,
                3.613296517149157,
                6.0996000187366395,
                0.0,
                6.29426199004359,
                1.5276201462071304,
                2.066875493874897,
                5.567075414902737,
                8.970400415897913,
                0.45148631355905466
            ],
            "leave": false,
            "pricing_Storage_Transfer": 0,
            "max_RAM_curr": 0.8181805499247213,
            "pricing_RAM": 5,
            "pricing_data_sent": 0.01,
            "pricing_StartRequest": 4e-07
        },
        "provider_6": {
            "name": "aws",
            "estimated_latency": [
                5.986196441549231,
                0.4642875930211978,
                7.403204131776804,
                7.379973321087554,
                8.567470564161754,
                6.29426199004359,
                0.0,
                5.023681257791707,
                9.399281888289263,
                5.415623198063673,
                0.7274958138239015,
                8.34983401306392
            ],
            "leave": false,
            "pricing_Storage_Transfer": 0,
            "max_RAM_curr": 3.933790231852749,
            "pricing_RAM": 5,
            "pricing_data_sent": 0.01,
            "pricing_StartRequest": 4e-07
        },
        "provider_7": {
            "name": "aws",
            "estimated_latency": [
                9.535983422495887,
                2.5209619897634026,
                9.10789417810967,
                7.536821562268427,
                2.116195897931979,
                1.5276201462071304,
                5.023681257791707,
                0.0,
                9.180899038389738,
                7.451863626148469,
                0.6705513446009392,
                4.6108496708618025
            ],
            "leave": false,
            "pricing_Storage_Transfer": 0,
            "max_RAM_curr": 1.605521112607776,
            "pricing_RAM": 5,
            "pricing_data_sent": 0.01,
            "pricing_StartRequest": 4e-07
        },
        "provider_8": {
            "name": "aws",
            "estimated_latency": [
                9.430227007463298,
                2.91822879744855,
                0.6322146381364961,
                5.942466749175036,
                2.9491011692655036,
                2.066875493874897,
                9.399281888289263,
                9.180899038389738,
                0.0,
                3.9370551816951447,
                3.104034141451973,
                1.2326012151851486
            ],
            "leave": false,
            "pricing_Storage_Transfer": 0,
            "max_RAM_curr": 3.3847481974929465,
            "pricing_RAM": 5,
            "pricing_data_sent": 0.01,
            "pricing_StartRequest": 4e-07
        },
        "provider_9": {
            "name": "aws",
            "estimated_latency": [
                2.268293405440567,
                0.2269060104866565,
                1.5582445177302096,
                0.4868786766302816,
                4.296035783165751,
                5.567075414902737,
                5.415623198063673,
                7.451863626148469,
                3.9370551816951447,
                0.0,
                2.992535194084419,
                9.382003070335498
            ],
            "leave": false,
            "pricing_Storage_Transfer": 0,
            "max_RAM_curr": 8.026781281760622,
            "pricing_RAM": 5,
            "pricing_data_sent": 0.01,
            "pricing_StartRequest": 4e-07
        },
        "provider_10": {
            "name": "aws",