{
    "name": "cloud_2_597",
    "num_nodes": 15,
    "num_leaves": 1,
    "providers": {
        "provider_0": {
            "name": "aws",
            "leave": true,
            "estimated_latency": [
                0.0,
                7.369972622248161,
                7.24756404671335,
                5.548668509016245,
                1.4566394455750873,
                2.358215522712661,
                9.025074097452775,
                8.352533411825293,
                6.225806870792443,
                9.429276021962512,
                6.9365053634902205,
                5.494179206131725,
                5.874191957253724,
                8.556216106306646,
                0.10044529998478044
            ],
            "pricing_Storage_Transfer": 0,
            "max_RAM_curr": 0.27188794869900446,
            "pricing_RAM": 5,
            "pricing_data_sent": 0.01,
            "pricing_StartRequest": 4e-07
        },
        "provider_1": {
            "name": "aws",
            "estimated_latency": [
                7.369972622248161,
                0.0,
                0.6312308884785527,
                0.7930465416510676,
                0.5592377536978967,
                9.52287172046784,
                3.630937113671174,
                3.902529581588865,
                4.982365638284353,
                6.261679794459023,
                5.881920582224283,
                5.113106669969047,
                4.66972390499397,
                0.31196849022377915,
                6.670442157053249
            ],
            "leave": false,
            "pricing_Storage_Transfer": 0,
            "max_RAM_curr": 0.10106004246503815,
            "pricing_RAM": 5,
            "pricing_data_sent": 0.01,
            "pricing_StartRequest": 4e-07
        },
        "provider_2": {
            "name": "aws",
            "estimated_latency": [
                7.24756404671335,
                0.6312308884785527,
                0.0,
                2.457388165303455,
                2.1139250420792663,
                0.23752628335249176,
                5.167476375166046,
                0.7124474773923264,
                5.409993309045075,
                9.11195103646422,
                6.930533929246331,
                0.4965838602277677,
                6.131260505665708,
                2.2839521426372906,
                7.324976622646121
            ],
            "leave": false,
            "pricing_Storage_Transfer": 0,
            "max_RAM_curr": 0.03216204874590333,
            "pricing_RAM": 5,
            "pricing_data_sent": 0.01,
            "pricing_StartRequest": 4e-07
        },
        "provider_3": {
            "name": "aws",
            "estimated_latency": [
                5.548668509016245,
                0.7930465416510676,
                2.457388165303455,
                0.0,
                3.7947874040755174,
                5.957580514197772,
                8.883623900919758,
                4.233606162366736,
                2.239420330138718,
                3.0759696261812404,
                1.9476339707053352,
                7.235523622077373,
                1.7047890256478186,
                9.76860965205151,
                6.723691883005032
            ],
            "leave": false,
            "pricing_Storage_Transfer": 0,
            "max_RAM_curr": 0.09632927460485517,
            "pricing_RAM": 5,
            "pricing_data_sent": 0.01,
            "pricing_StartRequest": 4e-07
        },
        "provider_4": {
            "name": "aws",
            "estimated_latency": [
                1.4566394455750873,
                0.5592377536978967,
                2.1139250420792663,
                3.7947874040755174,
                0.0,
                6.595277714866804,
                5.435747272615082,
                7.422535299857589,
                8.296660855429964,
                1.64778691021396,
                9.493564052002304,
                0.15055788725751665,
                6.577354913805649,
                5.022107228231601,
                2.5883689770374327
            ],
            "leave": false,
            "pricing_Storage_Transfer": 0,
            "max_RAM_curr": 0.015312775997278837,
            "pricing_RAM": 5,
            "pricing_data_sent": 0.01,
            "pricing_StartRequest": 4e-07
        },
        "provider_5": {
            "name": "aws",
            "estimated_latency": [
                2.358215522712661,
                9.52287172046784,
                0.23752628335249176,
                5.957580514197772,
                6.595277714866804,
                0.0,
                7.909580302240002,
                8.25623070820779,
                8.15134726420911,
                7.251777233060115,
                0.14705683846730253,
                6.114067604666911,
                4.975450937478328,
                4.036842399463825,
                1.2081945999635324
            ],
            "leave": false,
            "pricing_Storage_Transfer": 0,
            "max_RAM_curr": 0.040396744034426994,
            "pricing_RAM": 5,
            "pricing_data_sent": 0.01,
            "pricing_StartRequest": 4e-07
        },
        "provider_6": {
            "name": "aws",
            "estimated_latency": [
                9.025074097452775,
                3.630937113671174,
                5.167476375166046,
                8.883623900919758,
                5.435747272615082,
                7.909580302240002,
                0.0,
                1.3506711491026442,
                6.653988503726946,
                4.1712233101655976,
                5.4596690040418,
                4.001395747079298,
                7.511858775616287,
                3.5058867664777034,
                0.8449063702609336
            ],
            "leave": false,
            "pricing_Storage_Transfer": 0,
            "max_RAM_curr": 0.028202026527716525,
            "pricing_RAM": 5,
            "pricing_data_sent": 0.01,
            "pricing_StartRequest": 4e-07
        },
        "provider_7": {
            "name": "aws",
            "estimated_latency": [
                8.352533411825293,
                3.902529581588865,
                0.7124474773923264,
                4.233606162366736,
                7.422535299857589,
                8.25623070820779,
                1.3506711491026442,
                0.0,
                5.784990873967987,
                9.0513087859825,
                5.885271837415466,
                8.244736443956613,
                3.427731980528409,
                4.6631955989078655,
                3.2355741751757106
            ],
            "leave": false,
            "pricing_Storage_Transfer": 0,
            "max_RAM_curr": 0.021220291870446165,
            "pricing_RAM": 5,
            "pricing_data_sent": 0.01,
            "pricing_StartRequest": 4e-07
        },
        "provider_8": {
            "name": "aws",
            "estimated_latency": [
                6.225806870792443,
                4.982365638284353,
                5.409993309045075,
                2.239420330138718,
                8.296660855429964,
                8.15134726420911,
                6.653988503726946,
                5.784990873967987,
                0.0,
                0.8223496786426413,
                2.425638505755128,
                2.1374629020337554,
                0.8087970384255083,
                9.638134642073762,
                0.40069597599317863
            ],
            "leave": false,
            "pricing_Storage_Transfer": 0,
            "max_RAM_curr": 0.338771157872039,
            "pricing_RAM": 5,
            "pricing_data_sent": 0.01,
            "pricing_StartRequest": 4e-07
        },
        "provider_9": {
            "name": "aws",