{
    "name": "cloud_2_329",
    "num_nodes": 15,
    "num_leaves": 1,
    "providers": {
        "provider_0": {
            "name": "aws",
            "leave": true,
            "estimated_latency": [
                0.0,
                9.690990125484296,
                7.589324756345914,
                4.161683215313149,
                6.596298834657476,
                1.1279202366915735,
                3.833987240148683,
                8.073377479295921,
                1.5064931020899712,
                4.665731317933715,
                4.746613012590579,
                3.322827811724154,
                4.107154817429129,
                5.861288040175403,
                1.7586792234047586
            ],
            "pricing_Storage_Transfer": 0,
            "max_RAM_curr": 6.628819365607893,
            "pricing_RAM": 5,
            "pricing_data_sent": 0.01,
            "pricing_StartRequest": 4e-07
        },
        "provider_1": {
            "name": "aws",
            "estimated_latency": [
                9.690990125484296,
                0.0,
                9.277690700423562,
                8.980117077728602,
                9.226653684681828,
                6.900804184416596,
                8.783936130503363,
                2.848409408283174,
                0.2622943170217237,
                1.8603082680288945,
                0.7854668557246878,
                6.8363143548010274,
                0.5796761233187896,
                2.5785129346080367,
                1.7920764187125517
            ],
            "leave": false,
            "pricing_Storage_Transfer": 0,
            "max_RAM_curr": 0.7417493747904885,
            "pricing_RAM": 5,
            "pricing_data_sent": 0.01,
            "pricing_StartRequest": 4e-07
        },
        "provider_2": {
            "name": "aws",
            "estimated_latency": [
                7.589324756345914,
                9.277690700423562,
                0.0,
                8.977801950056296,
                6.745010313888751,
                7.543388425083687,
                2.355471179616678,
                5.178956802954937,
                1.6755919357661702,
                5.3560197659022135,
                8.103658210343994,
                2.3689948780415597,
                9.165420938170033,
                5.645426904533178,
                3.1939453578626273
            ],
            "leave": false,
            "pricing_Storage_Transfer": 0,
            "max_RAM_curr": 2.3913104554096285,
            "pricing_RAM": 5,
            "pricing_data_sent": 0.01,
            "pricing_StartRequest": 4e-07
        },
        "provider_3": {
            "name": "aws",
            "estimated_latency": [
                4.161683215313149,
                8.980117077728602,
                8.977801950056296,
                0.0,
                1.177848126291587,
                1.9316029142110216,
                3.8342874170917303,
                9.66762925456506,
                3.7365322813173902,
                6.130034474786224,
                7.896081131842347,
                0.8504032908187209,
                2.9533199339967418,
                5.607982281967313,
                6.4866146791203985
            ],
            "leave": false,
            "pricing_Storage_Transfer": 0,
            "max_RAM_curr": 24.20082745293807,
            "pricing_RAM": 5,
            "pricing_data_sent": 0.01,
            "pricing_StartRequest": 4e-07
        },
        "provider_4": {
            "name": "aws",
            "estimated_latency": [
                6.596298834657476,
                9.226653684681828,
                6.745010313888751,
                1.177848126291587,
                0.0,
                4.736027309600719,
                2.4474036931160805,
                0.45301452811148135,
                0.1441659788427883,
                9.298500986692723,
                4.888735386466717,
                2.582462026328918,
                3.9328585016223117,
                6.912712340376248,
                3.358175305829962
            ],
            "leave": false,
            "pricing_Storage_Transfer": 0,
            "max_RAM_curr": 0.9325101304016679,
            "pricing_RAM": 5,
            "pricing_data_sent": 0.01,
            "pricing_StartRequest": 4e-07
        },
        "provider_5": {
            "name": "aws",
            "estimated_latency": [
                1.1279202366915735,
                6.900804184416596,
                7.543388425083687,
                1.9316029142110216,
                4.736027309600719,
                0.0,
                9.739862702451775,
                3.3213817387554965,
                6.840331232363743,
                3.4563901930472762,
                0.49199760466073494,
                3.7803113992015462,
                5.728975254573453,
                2.4072514250011863,
                9.899986761812297
            ],
            "leave": false,
            "pricing_Storage_Transfer": 0,
            "max_RAM_curr": 1.3394434819453582,
            "pricing_RAM": 5,
            "pricing_data_sent": 0.01,
            "pricing_StartRequest": 4e-07
        },
        "provider_6": {
            "name": "aws",
            "estimated_latency": [
                3.833987240148683,
                8.783936130503363,
                2.355471179616678,
                3.8342874170917303,
                2.4474036931160805,
                9.739862702451775,
                0.0,
                4.573766954397,
                9.534558235949449,
                5.093957709493382,
                1.3218614811515315,
                7.8614295345354055,
                9.795556403039551,
                9.176448887786954,
                8.540336621222272
            ],
            "leave": false,
            "pricing_Storage_Transfer": 0,
            "max_RAM_curr": 1.2153488650428947,
            "pricing_RAM": 5,
            "pricing_data_sent": 0.01,
            "pricing_StartRequest": 4e-07
        },
        "provider_7": {
            "name": "aws",
            "estimated_latency": [
                8.073377479295921,
                2.848409408283174,
                5.178956802954937,
                9.66762925456506,
                0.45301452811148135,
                3.3213817387554965,
                4.573766954397,
                0.0,
                3.0485458884310903,
                8.638260857006495,
                4.055589957835019,
                4.063276894032657,
                4.74650555100335,
                7.085676780731763,
                7.419591594889996
            ],
            "leave": false,
            "pricing_Storage_Transfer": 0,
            "max_RAM_curr": 9.858122702844359,
            "pricing_RAM": 5,
            "pricing_data_sent": 0.01,
            "pricing_StartRequest": 4e-07
        },
        "provider_8": {
            "name": "aws",
            "estimated_latency": [
                1.5064931020899712,
                0.2622943170217237,
                1.6755919357661702,
                3.7365322813173902,
                0.1441659788427883,
                6.840331232363743,
                9.534558235949449,
                3.0485458884310903,
                0.0,
                8.667721675282978,
                1.2464981952460232,
                5.160582882755887,
                9.145240610038462,
                5.438967116893265,
                5.9414512824818955
            ],
            "leave": false,
            "pricing_Storage_Transfer": 0,
            "max_RAM_curr": 2.233641078684213,
            "pricing_RAM": 5,
            "pricing_data_sent": 0.01,
            "pricing_StartRequest": 4e-07
        },
        "provider_9": {
            "name": "aws",