{
    "name": "cloud_2_377",
    "num_nodes": 14,
    "num_leaves": 1,
    "providers": {
        "provider_0": {
            "name": "aws",
            "leave": true,
            "estimated_latency": [
                0.0,
                7.667889655455393,
                7.596042768287383,
                3.817665771415009,
                9.657746908417725,
                5.807469489560433,
                7.231805305992088,
                3.6510446056799846,
                5.052011411837816,
                8.968575797452594,
                2.607621260144368,
                5.2368869660700605,
                0.22991745385406334,
                8.93070208927274
            ],
            "pricing_Storage_Transfer": 0,
            "max_RAM_curr": 0.6778374610665399,
            "pricing_RAM": 5,
            "pricing_data_sent": 0.01,
            "pricing_StartRequest": 4e-07
        },
        "provider_1": {
            "name": "aws",
            "estimated_latency": [
                7.667889655455393,
                0.0,
                3.620786164104178,
                7.915554641392421,
                4.308681921123264,
                6.019087030843231,
                2.8227745865582525,
                6.634183689112426,
                3.776434696926665,
                5.183710257050946,
                5.744313705497676,
                0.33693703224329974,
                3.8209453532716537,
                5.33035253032003
            ],
            "leave": false,
            "pricing_Storage_Transfer": 0,
            "max_RAM_curr": 0.7625432620640443,
            "pricing_RAM": 5,
            "pricing_data_sent": 0.01,
            "pricing_StartRequest": 4e-07
        },
        "provider_2": {
            "name": "aws",
            "estimated_latency": [
                7.596042768287383,
                3.620786164104178,
                0.0,
                6.816665751469883,
                7.577180475565128,
                5.005140164857899,
                6.233952568834278,
                3.7310239776870597,
                3.490785214655921,
                5.575181548951381,
                7.116226757478872,
                2.7825331583090227,
                2.1043158956318697,
                3.934506241137366
            ],
            "leave": false,
            "pricing_Storage_Transfer": 0,
            "max_RAM_curr": 1.1513445723061018,
            "pricing_RAM": 5,
            "pricing_data_sent": 0.01,
            "pricing_StartRequest": 4e-07
        },
        "provider_3": {
            "name": "aws",
            "estimated_latency": [
                3.817665771415009,
                7.915554641392421,
                6.816665751469883,
                0.0,
                9.228409698356645,
                9.560902579126282,
                7.494953679067544,
                0.9603825029849931,
                9.819900880975746,
                2.685341789353909,
                1.0188556735951964,
                2.0440952734530544,
                7.455092346538926,
                0.3728855017769891
            ],
            "leave": false,
            "pricing_Storage_Transfer": 0,
            "max_RAM_curr": 3.4501595669138116,
            "pricing_RAM": 5,
            "pricing_data_sent": 0.01,
            "pricing_StartRequest": 4e-07
        },
        "provider_4": {
            "name": "aws",
            "estimated_latency": [
                9.657746908417725,
                4.308681921123264,
                7.577180475565128,
                9.228409698356645,
                0.0,
                3.6672866637953367,
                1.2662281477401967,
                9.04921807069009,
                5.3766651880259175,
                6.7544029333542195,
                5.942191689515069,
                6.704172614161052,
                7.755217646503812,
                0.4405890069122522
            ],
            "leave": false,
            "pricing_Storage_Transfer": 0,
            "max_RAM_curr": 0.576862943711296,
            "pricing_RAM": 5,
            "pricing_data_sent": 0.01,
            "pricing_StartRequest": 4e-07
        },
        "provider_5": {
            "name": "aws",
            "estimated_latency": [
                5.807469489560433,
                6.019087030843231,
                5.005140164857899,
                9.560902579126282,
                3.6672866637953367,
                0.0,
                1.3851443544747297,
                3.4995141948650024,
                4.633300113214658,
                6.360175296298113,
                9.563056696953256,
                6.2982851299381455,
                1.1485640274476732,
                0.5721584626111731
            ],
            "leave": false,
            "pricing_Storage_Transfer": 0,
            "max_RAM_curr": 1.9908645804075626,
            "pricing_RAM": 5,
            "pricing_data_sent": 0.01,
            "pricing_StartRequest": 4e-07
        },
        "provider_6": {
            "name": "aws",
            "estimated_latency": [
                7.231805305992088,
                2.8227745865582525,
                6.233952568834278,
                7.494953679067544,
                1.2662281477401967,
                1.3851443544747297,
                0.0,
                7.037086321191565,
                9.799831365471748,
                9.318077103553264,
                0.8459763235420588,
                0.6484382801993608,
                0.5914826616937001,
                2.117014109457382
            ],
            "leave": false,
            "pricing_Storage_Transfer": 0,
            "max_RAM_curr": 4.166793187387351,
            "pricing_RAM": 5,
            "pricing_data_sent": 0.01,
            "pricing_StartRequest": 4e-07
        },
        "provider_7": {
            "name": "aws",
            "estimated_latency": [
                3.6510446056799846,
                6.634183689112426,
                3.7310239776870597,
                0.9603825029849931,
                9.04921807069009,
                3.4995141948650024,
                7.037086321191565,
                0.0,
                7.440452573572296,
                1.803471900457402,
                4.103148400922758,
                8.478662601010768,
                2.731586716723042,
                1.5371307492959636
            ],
            "leave": false,
            "pricing_Storage_Transfer": 0,
            "max_RAM_curr": 0.38428451439383665,
            "pricing_RAM": 5,
            "pricing_data_sent": 0.01,
            "pricing_StartRequest": 4e-07
        },
        "provider_8": {
            "name": "aws",
            "estimated_latency": [
                5.052011411837816,
                3.776434696926665,
                3.490785214655921,
                9.819900880975746,
                5.3766651880259175,
                4.633300113214658,
                9.799831365471748,
                7.440452573572296,
                0.0,
                8.182066099390179,
                5.8364999376615945,
                1.2133120989519126,
                3.650163801760165,
                0.5794821198130687
            ],
            "leave": false,
            "pricing_Storage_Transfer": 0,
            "max_RAM_curr": 0.08736601621891266,
            "pricing_RAM": 5,
            "pricing_data_sent": 0.01,
            "pricing_StartRequest": 4e-07
        },
        "provider_9": {
            "name": "aws",