{
    "name": "cloud_2_801",
    "num_nodes": 17,
    "num_leaves": 1,
    "providers": {
        "provider_0": {
            "name": "aws",
            "leave": true,
            "estimated_latency": [
                0.0,
                1.9690008552136653,
                2.6367328057985424,
                7.087716493541698,
                9.475776433726868,
                2.157925268776094,
                5.045324825600001,
                9.437680896401261,
                6.768714821911299,
                5.753991079997047,
                1.8205014511942639,
                6.085137664016137,
                9.867120287715686,
                8.894733002194608,
                5.2362734311333545,
                7.6090668644549915,
                5.995887818586463
            ],
            "pricing_Storage_Transfer": 0,
            "max_RAM_curr": 0.8895556221885897,
            "pricing_RAM": 5,
            "pricing_data_sent": 0.01,
            "pricing_StartRequest": 4e-07
        },
        "provider_1": {
            "name": "aws",
            "estimated_latency": [
                1.9690008552136653,
                0.0,
                5.769350751788262,
                7.558516350348791,
                4.033440489836396,
                5.502970060808028,
                5.729801710157783,
                2.6079286034814713,
                0.7868483457315405,
                7.756934842540639,
                4.572884675755503,
                2.5989844403293305,
                1.0176734935013456,
                0.817900000637599,
                9.07377670206988,
                1.6775524475057477,
                5.478320416350521
            ],
            "leave": false,
            "pricing_Storage_Transfer": 0,
            "max_RAM_curr": 2.7566846529148616,
            "pricing_RAM": 5,
            "pricing_data_sent": 0.01,
            "pricing_StartRequest": 4e-07
        },
        "provider_2": {
            "name": "aws",
            "estimated_latency": [
                2.6367328057985424,
                5.769350751788262,
                0.0,
                9.286659556910788,
                7.849475322830207,
                8.139565838397258,
                4.0900575669175465,
                3.597757557063732,
                5.751097784756134,
                6.892803667823416,
                3.4656270664317335,
                3.729322806225127,
                1.8166248988531648,
                1.711983682881395,
                8.630317350381555,
                0.9410622456091908,
                0.2837814042426553
            ],
            "leave": false,
            "pricing_Storage_Transfer": 0,
            "max_RAM_curr": 9.978875476551769,
            "pricing_RAM": 5,
            "pricing_data_sent": 0.01,
            "pricing_StartRequest": 4e-07
        },
        "provider_3": {
            "name": "aws",
            "estimated_latency": [
                7.087716493541698,
                7.558516350348791,
                9.286659556910788,
                0.0,
                2.9694736780284345,
                5.130850529338123,
                5.403082857225216,
                1.45028784175631,
                4.471322415885074,
                6.227787963920849,
                7.036282031934765,
                3.2043670592720885,
                1.1292221899946382,
                1.724891256247282,
                2.0939444443553232,
                8.428818500060913,
                1.2689172572379936
            ],
            "leave": false,
            "pricing_Storage_Transfer": 0,
            "max_RAM_curr": 8.397574400076373,
            "pricing_RAM": 5,
            "pricing_data_sent": 0.01,
            "pricing_StartRequest": 4e-07
        },
        "provider_4": {
            "name": "aws",
            "estimated_latency": [
                9.475776433726868,
                4.033440489836396,
                7.849475322830207,
                2.9694736780284345,
                0.0,
                4.286106569077642,
                6.964073642355188,
                5.4804155336553695,
                8.873205807258147,
                3.1321253967932323,
                9.825899270166717,
                2.6373422308260657,
                5.492787624587673,
                4.764909851513547,
                3.2623315146126304,
                4.432033060345283,
                1.0118924971136047
            ],
            "leave": false,
            "pricing_Storage_Transfer": 0,
            "max_RAM_curr": 30.439445281105588,
            "pricing_RAM": 5,
            "pricing_data_sent": 0.01,
            "pricing_StartRequest": 4e-07
        },
        "provider_5": {
            "name": "aws",
            "estimated_latency": [
                2.157925268776094,
                5.502970060808028,
                8.139565838397258,
                5.130850529338123,
                4.286106569077642,
                0.0,
                7.168771114663142,
                9.036024276112418,
                1.861365976593888,
                3.804637539228774,
                5.142741318958183,
                2.0369187457758877,
                5.1336630761590945,
                9.404171913897564,
                6.466111642777151,
                8.77438846771512,
                1.6643503465773952
            ],
            "leave": false,
            "pricing_Storage_Transfer": 0,
            "max_RAM_curr": 59.08788275593876,
            "pricing_RAM": 5,
            "pricing_data_sent": 0.01,
            "pricing_StartRequest": 4e-07
        },
        "provider_6": {
            "name": "aws",
            "estimated_latency": [
                5.045324825600001,
                5.729801710157783,
                4.0900575669175465,
                5.403082857225216,
                6.964073642355188,
                7.168771114663142,
                0.0,
                2.9442514845243464,
                4.433710762595506,
                0.6936877856953848,
                5.3898413963351155,
                8.939084369400952,
                8.336009259040338,
                6.71683321367075,
                4.5096145216509225,
                1.5416362152478342,
                0.9023642999800349
            ],
            "leave": false,
            "pricing_Storage_Transfer": 0,
            "max_RAM_curr": 4.668517958466584,
            "pricing_RAM": 5,
            "pricing_data_sent": 0.01,
            "pricing_StartRequest": 4e-07
        },
        "provider_7": {
            "name": "aws",
            "estimated_latency": [
                9.437680896401261,
                2.6079286034814713,
                3.597757557063732,
                1.45028784175631,
                5.4804155336553695,
                9.036024276112418,
                2.9442514845243464,
                0.0,
                1.3833390186143044,
                1.003545500373252,
                3.2516684744524107,
                2.3069730739146217,
                2.35314353613839,
                3.3486548355481154,
                5.535572205853703,
                0.4129793785328971,
                7.402792110958401
            ],
            "leave": false,
            "pricing_Storage_Transfer": 0,
            "max_RAM_curr": 6.906297459478884,
            "pricing_RAM": 5,
            "pricing_data_sent": 0.01,
            "pricing_StartRequest": 4e-07
        },
        "provider_8": {
            "name": "aws",