{
    "name": "cloud_2_202",
    "num_nodes": 19,
    "num_leaves": 1,
    "providers": {
        "provider_0": {
            "name": "aws",
            "leave": true,
            "estimated_latency": [
                0.0,
                5.848979096024293,
                8.932084018897065,
                9.08706321277239,
                2.981806990157642,
                8.911156285224708,
                9.087545347647728,
                4.268071508061668,
                6.265820148671083,
                5.964145834077437,
                2.716275157783989,
                6.115430460587089,
                3.67328554313963,
                9.687463954978057,
                1.9030373731688695,
                5.24486203793338,
                9.580594173887448,
                7.816550917068865,
                7.667394795223043
            ],
            "pricing_Storage_Transfer": 0,
            "max_RAM_curr": 2.8931131422326257,
            "pricing_RAM": 5,
            "pricing_data_sent": 0.01,
            "pricing_StartRequest": 4e-07
        },
        "provider_1": {
            "name": "aws",
            "estimated_latency": [
                5.848979096024293,
                0.0,
                0.13371669244608445,
                0.36420180671033897,
                1.238124869905511,
                0.35023575792701067,
                5.4068132226072665,
                2.8642938889314857,
                4.468609597125546,
                7.245766642457479,
                5.180480754088264,
                3.5603155431650086,
                2.82904754142102,
                9.922758415364726,
                0.6527297245016627,
                8.864432383347006,
                7.175011337317899,
                6.3486902169608355,
                3.3782437571660218
            ],
            "leave": false,
            "pricing_Storage_Transfer": 0,
            "max_RAM_curr": 0.9259827543659168,
            "pricing_RAM": 5,
            "pricing_data_sent": 0.01,
            "pricing_StartRequest": 4e-07
        },
        "provider_2": {
            "name": "aws",
            "estimated_latency": [
                8.932084018897065,
                0.13371669244608445,
                0.0,
                8.3730277834644,
                3.2313555359563457,
                7.945586595173594,
                4.627380302240119,
                3.0750401850577993,
                2.5098260064900324,
                0.41282556170099616,
                5.312286057667947,
                4.119309935071926,
                0.13346147152420348,
                1.5525149224350738,
                7.4764333587230025,
                8.674484589456313,
                6.874082075828516,
                2.974200309282695,
                8.312243622062216
            ],
            "leave": false,
            "pricing_Storage_Transfer": 0,
            "max_RAM_curr": 6.950240317977753,
            "pricing_RAM": 5,
            "pricing_data_sent": 0.01,
            "pricing_StartRequest": 4e-07
        },
        "provider_3": {
            "name": "aws",
            "estimated_latency": [
                9.08706321277239,
                0.36420180671033897,
                8.3730277834644,
                0.0,
                1.8908184251337872,
                8.440185848359578,
                9.193717471255024,
                4.055703432607268,
                1.916348781217807,
                4.996931540946502,
                6.980565450538422,
                8.382860101768886,
                7.39572599516789,
                2.7625247232991916,
                5.5136738221932875,
                0.9620143218774548,
                5.4464793974914985,
                5.388487852819924,
                5.474420577696343
            ],
            "leave": false,
            "pricing_Storage_Transfer": 0,
            "max_RAM_curr": 0.0026886836841491743,
            "pricing_RAM": 5,
            "pricing_data_sent": 0.01,
            "pricing_StartRequest": 4e-07
        },
        "provider_4": {
            "name": "aws",
            "estimated_latency": [
                2.981806990157642,
                1.238124869905511,
                3.2313555359563457,
                1.8908184251337872,
                0.0,
                4.218833323486918,
                2.830004774187028,
                6.325095091500814,
                1.5748138591240475,
                3.017476826981206,
                1.340712506552147,
                7.181908965071553,
                2.0958523047407076,
                6.636717180870072,
                2.549875689476455,
                6.403008655291948,
                4.975115482858068,
                5.6988102987209075,
                5.243467349475039
            ],
            "leave": false,
            "pricing_Storage_Transfer": 0,
            "max_RAM_curr": 2.4759455147656717,
            "pricing_RAM": 5,
            "pricing_data_sent": 0.01,
            "pricing_StartRequest": 4e-07
        },
        "provider_5": {
            "name": "aws",
            "estimated_latency": [
                8.911156285224708,
                0.35023575792701067,
                7.945586595173594,
                8.440185848359578,
                4.218833323486918,
                0.0,
                1.7301006241207233,
                1.926239687356548,
                9.167922892286372,
                5.602452851276147,
                1.522627589997014,
                6.018125745492384,
                2.7001353213063375,
                1.0708406668031138,
                4.6189047298601205,
                4.802499602866293,
                9.473104933703056,
                6.7409823199285475,
                0.45010341055962044
            ],
            "leave": false,
            "pricing_Storage_Transfer": 0,
            "max_RAM_curr": 0.7710937135897764,
            "pricing_RAM": 5,
            "pricing_data_sent": 0.01,
            "pricing_StartRequest": 4e-07
        },
        "provider_6": {
            "name": "aws",
            "estimated_latency": [
                9.087545347647728,
                5.4068132226072665,
                4.627380302240119,
                9.193717471255024,
                2.830004774187028,
                1.7301006241207233,
                0.0,
                4.657269627300315,
                7.36461480327489,
                1.2656876542419628,
                2.971927956814393,
                2.9611085194742692,
                6.7012772857385645,
                8.513592037078045,
                1.2128239172134667,
                4.540678210492807,
                6.281071241907328,
                4.998104966264219,
                1.4464116875805326
            ],
            "leave": false,
            "pricing_Storage_Transfer": 0,
            "max_RAM_curr": 1.9107110024980913,
            "pricing_RAM": 5,
            "pricing_data_sent": 0.01,
            "pricing_StartRequest": 4e-07
        },
        "provider_7": {
            "name": "aws",
            "estimated_latency": [
                4.268071508061668,
                2.8642938889314857,
                3.0750401850577993,
                4.055703432607268,
                6.325095091500814,
                1.926239687356548,
                4.657269627300315,
                0.0,
                7.561134281568972,
                2.8019975597405096,
                3.0349676802469596,
                2.5893055167970833,
                8.675451556176972,
                6.039000966825649,
                1.682433164988589,
                2.250855241142791,
                5.292833920910034,
                8.033431803464888,
                8.325886967704557
            ],
            "leave": false,
            "pricing_Storage_Transfer": 0,
            "max_RAM_curr": 0.8332890245979697,
            "pricing_RAM": 5,