{
    "name": "cloud_2_217",
    "num_nodes": 11,
    "num_leaves": 1,
    "providers": {
        "provider_0": {
            "name": "aws",
            "leave": true,
            "estimated_latency": [
                0.0,
                7.567185784192934,
                5.889967313399701,
                1.6324162358887728,
                6.337697683730897,
                3.127986260742959,
                5.941777074213921,
                7.7113596330421235,
                3.5703588851362844,
                5.415915603012767,
                9.245915369614101
            ],
            "pricing_Storage_Transfer": 0,
            "max_RAM_curr": 1.9764196435759571,
            "pricing_RAM": 5,
            "pricing_data_sent": 0.01,
            "pricing_StartRequest": 4e-07
        },
        "provider_1": {
            "name": "aws",
            "estimated_latency": [
                7.567185784192934,
                0.0,
                1.9457983461246777,
                4.385957807406654,
                6.569149578032794,
                0.4186123665078364,
                7.403493728595958,
                9.820030837543529,
                4.41930171679306,
                1.9794288019190138,
                0.3027677448148125
            ],
            "leave": false,
            "pricing_Storage_Transfer": 0,
            "max_RAM_curr": 1.001603516996762,
            "pricing_RAM": 5,
            "pricing_data_sent": 0.01,
            "pricing_StartRequest": 4e-07
        },
        "provider_2": {
            "name": "aws",
            "estimated_latency": [
                5.889967313399701,
                1.9457983461246777,
                0.0,
                6.338445655469386,
                3.5532429823203704,
                3.6182236667807675,
                7.034702275031239,
                3.1852698947927434,
                2.1237804793846777,
                9.296437944102045,
                5.311877156704855
            ],
            "leave": false,
            "pricing_Storage_Transfer": 0,
            "max_RAM_curr": 0.6794073461023157,
            "pricing_RAM": 5,
            "pricing_data_sent": 0.01,
            "pricing_StartRequest": 4e-07
        },
        "provider_3": {
            "name": "aws",
            "estimated_latency": [
                1.6324162358887728,
                4.385957807406654,
                6.338445655469386,
                0.0,
                7.978580131959587,
                2.624460497777345,
                1.140323405795949,
                5.445239416588737,
                0.6427886544813615,
                4.642210189072511,
                6.00711796708382
            ],
            "leave": false,
            "pricing_Storage_Transfer": 0,
            "max_RAM_curr": 0.1507374740349604,
            "pricing_RAM": 5,
            "pricing_data_sent": 0.01,
            "pricing_StartRequest": 4e-07
        },
        "provider_4": {
            "name": "aws",
            "estimated_latency": [
                6.337697683730897,
                6.569149578032794,
                3.5532429823203704,
                7.978580131959587,
                0.0,
                5.761421978970107,
                2.8642451305582055,
                3.532192178009161,
                8.241053238222515,
                3.399031831766188,
                4.526395417679153
            ],
            "leave": false,
            "pricing_Storage_Transfer": 0,
            "max_RAM_curr": 2.2315500721197905,
            "pricing_RAM": 5,
            "pricing_data_sent": 0.01,
            "pricing_StartRequest": 4e-07
        },
        "provider_5": {
            "name": "aws",
            "estimated_latency": [
                3.127986260742959,
                0.4186123665078364,
                3.6182236667807675,
                2.624460497777345,
                5.761421978970107,
                0.0,
                6.486659725337091,
                1.7132452858129872,
                9.139316057259121,
                4.296728940974746,
                6.36251479266346
            ],
            "leave": false,
            "pricing_Storage_Transfer": 0,
            "max_RAM_curr": 1.2525951661685537,
            "pricing_RAM": 5,
            "pricing_data_sent": 0.01,
            "pricing_StartRequest": 4e-07
        },
        "provider_6": {
            "name": "aws",
            "estimated_latency": [
                5.941777074213921,
                7.403493728595958,
                7.034702275031239,
                1.140323405795949,
                2.8642451305582055,
                6.486659725337091,
                0.0,
                3.6853991594579854,
                4.023334918676653,
                7.33656556119392,
                5.187896993354092
            ],
            "leave": false,
            "pricing_Storage_Transfer": 0,
            "max_RAM_curr": 0.3334991132488409,
            "pricing_RAM": 5,
            "pricing_data_sent": 0.01,
            "pricing_StartRequest": 4e-07
        },
        "provider_7": {
            "name": "aws",
            "estimated_latency": [
                7.7113596330421235,
                9.820030837543529,
                3.1852698947927434,
                5.445239416588737,
                3.532192178009161,
                1.7132452858129872,
                3.6853991594579854,
                0.0,
                5.031016918882124,
                8.870765628772293,
                3.6424340172063974
            ],
            "leave": false,
            "pricing_Storage_Transfer": 0,
            "max_RAM_curr": 0.3525465430917639,
            "pricing_RAM": 5,
            "pricing_data_sent": 0.01,
            "pricing_StartRequest": 4e-07
        },
        "provider_8": {
            "name": "aws",
            "estimated_latency": [
                3.5703588851362844,
                4.41930171679306,
                2.1237804793846777,
                0.6427886544813615,
                8.241053238222515,
                9.139316057259121,
                4.023334918676653,
                5.031016918882124,
                0.0,
                6.19149945132613,
                9.837038061071443
            ],
            "leave": false,
            "pricing_Storage_Transfer": 0,
            "max_RAM_curr": 0.159709678018871,
            "pricing_RAM": 5,
            "pricing_data_sent": 0.01,
            "pricing_StartRequest": 4e-07
        },
        "provider_9": {
            "name": "aws",
            "estimated_latency": [
                5.415915603012767,
                1.9794288019190138,
                9.296437944102045,
                4.642210189072511,
                3.399031831766188,
                4.296728940974746,
                7.33656556119392,
                8.870765628772293,
                6.19149945132613,
                0.0,
                8.89170806961236
            ],
            "leave": false,
            "pricing_Storage_Transfer": 0,
            "max_RAM_curr": 0.6760195297396644,
            "pricing_RAM": 5,
            "pricing_data_sent": 0.01,
            "pricing_StartRequest": 4e-07
        },
        "provider_10": {
            "name": "aws",
            "estimated_latency": [
                9.245915369614101,
                0.3027677448148125,
                5.311877156704855,
                6.00711796708382,
                4.526395417679153,
                6.36251479266346,
                5.187896993354092,
                3.6424340172063974,
                9.837038061071443,
                8.89170806961236,
                0.0
            ],
            "leave": false,
            "pricing_Storage_Transfer": 0,
            "max_RAM_curr": 1.0751095140836653,
            "pricing_RAM": 5,
            "pricing_data_sent": 0.01,
            "pricing_StartRequest": 4e-07
        }
    }
}