{
    "name": "cloud_2_772",
    "num_nodes": 10,
    "num_leaves": 1,
    "providers": {
        "provider_0": {
            "name": "aws",
            "leave": true,
            "estimated_latency": [
                0.0,
                2.5053201642381437,
                1.2422562199536602,
                3.6871259886012355,
                6.10445080210672,
                6.465957858266603,
                0.6740675892008802,
                0.45328847243748516,
                3.3430651962768527,
                4.984355406147356
            ],
            "pricing_Storage_Transfer": 0,
            "max_RAM_curr": 1.0782691945798617,
            "pricing_RAM": 5,
            "pricing_data_sent": 0.01,
            "pricing_StartRequest": 4e-07,
            "max_ram_curr": 1.0782691945798617
        },
        "provider_1": {
            "name": "aws",
            "estimated_latency": [
                2.5053201642381437,
                0.0,
                0.6153375201432949,
                0.44402003251382893,
                9.871264892704305,
                3.2858371490793763,
                8.57812894566096,
                0.6990817897302671,
                1.0219995469566767,
                7.940187055423802
            ],
            "leave": false,
            "pricing_Storage_Transfer": 0,
            "max_RAM_curr": 0.05544918627647869,
            "pricing_RAM": 5,
            "pricing_data_sent": 0.01,
            "pricing_StartRequest": 4e-07,
            "max_ram_curr": 0.05544918627647869
        },
        "provider_2": {
            "name": "aws",
            "estimated_latency": [
                1.2422562199536602,
                0.6153375201432949,
                0.0,
                0.2563752381201254,
                0.7741646497694993,
                0.33670297167259733,
                2.1813683774854007,
                0.5335196950969832,
                1.5804164041439555,
                7.073015717627974
            ],
            "leave": false,
            "pricing_Storage_Transfer": 0,
            "max_RAM_curr": 0.2925488893020307,
            "pricing_RAM": 5,
            "pricing_data_sent": 0.01,
            "pricing_StartRequest": 4e-07,
            "max_ram_curr": 0.2925488893020307
        },
        "provider_3": {
            "name": "aws",
            "estimated_latency": [
                3.6871259886012355,
                0.44402003251382893,
                0.2563752381201254,
                0.0,
                8.00050334746561,
                7.7176607142515445,
                6.056662170792949,
                3.4353148100380597,
                6.495923452367164,
                1.9340958911306334
            ],
            "leave": false,
            "pricing_Storage_Transfer": 0,
            "max_RAM_curr": 10.1226400716245,
            "pricing_RAM": 5,
            "pricing_data_sent": 0.01,
            "pricing_StartRequest": 4e-07,
            "max_ram_curr": 10.1226400716245
        },
        "provider_4": {
            "name": "aws",
            "estimated_latency": [
                6.10445080210672,
                9.871264892704305,
                0.7741646497694993,
                8.00050334746561,
                0.0,
                2.164297922542872,
                7.800734720438247,
                4.423344043011074,
                2.56878819480412,
                8.374279425840093
            ],
            "leave": false,
            "pricing_Storage_Transfer": 0,
            "max_RAM_curr": 6.434568299817202,
            "pricing_RAM": 5,
            "pricing_data_sent": 0.01,
            "pricing_StartRequest": 4e-07,
            "max_ram_curr": 6.434568299817202
        },
        "provider_5": {
            "name": "aws",
            "estimated_latency": [
                6.465957858266603,
                3.2858371490793763,
                0.33670297167259733,
                7.7176607142515445,
                2.164297922542872,
                0.0,
                4.85864797405921,
                9.682165408162115,
                9.948968182822579,
                0.7009910331939468
            ],
            "leave": false,
            "pricing_Storage_Transfer": 0,
            "max_RAM_curr": 12.305960173742927,
            "pricing_RAM": 5,
            "pricing_data_sent": 0.01,
            "pricing_StartRequest": 4e-07,
            "max_ram_curr": 12.305960173742927
        },
        "provider_6": {
            "name": "aws",
            "estimated_latency": [
                0.6740675892008802,
                8.57812894566096,
                2.1813683774854007,
                6.056662170792949,
                7.800734720438247,
                4.85864797405921,
                0.0,
                3.051842339147539,
                3.1831079838882723,
                8.662673529743403
            ],
            "leave": false,
            "pricing_Storage_Transfer": 0,
            "max_RAM_curr": 4.283873155196487,
            "pricing_RAM": 5,
            "pricing_data_sent": 0.01,
            "pricing_StartRequest": 4e-07,
            "max_ram_curr": 4.283873155196487
        },
        "provider_7": {
            "name": "aws",
            "estimated_latency": [
                0.45328847243748516,
                0.6990817897302671,
                0.5335196950969832,
                3.4353148100380597,
                4.423344043011074,
                9.682165408162115,
                3.051842339147539,
                0.0,
                7.157206521970748,
                2.9573800700434307
            ],
            "leave": false,
            "pricing_Storage_Transfer": 0,
            "max_RAM_curr": 6.486898797665247,
            "pricing_RAM": 5,
            "pricing_data_sent": 0.01,
            "pricing_StartRequest": 4e-07,
            "max_ram_curr": 6.486898797665247
        },
        "provider_8": {
            "name": "aws",
            "estimated_latency": [
                3.3430651962768527,
                1.0219995469566767,
                1.5804164041439555,
                6.495923452367164,
                2.56878819480412,
                9.948968182822579,
                3.1831079838882723,
                7.157206521970748,
                0.0,
                1.4529357877793732
            ],
            "leave": false,
            "pricing_Storage_Transfer": 0,
            "max_RAM_curr": 17.529154257847154,
            "pricing_RAM": 5,
            "pricing_data_sent": 0.01,
            "pricing_StartRequest": 4e-07,
            "max_ram_curr": 17.529154257847154
        },
        "provider_9": {
            "name": "aws",
            "estimated_latency": [
                4.984355406147356,
                7.940187055423802,
                7.073015717627974,
                1.9340958911306334,
                8.374279425840093,
                0.7009910331939468,
                8.662673529743403,
                2.9573800700434307,
                1.4529357877793732,
                0.0
            ],
            "leave": false,
            "pricing_Storage_Transfer": 0,
            "max_RAM_curr": 20.764349971519607,
            "pricing_RAM": 5,
            "pricing_data_sent": 0.01,
            "pricing_StartRequest": 4e-07,
            "max_ram_curr": 20.764349971519607
        }
    }
}