{
    "name": "cloud_2_815",
    "num_nodes": 18,
    "num_leaves": 1,
    "providers": {
        "provider_0": {
            "name": "aws",
            "leave": true,
            "estimated_latency": [
                0.0,
                5.319533876023812,
                1.5274250410314825,
                3.0046086803679053,
                9.0134999471788,
                9.586742338263363,
                5.7688222520690315,
                3.3997500850969473,
                9.042168441308373,
                4.7762713520305855,
                5.180552113854959,
                8.331606625142342,
                1.9153369816922554,
                2.2428316747562924,
                8.950607175812998,
                1.5453150929371646,
                9.901498936387782,
                2.0021129619962106
            ],
            "pricing_Storage_Transfer": 0,
            "max_RAM_curr": 21.528682713006642,
            "pricing_RAM": 5,
            "pricing_data_sent": 0.01,
            "pricing_StartRequest": 4e-07
        },
        "provider_1": {
            "name": "aws",
            "estimated_latency": [
                5.319533876023812,
                0.0,
                9.996053168107585,
                9.896746376108132,
                3.4768788292851425,
                9.113857943224737,
                4.927016109668006,
                4.0798611425736295,
                4.6805373640052235,
                9.246535035518395,
                2.2960849990441288,
                1.1546237517682945,
                0.8940521016126927,
                2.020072448601212,
                6.932777223212412,
                8.09671832679823,
                5.45345242635715,
                0.7585505375660746
            ],
            "leave": false,
            "pricing_Storage_Transfer": 0,
            "max_RAM_curr": 27.969536357551625,
            "pricing_RAM": 5,
            "pricing_data_sent": 0.01,
            "pricing_StartRequest": 4e-07
        },
        "provider_2": {
            "name": "aws",
            "estimated_latency": [
                1.5274250410314825,
                9.996053168107585,
                0.0,
                1.5953954195771172,
                3.1485154801239994,
                6.729965241577321,
                4.272844368484403,
                9.51841916907604,
                7.062909878203502,
                6.450921396678605,
                8.745243668334446,
                3.3341648267773154,
                2.2799567560758276,
                2.0477078673626496,
                7.188593828857571,
                8.099769414366762,
                9.607400839554177,
                7.11083352479941
            ],
            "leave": false,
            "pricing_Storage_Transfer": 0,
            "max_RAM_curr": 11.911732407315462,
            "pricing_RAM": 5,
            "pricing_data_sent": 0.01,
            "pricing_StartRequest": 4e-07
        },
        "provider_3": {
            "name": "aws",
            "estimated_latency": [
                3.0046086803679053,
                9.896746376108132,
                1.5953954195771172,
                0.0,
                6.169247439599256,
                1.7097189524467589,
                5.166554967847248,
                7.731727629078924,
                8.98552704891792,
                1.2444809229777862,
                2.7054539019633954,
                4.331827262411202,
                7.244079111132959,
                1.5587078092799966,
                0.5097059432201101,
                5.287233017407848,
                2.9666308001207184,
                4.587856076301203
            ],
            "leave": false,
            "pricing_Storage_Transfer": 0,
            "max_RAM_curr": 35.33338365346977,
            "pricing_RAM": 5,
            "pricing_data_sent": 0.01,
            "pricing_StartRequest": 4e-07
        },
        "provider_4": {
            "name": "aws",
            "estimated_latency": [
                9.0134999471788,
                3.4768788292851425,
                3.1485154801239994,
                6.169247439599256,
                0.0,
                2.019377009306165,
                9.2996305782056,
                0.12038141455356831,
                4.962879091463486,
                2.258468881433296,
                9.941268793346984,
                0.8288424374978132,
                1.1265797513254077,
                9.053138084633298,
                3.370748220572195,
                5.148308714506639,
                4.933328309704873,
                4.963138952243652
            ],
            "leave": false,
            "pricing_Storage_Transfer": 0,
            "max_RAM_curr": 37.684641958843144,
            "pricing_RAM": 5,
            "pricing_data_sent": 0.01,
            "pricing_StartRequest": 4e-07
        },
        "provider_5": {
            "name": "aws",
            "estimated_latency": [
                9.586742338263363,
                9.113857943224737,
                6.729965241577321,
                1.7097189524467589,
                2.019377009306165,
                0.0,
                0.7461616734058737,
                3.2158662352235057,
                3.114975722782978,
                8.518859804786485,
                1.858584484813235,
                4.484098581602433,
                5.2880767953794106,
                9.923172446227682,
                2.7698769431188777,
                1.674177750038247,
                6.095004189738695,
                7.399136801204306
            ],
            "leave": false,
            "pricing_Storage_Transfer": 0,
            "max_RAM_curr": 20.208541045903665,
            "pricing_RAM": 5,
            "pricing_data_sent": 0.01,
            "pricing_StartRequest": 4e-07
        },
        "provider_6": {
            "name": "aws",
            "estimated_latency": [
                5.7688222520690315,
                4.927016109668006,
                4.272844368484403,
                5.166554967847248,
                9.2996305782056,
                0.7461616734058737,
                0.0,
                9.079345856643439,
                6.059134333642377,
                1.1539554737452524,
                2.858024895462999,
                2.038754880413599,
                7.825341445724989,
                5.093384420538389,
                7.531533320649327,
                8.709912343309947,
                7.645501240708516,
                0.9312036983296335
            ],
            "leave": false,
            "pricing_Storage_Transfer": 0,
            "max_RAM_curr": 13.630196785090174,
            "pricing_RAM": 5,
            "pricing_data_sent": 0.01,
            "pricing_StartRequest": 4e-07
        },
        "provider_7": {
            "name": "aws",
            "estimated_latency": [
                3.3997500850969473,
                4.0798611425736295,
                9.51841916907604,
                7.731727629078924,
                0.12038141455356831,
                3.2158662352235057,
                9.079345856643439,
                0.0,
                1.451598539285573,
                8.120590401941334,
                3.0013296719165665,
                2.258707141808718,
                7.615103387181685,
                5.171882229470582,
                5.271865483414899,
                8.267619233008201,
                7.589419031375372,
                1.8811856112612524
            ],
            "leave": false,
            "pricing_Storage_Transfer": 0,
            "max_RAM_curr": 17.323589579110187,
            "pricing_RAM": 5,
            "pricing_data_sent": 0.01,
            "pricing_StartRequest": 4e-07
        },
        "provider_8": {
            "name": "aws",