{
    "name": "cloud_2_867",
    "num_nodes": 12,
    "num_leaves": 1,
    "providers": {
        "provider_0": {
            "name": "aws",
            "leave": true,
            "estimated_latency": [
                0.0,
                8.775350363662447,
                0.821434579985076,
                3.702654238079957,
                7.442019139173491,
                1.5970971671079954,
                0.1853608283480548,
                8.875387035782902,
                3.0956305549682424,
                8.8573530142131,
                3.653298194806235,
                4.437813297281761
            ],
            "pricing_Storage_Transfer": 0,
            "max_RAM_curr": 40.03607361951731,
            "pricing_RAM": 5,
            "pricing_data_sent": 0.01,
            "pricing_StartRequest": 4e-07
        },
        "provider_1": {
            "name": "aws",
            "estimated_latency": [
                8.775350363662447,
                0.0,
                2.914927727552514,
                7.0261080155824525,
                2.907661854784102,
                9.66757562737163,
                6.7445296408848465,
                1.7152675750503494,
                4.982593879065957,
                7.677887770423753,
                4.7186488298828415,
                4.194003882087343
            ],
            "leave": false,
            "pricing_Storage_Transfer": 0,
            "max_RAM_curr": 14.711660674681363,
            "pricing_RAM": 5,
            "pricing_data_sent": 0.01,
            "pricing_StartRequest": 4e-07
        },
        "provider_2": {
            "name": "aws",
            "estimated_latency": [
                0.821434579985076,
                2.914927727552514,
                0.0,
                5.63957147000635,
                2.5079994684152025,
                1.838042468118497,
                1.7831812310616202,
                9.326670948420057,
                7.797508170064482,
                7.403068379591751,
                7.523248279531698,
                7.479828318802617
            ],
            "leave": false,
            "pricing_Storage_Transfer": 0,
            "max_RAM_curr": 22.96331873811573,
            "pricing_RAM": 5,
            "pricing_data_sent": 0.01,
            "pricing_StartRequest": 4e-07
        },
        "provider_3": {
            "name": "aws",
            "estimated_latency": [
                3.702654238079957,
                7.0261080155824525,
                5.63957147000635,
                0.0,
                3.7591818648182485,
                8.935919462616118,
                7.362129590314571,
                6.888618508051557,
                8.675898988885097,
                2.405533758519132,
                7.00156486867783,
                0.6225514829318098
            ],
            "leave": false,
            "pricing_Storage_Transfer": 0,
            "max_RAM_curr": 19.32462739784428,
            "pricing_RAM": 5,
            "pricing_data_sent": 0.01,
            "pricing_StartRequest": 4e-07
        },
        "provider_4": {
            "name": "aws",
            "estimated_latency": [
                7.442019139173491,
                2.907661854784102,
                2.5079994684152025,
                3.7591818648182485,
                0.0,
                9.281516407921693,
                0.9822487735362534,
                1.3975519289534324,
                2.100210061608216,
                1.32814181351931,
                6.16970349127302,
                6.59834637232469
            ],
            "leave": false,
            "pricing_Storage_Transfer": 0,
            "max_RAM_curr": 14.108131545318686,
            "pricing_RAM": 5,
            "pricing_data_sent": 0.01,
            "pricing_StartRequest": 4e-07
        },
        "provider_5": {
            "name": "aws",
            "estimated_latency": [
                1.5970971671079954,
                9.66757562737163,
                1.838042468118497,
                8.935919462616118,
                9.281516407921693,
                0.0,
                2.785627238620215,
                8.359795151610466,
                1.7998580744947008,
                5.677846543436227,
                0.6524324360185726,
                8.506467201070091
            ],
            "leave": false,
            "pricing_Storage_Transfer": 0,
            "max_RAM_curr": 14.410337223884602,
            "pricing_RAM": 5,
            "pricing_data_sent": 0.01,
            "pricing_StartRequest": 4e-07
        },
        "provider_6": {
            "name": "aws",
            "estimated_latency": [
                0.1853608283480548,
                6.7445296408848465,
                1.7831812310616202,
                7.362129590314571,
                0.9822487735362534,
                2.785627238620215,
                0.0,
                5.589247570461609,
                5.16954041401907,
                8.766807184137457,
                8.832785365301868,
                0.7483479919596996
            ],
            "leave": false,
            "pricing_Storage_Transfer": 0,
            "max_RAM_curr": 7.05831996591947,
            "pricing_RAM": 5,
            "pricing_data_sent": 0.01,
            "pricing_StartRequest": 4e-07
        },
        "provider_7": {
            "name": "aws",
            "estimated_latency": [
                8.875387035782902,
                1.7152675750503494,
                9.326670948420057,
                6.888618508051557,
                1.3975519289534324,
                8.359795151610466,
                5.589247570461609,
                0.0,
                0.516653341470972,
                4.549327823266549,
                0.5451470934418993,
                4.716583883180528
            ],
            "leave": false,
            "pricing_Storage_Transfer": 0,
            "max_RAM_curr": 5.795734436526602,
            "pricing_RAM": 5,
            "pricing_data_sent": 0.01,
            "pricing_StartRequest": 4e-07
        },
        "provider_8": {
            "name": "aws",
            "estimated_latency": [
                3.0956305549682424,
                4.982593879065957,
                7.797508170064482,
                8.675898988885097,
                2.100210061608216,
                1.7998580744947008,
                5.16954041401907,
                0.516653341470972,
                0.0,
                3.4554303872192573,
                1.4187718265844058,
                8.671467122312611
            ],
            "leave": false,
            "pricing_Storage_Transfer": 0,
            "max_RAM_curr": 8.645445054544735,
            "pricing_RAM": 5,
            "pricing_data_sent": 0.01,
            "pricing_StartRequest": 4e-07
        },
        "provider_9": {
            "name": "aws",
            "estimated_latency": [
                8.8573530142131,
                7.677887770423753,
                7.403068379591751,
                2.405533758519132,
                1.32814181351931,
                5.677846543436227,
                8.766807184137457,
                4.549327823266549,
                3.4554303872192573,
                0.0,
                6.8032998948862025,
                5.208054755811175
            ],
            "leave": false,
            "pricing_Storage_Transfer": 0,
            "max_RAM_curr": 17.135034426754686,
            "pricing_RAM": 5,
            "pricing_data_sent": 0.01,
            "pricing_StartRequest": 4e-07
        },
        "provider_10": {
            "name": "aws",