{
    "name": "cloud_2_486",
    "num_nodes": 16,
    "num_leaves": 1,
    "providers": {
        "provider_0": {
            "name": "aws",
            "leave": true,
            "estimated_latency": [
                0.0,
                0.954338724791893,
                1.3686507459632844,
                4.448641737742311,
                8.353214691502188,
                6.452307181926372,
                6.711622370271497,
                1.0219477768455694,
                5.228899529922437,
                6.927364417364445,
                1.8040003082444163,
                4.744152517602969,
                0.9790848184116594,
                2.082227916374369,
                5.8645589241643465,
                0.23939882011649827
            ],
            "pricing_Storage_Transfer": 0,
            "max_RAM_curr": 0.09744402692052433,
            "pricing_RAM": 5,
            "pricing_data_sent": 0.01,
            "pricing_StartRequest": 4e-07
        },
        "provider_1": {
            "name": "aws",
            "estimated_latency": [
                0.954338724791893,
                0.0,
                9.745531700121647,
                4.006596566260922,
                4.76985833063805,
                4.290452494041596,
                6.774587832084604,
                0.8034901346864801,
                1.7396900376434066,
                1.86647396281153,
                2.6208463596669653,
                8.420535606309329,
                4.443736521316315,
                1.572472790609846,
                3.939350446287628,
                8.316688301224481
            ],
            "leave": false,
            "pricing_Storage_Transfer": 0,
            "max_RAM_curr": 0.5350419616209369,
            "pricing_RAM": 5,
            "pricing_data_sent": 0.01,
            "pricing_StartRequest": 4e-07
        },
        "provider_2": {
            "name": "aws",
            "estimated_latency": [
                1.3686507459632844,
                9.745531700121647,
                0.0,
                6.115790664324128,
                1.7753814221142623,
                8.337549334557005,
                0.651415484121984,
                1.672818178314486,
                8.44590976475882,
                0.1997877678304196,
                3.764523186982384,
                6.363405678207347,
                0.9079466907503217,
                1.1645358440397913,
                2.6503055217514446,
                6.626778640769234
            ],
            "leave": false,
            "pricing_Storage_Transfer": 0,
            "max_RAM_curr": 0.4258942039498897,
            "pricing_RAM": 5,
            "pricing_data_sent": 0.01,
            "pricing_StartRequest": 4e-07
        },
        "provider_3": {
            "name": "aws",
            "estimated_latency": [
                4.448641737742311,
                4.006596566260922,
                6.115790664324128,
                0.0,
                8.811743842717945,
                0.9694203301736642,
                8.276662800066305,
                7.0250634702091075,
                7.767057893435471,
                6.094964306170753,
                6.122074064388095,
                3.488308740859882,
                6.0613885922634765,
                4.259209733259858,
                2.885553251391031,
                6.5231754614526505
            ],
            "leave": false,
            "pricing_Storage_Transfer": 0,
            "max_RAM_curr": 0.3222615034381314,
            "pricing_RAM": 5,
            "pricing_data_sent": 0.01,
            "pricing_StartRequest": 4e-07
        },
        "provider_4": {
            "name": "aws",
            "estimated_latency": [
                8.353214691502188,
                4.76985833063805,
                1.7753814221142623,
                8.811743842717945,
                0.0,
                7.448794000452909,
                6.231162403867746,
                2.99252185189887,
                6.436941871862571,
                1.201970974742753,
                5.54091734373631,
                2.8664193054959086,
                7.187962963745455,
                5.431477859832438,
                8.336222854426518,
                2.358643185078025
            ],
            "leave": false,
            "pricing_Storage_Transfer": 0,
            "max_RAM_curr": 0.3599872955010856,
            "pricing_RAM": 5,
            "pricing_data_sent": 0.01,
            "pricing_StartRequest": 4e-07
        },
        "provider_5": {
            "name": "aws",
            "estimated_latency": [
                6.452307181926372,
                4.290452494041596,
                8.337549334557005,
                0.9694203301736642,
                7.448794000452909,
                0.0,
                5.632739375292382,
                9.46346484757125,
                8.216410165477992,
                3.838640251626367,
                9.327082162781466,
                3.3393946074571557,
                4.6068073053437875,
                1.8679363658003953,
                1.7661775750597781,
                7.105199505808704
            ],
            "leave": false,
            "pricing_Storage_Transfer": 0,
            "max_RAM_curr": 0.15792520600389054,
            "pricing_RAM": 5,
            "pricing_data_sent": 0.01,
            "pricing_StartRequest": 4e-07
        },
        "provider_6": {
            "name": "aws",
            "estimated_latency": [
                6.711622370271497,
                6.774587832084604,
                0.651415484121984,
                8.276662800066305,
                6.231162403867746,
                5.632739375292382,
                0.0,
                5.070788447187351,
                6.729893301181436,
                3.803491794168969,
                6.0693777145177386,
                0.902250499916351,
                9.11581925827592,
                3.9454957521407503,
                6.108960284704579,
                6.200772382391676
            ],
            "leave": false,
            "pricing_Storage_Transfer": 0,
            "max_RAM_curr": 0.042954934251617206,
            "pricing_RAM": 5,
            "pricing_data_sent": 0.01,
            "pricing_StartRequest": 4e-07
        },
        "provider_7": {
            "name": "aws",
            "estimated_latency": [
                1.0219477768455694,
                0.8034901346864801,
                1.672818178314486,
                7.0250634702091075,
                2.99252185189887,
                9.46346484757125,
                5.070788447187351,
                0.0,
                9.35499714354715,
                7.160074234030101,
                9.365430969774533,
                3.788163581625449,
                0.6875577668931926,
                6.276285080306687,
                3.9774768580105793,
                3.003384942425791
            ],
            "leave": false,
            "pricing_Storage_Transfer": 0,
            "max_RAM_curr": 0.6376533668998909,
            "pricing_RAM": 5,
            "pricing_data_sent": 0.01,
            "pricing_StartRequest": 4e-07
        },
        "provider_8": {
            "name": "aws",
            "estimated_latency": [
                5.228899529922437,
                1.7396900376434066,
                8.44590976475882,
                7.767057893435471,
                6.436941871862571,
                8.216410165477992,
                6.729893301181436,
                9.35499714354715,
                0.0,
                2.853469038143301,
                2.5918819033328133,
                4.411852519657075,
                6.680828124848364,
                5.183722047403982,
                1.584467542172704,
                7.970561153902437
            ],
            "leave": false,
            "pricing_Storage_Transfer": 0,
            "max_RAM_curr": 0.06820174413604756,