{
    "name": "cloud_2_996",
    "num_nodes": 9,
    "num_leaves": 1,
    "providers": {
        "provider_0": {
            "name": "aws",
            "leave": true,
            "estimated_latency": [
                0.0,
                0.8567878501262519,
                6.645818384370312,
                3.8382594062462814,
                9.594752896486858,
                2.05171852966716,
                7.396976352195548,
                1.351179930815504,
                8.025271636673686
            ],
            "pricing_Storage_Transfer": 0,
            "max_RAM_curr": 0.3541739647624027,
            "pricing_RAM": 5,
            "pricing_data_sent": 0.01,
            "pricing_StartRequest": 4e-07
        },
        "provider_1": {
            "name": "aws",
            "estimated_latency": [
                0.8567878501262519,
                0.0,
                8.112281626446963,
                6.284413881040537,
                9.835560289210678,
                2.8053774044122286,
                1.455547720431132,
                8.210588529798796,
                2.9968346927139433
            ],
            "leave": false,
            "pricing_Storage_Transfer": 0,
            "max_RAM_curr": 1.6390460969217173,
            "pricing_RAM": 5,
            "pricing_data_sent": 0.01,
            "pricing_StartRequest": 4e-07
        },
        "provider_2": {
            "name": "aws",
            "estimated_latency": [
                6.645818384370312,
                8.112281626446963,
                0.0,
                0.3101313080378007,
                0.6651633308356898,
                3.9515467612509245,
                7.042997248713822,
                5.47060604088976,
                9.8783098986997
            ],
            "leave": false,
            "pricing_Storage_Transfer": 0,
            "max_RAM_curr": 4.671522944553896,
            "pricing_RAM": 5,
            "pricing_data_sent": 0.01,
            "pricing_StartRequest": 4e-07
        },
        "provider_3": {
            "name": "aws",
            "estimated_latency": [
                3.8382594062462814,
                6.284413881040537,
                0.3101313080378007,
                0.0,
                6.941364625150182,
                0.9158796477827665,
                2.841790966457921,
                7.0451990548873775,
                5.20575444741911
            ],
            "leave": false,
            "pricing_Storage_Transfer": 0,
            "max_RAM_curr": 0.5250122116565795,
            "pricing_RAM": 5,
            "pricing_data_sent": 0.01,
            "pricing_StartRequest": 4e-07
        },
        "provider_4": {
            "name": "aws",
            "estimated_latency": [
                9.594752896486858,
                9.835560289210678,
                0.6651633308356898,
                6.941364625150182,
                0.0,
                6.84723114878768,
                7.7240939182676716,
                7.9869579395933945,
                1.3058713250971976
            ],
            "leave": false,
            "pricing_Storage_Transfer": 0,
            "max_RAM_curr": 2.1567606898372427,
            "pricing_RAM": 5,
            "pricing_data_sent": 0.01,
            "pricing_StartRequest": 4e-07
        },
        "provider_5": {
            "name": "aws",
            "estimated_latency": [
                2.05171852966716,
                2.8053774044122286,
                3.9515467612509245,
                0.9158796477827665,
                6.84723114878768,
                0.0,
                9.040156015445266,
                4.0836635106581864,
                3.82330109421288
            ],
            "leave": false,
            "pricing_Storage_Transfer": 0,
            "max_RAM_curr": 1.2420816454522405,
            "pricing_RAM": 5,
            "pricing_data_sent": 0.01,
            "pricing_StartRequest": 4e-07
        },
        "provider_6": {
            "name": "aws",
            "estimated_latency": [
                7.396976352195548,
                1.455547720431132,
                7.042997248713822,
                2.841790966457921,
                7.7240939182676716,
                9.040156015445266,
                0.0,
                4.966123288250249,
                0.6527267887020806
            ],
            "leave": false,
            "pricing_Storage_Transfer": 0,
            "max_RAM_curr": 6.504623106360396,
            "pricing_RAM": 5,
            "pricing_data_sent": 0.01,
            "pricing_StartRequest": 4e-07
        },
        "provider_7": {
            "name": "aws",
            "estimated_latency": [
                1.351179930815504,
                8.210588529798796,
                5.47060604088976,
                7.0451990548873775,
                7.9869579395933945,
                4.0836635106581864,
                4.966123288250249,
                0.0,
                3.427525085301183
            ],
            "leave": false,
            "pricing_Storage_Transfer": 0,
            "max_RAM_curr": 6.398533409948212,
            "pricing_RAM": 5,
            "pricing_data_sent": 0.01,
            "pricing_StartRequest": 4e-07
        },
        "provider_8": {
            "name": "aws",
            "estimated_latency": [
                8.025271636673686,
                2.9968346927139433,
                9.8783098986997,
                5.20575444741911,
                1.3058713250971976,
                3.82330109421288,
                0.6527267887020806,
                3.427525085301183,
                0.0
            ],
            "leave": false,
            "pricing_Storage_Transfer": 0,
            "max_RAM_curr": 1.5872835277341508,
            "pricing_RAM": 5,
            "pricing_data_sent": 0.01,
            "pricing_StartRequest": 4e-07
        }
    }
}