{
    "name": "cloud_2_30",
    "num_nodes": 4,
    "num_leaves": 1,
    "providers": {
        "provider_0": {
            "name": "aws",
            "leave": true,
            "estimated_latency": [
                0.0,
                3.2701036283610967,
                2.3598050138998286,
                2.328979614936689
            ],
            "pricing_Storage_Transfer": 0,
            "max_RAM_curr": 11.068369279239034,
            "pricing_RAM": 5,
            "pricing_data_sent": 0.01,
            "pricing_StartRequest": 4e-07
        },
        "provider_1": {
            "name": "aws",
            "estimated_latency": [
                3.2701036283610967,
                0.0,
                1.479189419165032,
                2.600469116033593
            ],
            "leave": false,
            "pricing_Storage_Transfer": 0,
            "max_RAM_curr": 32.17355398151955,
            "pricing_RAM": 5,
            "pricing_data_sent": 0.01,
            "pricing_StartRequest": 4e-07
        },
        "provider_2": {
            "name": "aws",
            "estimated_latency": [
                2.3598050138998286,
                1.479189419165032,
                0.0,
                8.312718041050173
            ],
            "leave": false,
            "pricing_Storage_Transfer": 0,
            "max_RAM_curr": 32.53941624352316,
            "pricing_RAM": 5,
            "pricing_data_sent": 0.01,
            "pricing_StartRequest": 4e-07
        },
        "provider_3": {
            "name": "aws",
            "estimated_latency": [
                2.328979614936689,
                2.600469116033593,
                8.312718041050173,
                0.0
            ],
            "leave": false,
            "pricing_Storage_Transfer": 0,
            "max_RAM_curr": 34.32556895575519,
            "pricing_RAM": 5,
            "pricing_data_sent": 0.01,
            "pricing_StartRequest": 4e-07
        }
    }
}