{
    "name": "cloud_2_625",
    "num_nodes": 16,
    "num_leaves": 1,
    "providers": {
        "provider_0": {
            "name": "aws",
            "leave": true,
            "estimated_latency": [
                0.0,
                0.9076690372733144,
                6.164466551085042,
                0.32894545828625255,
                1.6502347261805643,
                2.262850785585634,
                9.916935140343854,
                0.25672996614270405,
                6.420968977939218,
                7.62498123513478,
                5.739756098511661,
                1.4644098364937068,
                6.022581154841397,
                6.228322100405439,
                7.952603165415511,
                8.400793950076057
            ],
            "pricing_Storage_Transfer": 0,
            "max_RAM_curr": 1.955923421142145,
            "pricing_RAM": 5,
            "pricing_data_sent": 0.01,
            "pricing_StartRequest": 4e-07
        },
        "provider_1": {
            "name": "aws",
            "estimated_latency": [
                0.9076690372733144,
                0.0,
                8.261606289472658,
                6.105704506165972,
                6.808994376791332,
                3.8601629408617333,
                9.419118540483115,
                0.29926345138396876,
                9.245415184767383,
                2.9921090597828632,
                9.576404910736438,
                9.731391235769822,
                6.026332725911788,
                5.743626027915879,
                3.018281762193692,
                2.2172043859415367
            ],
            "leave": false,
            "pricing_Storage_Transfer": 0,
            "max_RAM_curr": 2.063798797453346,
            "pricing_RAM": 5,
            "pricing_data_sent": 0.01,
            "pricing_StartRequest": 4e-07
        },
        "provider_2": {
            "name": "aws",
            "estimated_latency": [
                6.164466551085042,
                8.261606289472658,
                0.0,
                7.170421440794426,
                9.80170494877679,
                8.91431805044223,
                9.927759844333266,
                5.401568020317167,
                4.995040863349077,
                2.8688686969843573,
                8.833600718146265,
                2.6268007870947963,
                7.719031534010295,
                4.550528150031674,
                6.3101550395666335,
                6.800022979792494
            ],
            "leave": false,
            "pricing_Storage_Transfer": 0,
            "max_RAM_curr": 2.856661328133277,
            "pricing_RAM": 5,
            "pricing_data_sent": 0.01,
            "pricing_StartRequest": 4e-07
        },
        "provider_3": {
            "name": "aws",
            "estimated_latency": [
                0.32894545828625255,
                6.105704506165972,
                7.170421440794426,
                0.0,
                8.882243276546248,
                5.282582095490852,
                9.972486975086445,
                1.0200603718435934,
                9.601598199998362,
                0.3110383712174355,
                7.795816055828585,
                3.846027705117909,
                7.363597737484922,
                1.1221726482984928,
                7.951650647755852,
                6.958308932086239
            ],
            "leave": false,
            "pricing_Storage_Transfer": 0,
            "max_RAM_curr": 4.594589469374842,
            "pricing_RAM": 5,
            "pricing_data_sent": 0.01,
            "pricing_StartRequest": 4e-07
        },
        "provider_4": {
            "name": "aws",
            "estimated_latency": [
                1.6502347261805643,
                6.808994376791332,
                9.80170494877679,
                8.882243276546248,
                0.0,
                2.185913126250947,
                9.828306615977098,
                4.589088287710343,
                2.000458823872133,
                9.522963675919867,
                9.085892648021415,
                2.3219989613129064,
                6.735466807005635,
                8.04501780487541,
                7.228871273897459,
                3.2418023904858124
            ],
            "leave": false,
            "pricing_Storage_Transfer": 0,
            "max_RAM_curr": 3.8235908837353847,
            "pricing_RAM": 5,
            "pricing_data_sent": 0.01,
            "pricing_StartRequest": 4e-07
        },
        "provider_5": {
            "name": "aws",
            "estimated_latency": [
                2.262850785585634,
                3.8601629408617333,
                8.91431805044223,
                5.282582095490852,
                2.185913126250947,
                0.0,
                2.8783118569121817,
                3.6941006603400184,
                4.474610456736256,
                1.5687195109574545,
                5.969212985068608,
                6.789022807363467,
                0.46656370407813585,
                7.821313986133852,
                9.51646890804284,
                2.2876835374833338
            ],
            "leave": false,
            "pricing_Storage_Transfer": 0,
            "max_RAM_curr": 0.8888387145414967,
            "pricing_RAM": 5,
            "pricing_data_sent": 0.01,
            "pricing_StartRequest": 4e-07
        },
        "provider_6": {
            "name": "aws",
            "estimated_latency": [
                9.916935140343854,
                9.419118540483115,
                9.927759844333266,
                9.972486975086445,
                9.828306615977098,
                2.8783118569121817,
                0.0,
                0.47703864103341653,
                9.938377332451171,
                9.467900594697182,
                1.0052296338186735,
                3.2416441719126885,
                2.501488235808606,
                2.6632304749208697,
                3.312111280067161,
                5.029316579875003
            ],
            "leave": false,
            "pricing_Storage_Transfer": 0,
            "max_RAM_curr": 1.7203196499790403,
            "pricing_RAM": 5,
            "pricing_data_sent": 0.01,
            "pricing_StartRequest": 4e-07
        },
        "provider_7": {
            "name": "aws",
            "estimated_latency": [
                0.25672996614270405,
                0.29926345138396876,
                5.401568020317167,
                1.0200603718435934,
                4.589088287710343,
                3.6941006603400184,
                0.47703864103341653,
                0.0,
                4.058273408382931,
                3.5218457422253073,
                2.445807752945558,
                2.721148977173485,
                6.597401036228096,
                2.8976720383377965,
                4.868593825491727,
                5.145341444229593
            ],
            "leave": false,
            "pricing_Storage_Transfer": 0,
            "max_RAM_curr": 0.8180097428602426,
            "pricing_RAM": 5,
            "pricing_data_sent": 0.01,
            "pricing_StartRequest": 4e-07
        },
        "provider_8": {
            "name": "aws",
            "estimated_latency": [
                6.420968977939218,
                9.245415184767383,
                4.995040863349077,
                9.601598199998362,
                2.000458823872133,
                4.474610456736256,
                9.938377332451171,
                4.058273408382931,
                0.0,
                2.865567453553475,
                5.676051960706242,
                4.8751077002650325,
                1.3492339544926222,
                4.3036498496331586,
                0.36641239345714793,
                7.299149097849596
            ],
            "leave": false,
            "pricing_Storage_Transfer": 0,
            "max_RAM_curr": 6.557483724825284,