{
    "name": "cloud_2_171",
    "num_nodes": 19,
    "num_leaves": 1,
    "providers": {
        "provider_0": {
            "name": "aws",
            "leave": true,
            "estimated_latency": [
                0.0,
                2.990182232088274,
                9.161069419989223,
                9.967236066476534,
                5.3784250554783295,
                7.584373074460809,
                3.096753027506657,
                2.348495025812683,
                1.278839914003016,
                0.1899790954345701,
                9.302766293830324,
                5.08395291834233,
                7.152452191368723,
                9.419798379417832,
                1.947044978897535,
                9.987656861418436,
                1.687154326751381,
                9.101011223048229,
                0.461693480714948
            ],
            "pricing_Storage_Transfer": 0,
            "max_RAM_curr": 9.228378670969704,
            "pricing_RAM": 5,
            "pricing_data_sent": 0.01,
            "pricing_StartRequest": 4e-07
        },
        "provider_1": {
            "name": "aws",
            "estimated_latency": [
                2.990182232088274,
                0.0,
                3.32386553261766,
                1.5808341225533884,
                8.039482160938848,
                9.23398088876861,
                8.77300474082539,
                5.700151805634789,
                5.185259228519281,
                4.625583085403547,
                9.714982749699123,
                7.219524390289212,
                6.044093116420186,
                4.955471077036947,
                5.5656058891876,
                7.039307239694744,
                6.892870806430716,
                9.19592520126603,
                7.6570617773840715
            ],
            "leave": false,
            "pricing_Storage_Transfer": 0,
            "max_RAM_curr": 0.6119466083980931,
            "pricing_RAM": 5,
            "pricing_data_sent": 0.01,
            "pricing_StartRequest": 4e-07
        },
        "provider_2": {
            "name": "aws",
            "estimated_latency": [
                9.161069419989223,
                3.32386553261766,
                0.0,
                6.726935234096129,
                3.885381798640615,
                0.5759423097607798,
                2.038093457972703,
                7.118918176019168,
                9.291804390857312,
                8.25932643605803,
                3.235741112168711,
                3.5324378490842574,
                9.996992341913666,
                6.132653465172422,
                2.258784372217401,
                6.0562627462725285,
                0.8520108964252087,
                2.9459092546404104,
                0.7523964699883472
            ],
            "leave": false,
            "pricing_Storage_Transfer": 0,
            "max_RAM_curr": 4.21240248402544,
            "pricing_RAM": 5,
            "pricing_data_sent": 0.01,
            "pricing_StartRequest": 4e-07
        },
        "provider_3": {
            "name": "aws",
            "estimated_latency": [
                9.967236066476534,
                1.5808341225533884,
                6.726935234096129,
                0.0,
                3.1906948773204076,
                3.45815659312328,
                5.033587995285798,
                6.964344887750544,
                3.515311583917114,
                1.7942980451832284,
                9.746221821031387,
                5.766014875305366,
                6.902564344722522,
                3.647201165987164,
                7.800746709686224,
                4.9778053496697146,
                4.68733365614912,
                3.896686716277839,
                5.647045696275842
            ],
            "leave": false,
            "pricing_Storage_Transfer": 0,
            "max_RAM_curr": 6.306455731428072,
            "pricing_RAM": 5,
            "pricing_data_sent": 0.01,
            "pricing_StartRequest": 4e-07
        },
        "provider_4": {
            "name": "aws",
            "estimated_latency": [
                5.3784250554783295,
                8.039482160938848,
                3.885381798640615,
                3.1906948773204076,
                0.0,
                2.8162216420866653,
                6.054010494174957,
                8.546057591838437,
                3.9129278892698514,
                9.83251746403499,
                7.742743273207346,
                7.0183071088053,
                1.5613798942804138,
                7.030584075926115,
                0.5686785489453555,
                6.032493595789931,
                7.789330719535203,
                3.174434732791743,
                2.535338944565459
            ],
            "leave": false,
            "pricing_Storage_Transfer": 0,
            "max_RAM_curr": 5.376537125421994,
            "pricing_RAM": 5,
            "pricing_data_sent": 0.01,
            "pricing_StartRequest": 4e-07
        },
        "provider_5": {
            "name": "aws",
            "estimated_latency": [
                7.584373074460809,
                9.23398088876861,
                0.5759423097607798,
                3.45815659312328,
                2.8162216420866653,
                0.0,
                6.180321343342196,
                5.351162985734175,
                0.14691026977645374,
                4.657101663853453,
                6.367896269923013,
                2.727844419399645,
                5.250404319885044,
                1.7498639328050944,
                4.228102638805304,
                1.2440631149426737,
                7.783685556239236,
                0.9281181755220511,
                7.788550861397967
            ],
            "leave": false,
            "pricing_Storage_Transfer": 0,
            "max_RAM_curr": 1.5518574822561988,
            "pricing_RAM": 5,
            "pricing_data_sent": 0.01,
            "pricing_StartRequest": 4e-07
        },
        "provider_6": {
            "name": "aws",
            "estimated_latency": [
                3.096753027506657,
                8.77300474082539,
                2.038093457972703,
                5.033587995285798,
                6.054010494174957,
                6.180321343342196,
                0.0,
                5.815416783218344,
                4.748756978840998,
                1.7773714454674856,
                8.632331596949536,
                4.518603019021616,
                2.1584106019116316,
                5.433267197757535,
                5.124009264878596,
                0.5476327001438964,
                8.294698654922039,
                1.0988630559314163,
                0.3444252739903926
            ],
            "leave": false,
            "pricing_Storage_Transfer": 0,
            "max_RAM_curr": 5.1405465913257595,
            "pricing_RAM": 5,
            "pricing_data_sent": 0.01,
            "pricing_StartRequest": 4e-07
        },
        "provider_7": {
            "name": "aws",
            "estimated_latency": [
                2.348495025812683,
                5.700151805634789,
                7.118918176019168,
                6.964344887750544,
                8.546057591838437,
                5.351162985734175,
                5.815416783218344,
                0.0,
                9.779416305317346,
                7.70069819310178,
                5.999177525062306,
                4.04874184205542,
                1.1921738858986268,
                5.864137810215926,
                6.341049766712074,
                8.885327376240822,
                8.150647122169449,
                4.472735895247754,
                5.342747102514218
            ],
            "leave": false,
            "pricing_Storage_Transfer": 0,
            "max_RAM_curr": 9.263658913562454,
            "pricing_RAM": 5,
            "pricing_data_sent": 0.01,