{
    "name": "cloud_2_716",
    "num_nodes": 7,
    "num_leaves": 1,
    "providers": {
        "provider_0": {
            "name": "aws",
            "leave": true,
            "estimated_latency": [
                0.0,
                7.848048843825632,
                6.714308356384107,
                1.8360972672594755,
                2.3349767041612934,
                8.711851676969252,
                5.199871037032571
            ],
            "pricing_Storage_Transfer": 0,
            "max_RAM_curr": 8.153570231905334,
            "pricing_RAM": 5,
            "pricing_data_sent": 0.01,
            "pricing_StartRequest": 4e-07,
            "max_ram_curr": 8.153570231905334
        },
        "provider_1": {
            "name": "aws",
            "estimated_latency": [
                7.848048843825632,
                0.0,
                9.477838864621505,
                3.58475788936845,
                6.285392264310131,
                6.880863219653742,
                6.343636096011418
            ],
            "leave": false,
            "pricing_Storage_Transfer": 0,
            "max_RAM_curr": 17.01128839047156,
            "pricing_RAM": 5,
            "pricing_data_sent": 0.01,
            "pricing_StartRequest": 4e-07,
            "max_ram_curr": 17.01128839047156
        },
        "provider_2": {
            "name": "aws",
            "estimated_latency": [
                6.714308356384107,
                9.477838864621505,
                0.0,
                6.477191216431698,
                8.6080593479236,
                1.7836853100406707,
                0.17013820159346538
            ],
            "leave": false,
            "pricing_Storage_Transfer": 0,
            "max_RAM_curr": 4.665872566396854,
            "pricing_RAM": 5,
            "pricing_data_sent": 0.01,
            "pricing_StartRequest": 4e-07,
            "max_ram_curr": 4.665872566396854
        },
        "provider_3": {
            "name": "aws",
            "estimated_latency": [
                1.8360972672594755,
                3.58475788936845,
                6.477191216431698,
                0.0,
                9.781963165311153,
                4.43234392088887,
                2.399183157225224
            ],
            "leave": false,
            "pricing_Storage_Transfer": 0,
            "max_RAM_curr": 3.2647702272953865,
            "pricing_RAM": 5,
            "pricing_data_sent": 0.01,
            "pricing_StartRequest": 4e-07,
            "max_ram_curr": 3.2647702272953865
        },
        "provider_4": {
            "name": "aws",
            "estimated_latency": [
                2.3349767041612934,
                6.285392264310131,
                8.6080593479236,
                9.781963165311153,
                0.0,
                7.858720291399929,
                6.684521417443881
            ],
            "leave": false,
            "pricing_Storage_Transfer": 0,
            "max_RAM_curr": 0.24690272409070763,
            "pricing_RAM": 5,
            "pricing_data_sent": 0.01,
            "pricing_StartRequest": 4e-07,
            "max_ram_curr": 0.24690272409070763
        },
        "provider_5": {
            "name": "aws",
            "estimated_latency": [
                8.711851676969252,
                6.880863219653742,
                1.7836853100406707,
                4.43234392088887,
                7.858720291399929,
                0.0,
                1.246554681624812
            ],
            "leave": false,
            "pricing_Storage_Transfer": 0,
            "max_RAM_curr": 1.0951964003978611,
            "pricing_RAM": 5,
            "pricing_data_sent": 0.01,
            "pricing_StartRequest": 4e-07,
            "max_ram_curr": 1.0951964003978611
        },
        "provider_6": {
            "name": "aws",
            "estimated_latency": [
                5.199871037032571,
                6.343636096011418,
                0.17013820159346538,
                2.399183157225224,
                6.684521417443881,
                1.246554681624812,
                0.0
            ],
            "leave": false,
            "pricing_Storage_Transfer": 0,
            "max_RAM_curr": 20.862529503739463,
            "pricing_RAM": 5,
            "pricing_data_sent": 0.01,
            "pricing_StartRequest": 4e-07,
            "max_ram_curr": 20.862529503739463
        }
    }
}