{
    "name": "cloud_2_640",
    "num_nodes": 19,
    "num_leaves": 1,
    "providers": {
        "provider_0": {
            "name": "aws",
            "leave": true,
            "estimated_latency": [
                0.0,
                8.62055852402645,
                8.466308764021518,
                3.8453208136598556,
                0.9509628860447293,
                2.264157384911587,
                3.27606970305426,
                9.81774245222334,
                2.0722509574278885,
                0.3917457759119952,
                3.4456371465322557,
                0.509298888006115,
                5.023458128998997,
                3.0832126846208703,
                0.6181454258471194,
                8.562496322777227,
                5.194577756612727,
                1.8212526100570672,
                7.855384656382321
            ],
            "pricing_Storage_Transfer": 0,
            "max_RAM_curr": 0.16368033045102612,
            "pricing_RAM": 5,
            "pricing_data_sent": 0.01,
            "pricing_StartRequest": 4e-07
        },
        "provider_1": {
            "name": "aws",
            "estimated_latency": [
                8.62055852402645,
                0.0,
                2.60356687605865,
                4.205520641542499,
                1.6477400242862967,
                0.709644960377832,
                1.104523907064556,
                7.891530755432605,
                4.347281364002036,
                8.989230078939189,
                3.4970037649982606,
                8.268962427428399,
                1.8418427320074209,
                1.1664231522573931,
                0.78297174767901,
                0.2633950637868041,
                8.431993541330746,
                6.232434422826311,
                5.447808281793269
            ],
            "leave": false,
            "pricing_Storage_Transfer": 0,
            "max_RAM_curr": 0.029124683246069587,
            "pricing_RAM": 5,
            "pricing_data_sent": 0.01,
            "pricing_StartRequest": 4e-07
        },
        "provider_2": {
            "name": "aws",
            "estimated_latency": [
                8.466308764021518,
                2.60356687605865,
                0.0,
                7.69218145582622,
                5.110988728013042,
                0.2828177103015489,
                3.272678518686338,
                8.406542182181694,
                3.9663833672967725,
                7.852539625923455,
                3.2340176245005283,
                0.130156660392909,
                2.5760378421425405,
                3.0694470037025927,
                0.47768152176263023,
                5.435350830505539,
                2.9937546462951072,
                9.239083285876523,
                8.634741474100629
            ],
            "leave": false,
            "pricing_Storage_Transfer": 0,
            "max_RAM_curr": 0.03510367816026826,
            "pricing_RAM": 5,
            "pricing_data_sent": 0.01,
            "pricing_StartRequest": 4e-07
        },
        "provider_3": {
            "name": "aws",
            "estimated_latency": [
                3.8453208136598556,
                4.205520641542499,
                7.69218145582622,
                0.0,
                5.73046764758735,
                1.5086680564112713,
                1.625317706169886,
                4.563985025910214,
                3.501475029121285,
                7.739812485017778,
                0.16695649274042296,
                3.758862681687224,
                9.341960400815774,
                3.9413725003756457,
                2.7147938404775145,
                2.0876920048118395,
                5.406319615571589,
                0.14083337158951048,
                8.378644440396162
            ],
            "leave": false,
            "pricing_Storage_Transfer": 0,
            "max_RAM_curr": 0.06372227212508218,
            "pricing_RAM": 5,
            "pricing_data_sent": 0.01,
            "pricing_StartRequest": 4e-07
        },
        "provider_4": {
            "name": "aws",
            "estimated_latency": [
                0.9509628860447293,
                1.6477400242862967,
                5.110988728013042,
                5.73046764758735,
                0.0,
                0.6098675434907112,
                6.616288335049241,
                5.26656768461867,
                1.171956721402927,
                6.907331111731455,
                6.301573765147622,
                4.319990265853652,
                9.584303664939576,
                0.5876677005990252,
                2.592945347094386,
                9.864277648881558,
                2.1119226105304247,
                4.247116291878012,
                4.396134160686472
            ],
            "leave": false,
            "pricing_Storage_Transfer": 0,
            "max_RAM_curr": 0.027493374913185244,
            "pricing_RAM": 5,
            "pricing_data_sent": 0.01,
            "pricing_StartRequest": 4e-07
        },
        "provider_5": {
            "name": "aws",
            "estimated_latency": [
                2.264157384911587,
                0.709644960377832,
                0.2828177103015489,
                1.5086680564112713,
                0.6098675434907112,
                0.0,
                2.0111293270478288,
                6.964365458576099,
                9.657562331053295,
                8.405731061996208,
                9.812571617941604,
                5.38982526501808,
                9.19511363555711,
                0.649737259269826,
                7.749041191837404,
                4.492488965836161,
                9.090929550352515,
                1.7232240212959988,
                2.2251494656869353
            ],
            "leave": false,
            "pricing_Storage_Transfer": 0,
            "max_RAM_curr": 0.3619003281295036,
            "pricing_RAM": 5,
            "pricing_data_sent": 0.01,
            "pricing_StartRequest": 4e-07
        },
        "provider_6": {
            "name": "aws",
            "estimated_latency": [
                3.27606970305426,
                1.104523907064556,
                3.272678518686338,
                1.625317706169886,
                6.616288335049241,
                2.0111293270478288,
                0.0,
                5.349340678422439,
                8.28720396296489,
                8.983731764388699,
                2.959966634563111,
                0.435332499524693,
                3.3675363980915405,
                0.7172339601892798,
                6.565788612246975,
                1.0395110670183105,
                8.179261057718842,
                7.795279461596413,
                0.4908598759144901
            ],
            "leave": false,
            "pricing_Storage_Transfer": 0,
            "max_RAM_curr": 0.06286686096677221,
            "pricing_RAM": 5,
            "pricing_data_sent": 0.01,
            "pricing_StartRequest": 4e-07
        },
        "provider_7": {
            "name": "aws",
            "estimated_latency": [
                9.81774245222334,
                7.891530755432605,
                8.406542182181694,
                4.563985025910214,
                5.26656768461867,
                6.964365458576099,
                5.349340678422439,
                0.0,
                9.895177134858386,
                3.8882412896069725,
                7.460926615120823,
                2.1633532924527192,
                0.13302820321339207,
                3.3709118964769114,
                2.9325000533018355,
                1.9870470055098324,
                9.968825238738393,
                8.599995250950325,
                0.47648809153429283
            ],
            "leave": false,
            "pricing_Storage_Transfer": 0,
            "max_RAM_curr": 0.0554822118254204,
            "pricing_RAM": 5,