{
    "name": "cloud_2_916",
    "num_nodes": 19,
    "num_leaves": 1,
    "providers": {
        "provider_0": {
            "name": "aws",
            "leave": true,
            "estimated_latency": [
                0.0,
                3.3607766499508425,
                5.577510884067767,
                6.562359664230563,
                3.8834578458194917,
                4.722518801527256,
                5.0662189773005855,
                3.696217523601671,
                6.367436622799502,
                1.551474749618555,
                3.7345884627906054,
                0.7039941249057717,
                7.0854716379042735,
                2.503404642000043,
                9.763656781957819,
                1.0055891665760441,
                5.519638228460541,
                3.9440303555131604,
                4.725434216674601
            ],
            "pricing_Storage_Transfer": 0,
            "max_RAM_curr": 0.15065838646387697,
            "pricing_RAM": 5,
            "pricing_data_sent": 0.01,
            "pricing_StartRequest": 4e-07
        },
        "provider_1": {
            "name": "aws",
            "estimated_latency": [
                3.3607766499508425,
                0.0,
                5.012044143501015,
                2.5741699485457317,
                8.454980274907397,
                2.0040409802747488,
                6.572770844809413,
                2.8756770343620857,
                1.5113122654910347,
                4.068406584402387,
                0.2066002848282696,
                3.6814182581183466,
                6.124182913848166,
                1.1223723688522584,
                5.6262881578996105,
                7.002970542922654,
                0.7547521987507556,
                4.330357771270426,
                9.247332953607387
            ],
            "leave": false,
            "pricing_Storage_Transfer": 0,
            "max_RAM_curr": 0.4660621568027739,
            "pricing_RAM": 5,
            "pricing_data_sent": 0.01,
            "pricing_StartRequest": 4e-07
        },
        "provider_2": {
            "name": "aws",
            "estimated_latency": [
                5.577510884067767,
                5.012044143501015,
                0.0,
                4.592092423651651,
                2.478303808110439,
                5.520185556659175,
                1.9842147399336942,
                3.257174532296158,
                0.5983632688458795,
                5.908167941191254,
                0.11775669234851914,
                6.46028427857329,
                6.224781038493555,
                4.90635874507947,
                9.082619997613818,
                3.2248862595199763,
                3.24196696907211,
                7.9784473854527365,
                7.673932412871456
            ],
            "leave": false,
            "pricing_Storage_Transfer": 0,
            "max_RAM_curr": 0.17840615514254837,
            "pricing_RAM": 5,
            "pricing_data_sent": 0.01,
            "pricing_StartRequest": 4e-07
        },
        "provider_3": {
            "name": "aws",
            "estimated_latency": [
                6.562359664230563,
                2.5741699485457317,
                4.592092423651651,
                0.0,
                2.2739550683687537,
                1.9532380478187428,
                8.790713124605725,
                3.3762194268306396,
                9.7077851790476,
                8.089438627958845,
                7.0453226210886015,
                3.3380582384932507,
                7.737539155479343,
                7.273949162764353,
                8.227922706325922,
                0.4298837789468851,
                2.3117267188807173,
                4.937959948087789,
                2.858405474080444
            ],
            "leave": false,
            "pricing_Storage_Transfer": 0,
            "max_RAM_curr": 0.20475368042800707,
            "pricing_RAM": 5,
            "pricing_data_sent": 0.01,
            "pricing_StartRequest": 4e-07
        },
        "provider_4": {
            "name": "aws",
            "estimated_latency": [
                3.8834578458194917,
                8.454980274907397,
                2.478303808110439,
                2.2739550683687537,
                0.0,
                1.4331604432496752,
                1.2846098310674388,
                4.320417207936875,
                1.902664985296593,
                8.589702268591711,
                6.5030522249702924,
                5.97011421486104,
                1.9781668841456086,
                3.7794942417468507,
                0.284537734007294,
                5.64623606157004,
                2.5321815888529553,
                2.54865675931162,
                5.629117789892679
            ],
            "leave": false,
            "pricing_Storage_Transfer": 0,
            "max_RAM_curr": 1.951740531845137,
            "pricing_RAM": 5,
            "pricing_data_sent": 0.01,
            "pricing_StartRequest": 4e-07
        },
        "provider_5": {
            "name": "aws",
            "estimated_latency": [
                4.722518801527256,
                2.0040409802747488,
                5.520185556659175,
                1.9532380478187428,
                1.4331604432496752,
                0.0,
                8.109493952365055,
                5.402059959686567,
                2.855439108017284,
                3.4359819481868294,
                9.090128115952073,
                0.7362337679015575,
                4.29213015802053,
                3.3363528341200444,
                5.010024103350216,
                8.68698750826936,
                1.3106729829147357,
                7.776892095278627,
                4.046658463832478
            ],
            "leave": false,
            "pricing_Storage_Transfer": 0,
            "max_RAM_curr": 0.02341205375156306,
            "pricing_RAM": 5,
            "pricing_data_sent": 0.01,
            "pricing_StartRequest": 4e-07
        },
        "provider_6": {
            "name": "aws",
            "estimated_latency": [
                5.0662189773005855,
                6.572770844809413,
                1.9842147399336942,
                8.790713124605725,
                1.2846098310674388,
                8.109493952365055,
                0.0,
                4.978439369405921,
                9.432997633372628,
                2.366571404888082,
                4.083825367392918,
                8.200090311717672,
                9.627468953496958,
                9.590296767825022,
                0.15249146665365787,
                9.098660253292367,
                2.0508703234351153,
                6.186560956451971,
                7.33896766799155
            ],
            "leave": false,
            "pricing_Storage_Transfer": 0,
            "max_RAM_curr": 1.066827897505613,
            "pricing_RAM": 5,
            "pricing_data_sent": 0.01,
            "pricing_StartRequest": 4e-07
        },
        "provider_7": {
            "name": "aws",
            "estimated_latency": [
                3.696217523601671,
                2.8756770343620857,
                3.257174532296158,
                3.3762194268306396,
                4.320417207936875,
                5.402059959686567,
                4.978439369405921,
                0.0,
                5.710629855831959,
                5.9004232057073684,
                1.7205693509907258,
                1.4480969014758733,
                3.2860301399077594,
                2.3646162577435956,
                8.392240510587396,
                3.473025469045222,
                9.861413908753935,
                0.474986219883183,
                9.194396659046793
            ],
            "leave": false,
            "pricing_Storage_Transfer": 0,
            "max_RAM_curr": 0.5825331477608032,
            "pricing_RAM": 5,