{
    "name": "cloud_2_454",
    "num_nodes": 14,
    "num_leaves": 1,
    "providers": {
        "provider_0": {
            "name": "aws",
            "leave": true,
            "estimated_latency": [
                0.0,
                6.397263287986198,
                0.1436615027384879,
                1.7500923822507375,
                7.789883835025154,
                0.33585537351942674,
                3.827928595854012,
                7.383754620899896,
                0.7972477515382871,
                1.4534612458912306,
                9.244187521770487,
                5.0541914410492845,
                6.077193656313498,
                3.5132776582351295
            ],
            "pricing_Storage_Transfer": 0,
            "max_RAM_curr": 12.523680921715993,
            "pricing_RAM": 5,
            "pricing_data_sent": 0.01,
            "pricing_StartRequest": 4e-07
        },
        "provider_1": {
            "name": "aws",
            "estimated_latency": [
                6.397263287986198,
                0.0,
                8.491226367381316,
                6.413181394598748,
                0.7838963760695316,
                0.9435974701238196,
                5.990329229680788,
                1.3138713112781388,
                9.985397395793893,
                9.824284723590608,
                5.067723233889662,
                6.752331802847607,
                7.312552346024575,
                7.768887279360493
            ],
            "leave": false,
            "pricing_Storage_Transfer": 0,
            "max_RAM_curr": 11.065989070015487,
            "pricing_RAM": 5,
            "pricing_data_sent": 0.01,
            "pricing_StartRequest": 4e-07
        },
        "provider_2": {
            "name": "aws",
            "estimated_latency": [
                0.1436615027384879,
                8.491226367381316,
                0.0,
                9.329924718671023,
                1.6970660989816193,
                1.3430343732203966,
                0.6574650514952303,
                0.18161182817527582,
                8.141404087630516,
                4.723742287260782,
                5.055074002434831,
                7.3983626097692,
                5.568598975104155,
                0.5231474884308276
            ],
            "leave": false,
            "pricing_Storage_Transfer": 0,
            "max_RAM_curr": 6.549868909208943,
            "pricing_RAM": 5,
            "pricing_data_sent": 0.01,
            "pricing_StartRequest": 4e-07
        },
        "provider_3": {
            "name": "aws",
            "estimated_latency": [
                1.7500923822507375,
                6.413181394598748,
                9.329924718671023,
                0.0,
                5.103608945984556,
                6.494181226618347,
                9.15287984856682,
                0.47911016677414564,
                5.953797876715969,
                2.982599591689453,
                7.142650105413827,
                5.992546099121103,
                2.720798040001709,
                2.24074700364009
            ],
            "leave": false,
            "pricing_Storage_Transfer": 0,
            "max_RAM_curr": 4.577827814237675,
            "pricing_RAM": 5,
            "pricing_data_sent": 0.01,
            "pricing_StartRequest": 4e-07
        },
        "provider_4": {
            "name": "aws",
            "estimated_latency": [
                7.789883835025154,
                0.7838963760695316,
                1.6970660989816193,
                5.103608945984556,
                0.0,
                2.924105194478341,
                5.9117242037438595,
                9.051484142453555,
                9.391469586826606,
                6.993712366799718,
                3.4817383024507396,
                1.5354927492503498,
                9.399762993673772,
                2.55795495349347
            ],
            "leave": false,
            "pricing_Storage_Transfer": 0,
            "max_RAM_curr": 13.50093087669721,
            "pricing_RAM": 5,
            "pricing_data_sent": 0.01,
            "pricing_StartRequest": 4e-07
        },
        "provider_5": {
            "name": "aws",
            "estimated_latency": [
                0.33585537351942674,
                0.9435974701238196,
                1.3430343732203966,
                6.494181226618347,
                2.924105194478341,
                0.0,
                0.8767760733575255,
                3.3415943842161555,
                2.7310173270924802,
                3.0218555004354455,
                9.923326712919527,
                0.22749752686886607,
                1.637302841124148,
                1.997978819379524
            ],
            "leave": false,
            "pricing_Storage_Transfer": 0,
            "max_RAM_curr": 4.240672786422443,
            "pricing_RAM": 5,
            "pricing_data_sent": 0.01,
            "pricing_StartRequest": 4e-07
        },
        "provider_6": {
            "name": "aws",
            "estimated_latency": [
                3.827928595854012,
                5.990329229680788,
                0.6574650514952303,
                9.15287984856682,
                5.9117242037438595,
                0.8767760733575255,
                0.0,
                9.620073154699996,
                0.14395691520228057,
                6.026575958690834,
                2.8325135658463387,
                7.957586676794268,
                8.95606748071086,
                2.3481234011353163
            ],
            "leave": false,
            "pricing_Storage_Transfer": 0,
            "max_RAM_curr": 0.39330610102633423,
            "pricing_RAM": 5,
            "pricing_data_sent": 0.01,
            "pricing_StartRequest": 4e-07
        },
        "provider_7": {
            "name": "aws",
            "estimated_latency": [
                7.383754620899896,
                1.3138713112781388,
                0.18161182817527582,
                0.47911016677414564,
                9.051484142453555,
                3.3415943842161555,
                9.620073154699996,
                0.0,
                2.0202699036432397,
                3.188502976040712,
                4.048380182413024,
                8.466337639145705,
                9.30808214185127,
                8.360396327996428
            ],
            "leave": false,
            "pricing_Storage_Transfer": 0,
            "max_RAM_curr": 13.71037154171264,
            "pricing_RAM": 5,
            "pricing_data_sent": 0.01,
            "pricing_StartRequest": 4e-07
        },
        "provider_8": {
            "name": "aws",
            "estimated_latency": [
                0.7972477515382871,
                9.985397395793893,
                8.141404087630516,
                5.953797876715969,
                9.391469586826606,
                2.7310173270924802,
                0.14395691520228057,
                2.0202699036432397,
                0.0,
                1.6453267773275457,
                1.8824601154086082,
                2.7132734334704693,
                3.7976097177646797,
                1.5936537392796366
            ],
            "leave": false,
            "pricing_Storage_Transfer": 0,
            "max_RAM_curr": 7.650980824528973,
            "pricing_RAM": 5,
            "pricing_data_sent": 0.01,
            "pricing_StartRequest": 4e-07
        },
        "provider_9": {
            "name": "aws",