{
    "name": "cloud_2_402",
    "num_nodes": 7,
    "num_leaves": 1,
    "providers": {
        "provider_0": {
            "name": "aws",
            "leave": true,
            "estimated_latency": [
                0.0,
                3.5173189181518287,
                4.371721302859961,
                2.0874142459579383,
                2.614981848625414,
                7.333829805668674,
                0.8802137314354066
            ],
            "pricing_Storage_Transfer": 0,
            "max_RAM_curr": 4.6692602330599104,
            "pricing_RAM": 5,
            "pricing_data_sent": 0.01,
            "pricing_StartRequest": 4e-07
        },
        "provider_1": {
            "name": "aws",
            "estimated_latency": [
                3.5173189181518287,
                0.0,
                2.4407460074537792,
                1.6434377385836807,
                6.4103565092368395,
                3.1846209726634966,
                7.562035373967303
            ],
            "leave": false,
            "pricing_Storage_Transfer": 0,
            "max_RAM_curr": 0.23435638763205693,
            "pricing_RAM": 5,
            "pricing_data_sent": 0.01,
            "pricing_StartRequest": 4e-07
        },
        "provider_2": {
            "name": "aws",
            "estimated_latency": [
                4.371721302859961,
                2.4407460074537792,
                0.0,
                4.225980569023328,
                1.258439550846904,
                7.9351645529125,
                5.891914139614366
            ],
            "leave": false,
            "pricing_Storage_Transfer": 0,
            "max_RAM_curr": 0.4885026953387346,
            "pricing_RAM": 5,
            "pricing_data_sent": 0.01,
            "pricing_StartRequest": 4e-07
        },
        "provider_3": {
            "name": "aws",
            "estimated_latency": [
                2.0874142459579383,
                1.6434377385836807,
                4.225980569023328,
                0.0,
                1.0442923788092768,
                4.126146480709414,
                6.217346088495331
            ],
            "leave": false,
            "pricing_Storage_Transfer": 0,
            "max_RAM_curr": 0.6221814590100758,
            "pricing_RAM": 5,
            "pricing_data_sent": 0.01,
            "pricing_StartRequest": 4e-07
        },
        "provider_4": {
            "name": "aws",
            "estimated_latency": [
                2.614981848625414,
                6.4103565092368395,
                1.258439550846904,
                1.0442923788092768,
                0.0,
                1.2804502894306986,
                2.655637327959501
            ],
            "leave": false,
            "pricing_Storage_Transfer": 0,
            "max_RAM_curr": 0.6780502373647355,
            "pricing_RAM": 5,
            "pricing_data_sent": 0.01,
            "pricing_StartRequest": 4e-07
        },
        "provider_5": {
            "name": "aws",
            "estimated_latency": [
                7.333829805668674,
                3.1846209726634966,
                7.9351645529125,
                4.126146480709414,
                1.2804502894306986,
                0.0,
                2.738742978312697
            ],
            "leave": false,
            "pricing_Storage_Transfer": 0,
            "max_RAM_curr": 1.6206190060027372,
            "pricing_RAM": 5,
            "pricing_data_sent": 0.01,
            "pricing_StartRequest": 4e-07
        },
        "provider_6": {
            "name": "aws",
            "estimated_latency": [
                0.8802137314354066,
                7.562035373967303,
                5.891914139614366,
                6.217346088495331,
                2.655637327959501,
                2.738742978312697,
                0.0
            ],
            "leave": false,
            "pricing_Storage_Transfer": 0,
            "max_RAM_curr": 0.2813063340152512,
            "pricing_RAM": 5,
            "pricing_data_sent": 0.01,
            "pricing_StartRequest": 4e-07
        }
    }
}