{
    "name": "cloud_2_483",
    "num_nodes": 13,
    "num_leaves": 1,
    "providers": {
        "provider_0": {
            "name": "aws",
            "leave": true,
            "estimated_latency": [
                0.0,
                6.492038771493726,
                9.842024215968127,
                1.9404318341346705,
                2.2965843129833665,
                0.17614069596519938,
                8.271386807411174,
                0.2156105951047459,
                2.5252229631404033,
                1.3420932602347706,
                6.4288720548020795,
                6.863576741902589,
                6.49276688297456
            ],
            "pricing_Storage_Transfer": 0,
            "max_RAM_curr": 2.389691727208119,
            "pricing_RAM": 5,
            "pricing_data_sent": 0.01,
            "pricing_StartRequest": 4e-07
        },
        "provider_1": {
            "name": "aws",
            "estimated_latency": [
                6.492038771493726,
                0.0,
                8.473762060784306,
                3.2323756230721243,
                5.3738302351078975,
                6.751720208263896,
                8.920713146440022,
                5.3345102765641235,
                7.563492297430885,
                5.012951712576893,
                0.9983422506852108,
                1.3657855415175342,
                1.946328021678508
            ],
            "leave": false,
            "pricing_Storage_Transfer": 0,
            "max_RAM_curr": 0.8397897543645583,
            "pricing_RAM": 5,
            "pricing_data_sent": 0.01,
            "pricing_StartRequest": 4e-07
        },
        "provider_2": {
            "name": "aws",
            "estimated_latency": [
                9.842024215968127,
                8.473762060784306,
                0.0,
                6.041880077919368,
                2.0404790097107695,
                1.617716536297386,
                6.842857776910251,
                5.731023878830681,
                3.6615149224660075,
                4.907450723117736,
                6.808478670874885,
                8.906955643969312,
                1.8093465863483627
            ],
            "leave": false,
            "pricing_Storage_Transfer": 0,
            "max_RAM_curr": 1.0126163288721584,
            "pricing_RAM": 5,
            "pricing_data_sent": 0.01,
            "pricing_StartRequest": 4e-07
        },
        "provider_3": {
            "name": "aws",
            "estimated_latency": [
                1.9404318341346705,
                3.2323756230721243,
                6.041880077919368,
                0.0,
                6.424832428520724,
                9.5071221135988,
                7.352373089113119,
                2.08849531069662,
                5.871856646562361,
                6.460748386398424,
                3.511298404877948,
                4.385383644269361,
                9.69132541788202
            ],
            "leave": false,
            "pricing_Storage_Transfer": 0,
            "max_RAM_curr": 2.5706133751598412,
            "pricing_RAM": 5,
            "pricing_data_sent": 0.01,
            "pricing_StartRequest": 4e-07
        },
        "provider_4": {
            "name": "aws",
            "estimated_latency": [
                2.2965843129833665,
                5.3738302351078975,
                2.0404790097107695,
                6.424832428520724,
                0.0,
                3.8266351931193743,
                7.1669398153597195,
                9.907493117493003,
                7.700019352897699,
                3.22573688659365,
                1.5541022002280074,
                6.878271872300387,
                7.4390206350631845
            ],
            "leave": false,
            "pricing_Storage_Transfer": 0,
            "max_RAM_curr": 11.114519983188702,
            "pricing_RAM": 5,
            "pricing_data_sent": 0.01,
            "pricing_StartRequest": 4e-07
        },
        "provider_5": {
            "name": "aws",
            "estimated_latency": [
                0.17614069596519938,
                6.751720208263896,
                1.617716536297386,
                9.5071221135988,
                3.8266351931193743,
                0.0,
                2.493701117765831,
                9.00761599378159,
                5.575129864403659,
                0.44712897626145387,
                0.6463229918671293,
                7.384233787770673,
                9.48083132213474
            ],
            "leave": false,
            "pricing_Storage_Transfer": 0,
            "max_RAM_curr": 6.69445167944629,
            "pricing_RAM": 5,
            "pricing_data_sent": 0.01,
            "pricing_StartRequest": 4e-07
        },
        "provider_6": {
            "name": "aws",
            "estimated_latency": [
                8.271386807411174,
                8.920713146440022,
                6.842857776910251,
                7.352373089113119,
                7.1669398153597195,
                2.493701117765831,
                0.0,
                8.773984643186195,
                9.958903659306507,
                3.7249464019759833,
                6.465743547013454,
                0.3905555385922238,
                3.9814237436692403
            ],
            "leave": false,
            "pricing_Storage_Transfer": 0,
            "max_RAM_curr": 4.307451658666208,
            "pricing_RAM": 5,
            "pricing_data_sent": 0.01,
            "pricing_StartRequest": 4e-07
        },
        "provider_7": {
            "name": "aws",
            "estimated_latency": [
                0.2156105951047459,
                5.3345102765641235,
                5.731023878830681,
                2.08849531069662,
                9.907493117493003,
                9.00761599378159,
                8.773984643186195,
                0.0,
                5.251843024905721,
                9.374831217233847,
                5.288999667996163,
                7.618877048748939,
                8.656560073752296
            ],
            "leave": false,
            "pricing_Storage_Transfer": 0,
            "max_RAM_curr": 4.136484580940441,
            "pricing_RAM": 5,
            "pricing_data_sent": 0.01,
            "pricing_StartRequest": 4e-07
        },
        "provider_8": {
            "name": "aws",
            "estimated_latency": [
                2.5252229631404033,
                7.563492297430885,
                3.6615149224660075,
                5.871856646562361,
                7.700019352897699,
                5.575129864403659,
                9.958903659306507,
                5.251843024905721,
                0.0,
                2.0835491047727004,
                7.565061816164979,
                5.65207562700467,
                0.4961375307935981
            ],
            "leave": false,
            "pricing_Storage_Transfer": 0,
            "max_RAM_curr": 1.76826065857697,
            "pricing_RAM": 5,
            "pricing_data_sent": 0.01,
            "pricing_StartRequest": 4e-07
        },
        "provider_9": {
            "name": "aws",
            "estimated_latency": [
                1.3420932602347706,
                5.012951712576893,
                4.907450723117736,
                6.460748386398424,
                3.22573688659365,
                0.44712897626145387,
                3.7249464019759833,
                9.374831217233847,
                2.0835491047727004,
                0.0,
                8.060741218688426,
                7.288778427918359,
                2.210345390465959
            ],
            "leave": false,
            "pricing_Storage_Transfer": 0,
            "max_RAM_curr": 5.200769082971375,
            "pricing_RAM": 5,
            "pricing_data_sent": 0.01,
            "pricing_StartRequest": 4e-07
        },
        "provider_10": {
            "name": "aws",