{
    "name": "cloud_2_124",
    "num_nodes": 16,
    "num_leaves": 1,
    "providers": {
        "provider_0": {
            "name": "aws",
            "leave": true,
            "estimated_latency": [
                0.0,
                7.486508219612431,
                7.835446743075533,
                9.61315748443248,
                8.902817986235544,
                5.5076937951120994,
                5.9701387278160665,
                2.4069217332932253,
                3.620107861034528,
                7.832062171509719,
                3.1377127145633845,
                4.695509530678825,
                7.237141160780023,
                7.505061625115409,
                9.135071045049841,
                8.912416131162939
            ],
            "pricing_Storage_Transfer": 0,
            "max_RAM_curr": 32.35994001773991,
            "pricing_RAM": 5,
            "pricing_data_sent": 0.01,
            "pricing_StartRequest": 4e-07
        },
        "provider_1": {
            "name": "aws",
            "estimated_latency": [
                7.486508219612431,
                0.0,
                6.961896674180675,
                2.871571909564071,
                8.17348899653667,
                3.5595647466091385,
                5.102386148883268,
                7.15688900621045,
                4.481900243680486,
                2.1701903098662974,
                2.788661762341807,
                1.1376170949799187,
                3.905917528650697,
                8.592684198757325,
                0.9814971736144406,
                0.8482064341651968
            ],
            "leave": false,
            "pricing_Storage_Transfer": 0,
            "max_RAM_curr": 10.20770817315365,
            "pricing_RAM": 5,
            "pricing_data_sent": 0.01,
            "pricing_StartRequest": 4e-07
        },
        "provider_2": {
            "name": "aws",
            "estimated_latency": [
                7.835446743075533,
                6.961896674180675,
                0.0,
                6.486171737567471,
                6.921304562015966,
                3.9247865812092853,
                8.041523839515994,
                7.3417324326555455,
                0.47190661045084825,
                5.279430493735917,
                4.765430885839402,
                3.0580275257186877,
                2.947424629617923,
                5.919534369172569,
                3.4686977638715,
                7.341520101983541
            ],
            "leave": false,
            "pricing_Storage_Transfer": 0,
            "max_RAM_curr": 214.436571120459,
            "pricing_RAM": 5,
            "pricing_data_sent": 0.01,
            "pricing_StartRequest": 4e-07
        },
        "provider_3": {
            "name": "aws",
            "estimated_latency": [
                9.61315748443248,
                2.871571909564071,
                6.486171737567471,
                0.0,
                4.930579039088822,
                9.047771884420206,
                2.5238817605181305,
                6.178083857148026,
                8.270277709098966,
                1.4399450399215121,
                0.9003152245945363,
                5.716828971836587,
                4.438749944473051,
                6.179448333209413,
                3.3110772647393247,
                1.2563474121616804
            ],
            "leave": false,
            "pricing_Storage_Transfer": 0,
            "max_RAM_curr": 4.439119288603473,
            "pricing_RAM": 5,
            "pricing_data_sent": 0.01,
            "pricing_StartRequest": 4e-07
        },
        "provider_4": {
            "name": "aws",
            "estimated_latency": [
                8.902817986235544,
                8.17348899653667,
                6.921304562015966,
                4.930579039088822,
                0.0,
                9.631347459299311,
                4.5615815479962265,
                6.230531720512001,
                5.765748619672996,
                6.478911507784792,
                7.630308817840734,
                7.626446718120826,
                8.042769050236307,
                7.664050317850838,
                7.1930453656823135,
                5.355877658883553
            ],
            "leave": false,
            "pricing_Storage_Transfer": 0,
            "max_RAM_curr": 67.24884698468804,
            "pricing_RAM": 5,
            "pricing_data_sent": 0.01,
            "pricing_StartRequest": 4e-07
        },
        "provider_5": {
            "name": "aws",
            "estimated_latency": [
                5.5076937951120994,
                3.5595647466091385,
                3.9247865812092853,
                9.047771884420206,
                9.631347459299311,
                0.0,
                0.14288841965266183,
                1.0011219496541752,
                5.874270054641691,
                7.147921615496666,
                1.2293891351465414,
                9.599282596073769,
                5.933303833020297,
                5.143604908638263,
                4.973427923234032,
                3.101505992687444
            ],
            "leave": false,
            "pricing_Storage_Transfer": 0,
            "max_RAM_curr": 34.862076805549655,
            "pricing_RAM": 5,
            "pricing_data_sent": 0.01,
            "pricing_StartRequest": 4e-07
        },
        "provider_6": {
            "name": "aws",
            "estimated_latency": [
                5.9701387278160665,
                5.102386148883268,
                8.041523839515994,
                2.5238817605181305,
                4.5615815479962265,
                0.14288841965266183,
                0.0,
                5.260008653793999,
                8.196249344170848,
                0.8608897113425378,
                2.0840357500934252,
                6.288767966493806,
                6.047846914114826,
                7.8700713983590465,
                6.975476506359019,
                5.918224396480496
            ],
            "leave": false,
            "pricing_Storage_Transfer": 0,
            "max_RAM_curr": 3.3601631027259193,
            "pricing_RAM": 5,
            "pricing_data_sent": 0.01,
            "pricing_StartRequest": 4e-07
        },
        "provider_7": {
            "name": "aws",
            "estimated_latency": [
                2.4069217332932253,
                7.15688900621045,
                7.3417324326555455,
                6.178083857148026,
                6.230531720512001,
                1.0011219496541752,
                5.260008653793999,
                0.0,
                5.815829820373383,
                1.2958599291622437,
                8.126592904975608,
                2.0182434150744313,
                2.138306144218673,
                3.829099734662393,
                6.44478469698977,
                9.554604680457295
            ],
            "leave": false,
            "pricing_Storage_Transfer": 0,
            "max_RAM_curr": 15.139335051352731,
            "pricing_RAM": 5,
            "pricing_data_sent": 0.01,
            "pricing_StartRequest": 4e-07
        },
        "provider_8": {
            "name": "aws",
            "estimated_latency": [
                3.620107861034528,
                4.481900243680486,
                0.47190661045084825,
                8.270277709098966,
                5.765748619672996,
                5.874270054641691,
                8.196249344170848,
                5.815829820373383,
                0.0,
                2.70173364620141,
                5.185320597325361,
                4.889747270539219,
                9.132055959354126,
                6.551094108261829,
                5.659245504949135,
                3.716225728654507
            ],
            "leave": false,
            "pricing_Storage_Transfer": 0,
            "max_RAM_curr": 110.95185865787207,