{
    "name": "cloud_2_293",
    "num_nodes": 13,
    "num_leaves": 1,
    "providers": {
        "provider_0": {
            "name": "aws",
            "leave": true,
            "estimated_latency": [
                0.0,
                3.8656454955227,
                8.573763773066503,
                9.955545545198861,
                3.29222988904172,
                6.717454491388828,
                4.179600057403414,
                3.951986072246248,
                4.258769527419821,
                3.003735103734692,
                4.7493011111527945,
                4.836032667731605,
                0.15272081520050057
            ],
            "pricing_Storage_Transfer": 0,
            "max_RAM_curr": 12.120000510682187,
            "pricing_RAM": 5,
            "pricing_data_sent": 0.01,
            "pricing_StartRequest": 4e-07
        },
        "provider_1": {
            "name": "aws",
            "estimated_latency": [
                3.8656454955227,
                0.0,
                2.0328538394023052,
                9.306593994679394,
                7.270449981836103,
                5.49036170198337,
                2.8505695826272555,
                2.8939665664849064,
                5.680069502797319,
                5.2564099424059485,
                1.2043530442922699,
                0.20234215238895564,
                3.4452536061925927
            ],
            "leave": false,
            "pricing_Storage_Transfer": 0,
            "max_RAM_curr": 8.276504241875557,
            "pricing_RAM": 5,
            "pricing_data_sent": 0.01,
            "pricing_StartRequest": 4e-07
        },
        "provider_2": {
            "name": "aws",
            "estimated_latency": [
                8.573763773066503,
                2.0328538394023052,
                0.0,
                2.37253975040038,
                7.928159656552626,
                7.115625413945195,
                0.8506181809825072,
                8.658808751972034,
                9.648062859096271,
                8.79707779693169,
                1.6706192680499297,
                8.553966728445435,
                3.7826274174129684
            ],
            "leave": false,
            "pricing_Storage_Transfer": 0,
            "max_RAM_curr": 11.498938979486162,
            "pricing_RAM": 5,
            "pricing_data_sent": 0.01,
            "pricing_StartRequest": 4e-07
        },
        "provider_3": {
            "name": "aws",
            "estimated_latency": [
                9.955545545198861,
                9.306593994679394,
                2.37253975040038,
                0.0,
                0.3355087612199085,
                4.05976533991919,
                2.2751213486588084,
                8.483012735367856,
                9.556992883902181,
                5.188542930283635,
                6.028922453306375,
                4.911542857972427,
                6.028925876145216
            ],
            "leave": false,
            "pricing_Storage_Transfer": 0,
            "max_RAM_curr": 0.5402277036151455,
            "pricing_RAM": 5,
            "pricing_data_sent": 0.01,
            "pricing_StartRequest": 4e-07
        },
        "provider_4": {
            "name": "aws",
            "estimated_latency": [
                3.29222988904172,
                7.270449981836103,
                7.928159656552626,
                0.3355087612199085,
                0.0,
                7.347904188371781,
                7.732771587286342,
                9.116893673060407,
                4.445778119038149,
                1.5462720256128666,
                4.252686177070657,
                5.7192443998410285,
                5.751886200179813
            ],
            "leave": false,
            "pricing_Storage_Transfer": 0,
            "max_RAM_curr": 7.9025803444095075,
            "pricing_RAM": 5,
            "pricing_data_sent": 0.01,
            "pricing_StartRequest": 4e-07
        },
        "provider_5": {
            "name": "aws",
            "estimated_latency": [
                6.717454491388828,
                5.49036170198337,
                7.115625413945195,
                4.05976533991919,
                7.347904188371781,
                0.0,
                1.213124163024018,
                8.916756715458119,
                5.8185404087084365,
                8.373252100322652,
                3.652495864223949,
                6.683415581005481,
                2.1034911448144653
            ],
            "leave": false,
            "pricing_Storage_Transfer": 0,
            "max_RAM_curr": 13.774080288893986,
            "pricing_RAM": 5,
            "pricing_data_sent": 0.01,
            "pricing_StartRequest": 4e-07
        },
        "provider_6": {
            "name": "aws",
            "estimated_latency": [
                4.179600057403414,
                2.8505695826272555,
                0.8506181809825072,
                2.2751213486588084,
                7.732771587286342,
                1.213124163024018,
                0.0,
                7.377467336097668,
                5.3199200579838655,
                6.4857061804852725,
                0.26813219768630836,
                1.6605548007272302,
                8.10984562879651
            ],
            "leave": false,
            "pricing_Storage_Transfer": 0,
            "max_RAM_curr": 12.797592804825252,
            "pricing_RAM": 5,
            "pricing_data_sent": 0.01,
            "pricing_StartRequest": 4e-07
        },
        "provider_7": {
            "name": "aws",
            "estimated_latency": [
                3.951986072246248,
                2.8939665664849064,
                8.658808751972034,
                8.483012735367856,
                9.116893673060407,
                8.916756715458119,
                7.377467336097668,
                0.0,
                4.391696597724145,
                3.562879273632698,
                5.1863910691815756,
                4.193174253362639,
                6.910370390496194
            ],
            "leave": false,
            "pricing_Storage_Transfer": 0,
            "max_RAM_curr": 33.389311469470755,
            "pricing_RAM": 5,
            "pricing_data_sent": 0.01,
            "pricing_StartRequest": 4e-07
        },
        "provider_8": {
            "name": "aws",
            "estimated_latency": [
                4.258769527419821,
                5.680069502797319,
                9.648062859096271,
                9.556992883902181,
                4.445778119038149,
                5.8185404087084365,
                5.3199200579838655,
                4.391696597724145,
                0.0,
                1.7038036746846412,
                7.425685424041543,
                8.85813474484011,
                3.6581231210552527
            ],
            "leave": false,
            "pricing_Storage_Transfer": 0,
            "max_RAM_curr": 16.814118799141188,
            "pricing_RAM": 5,
            "pricing_data_sent": 0.01,
            "pricing_StartRequest": 4e-07
        },
        "provider_9": {
            "name": "aws",
            "estimated_latency": [
                3.003735103734692,
                5.2564099424059485,
                8.79707779693169,
                5.188542930283635,
                1.5462720256128666,
                8.373252100322652,
                6.4857061804852725,
                3.562879273632698,
                1.7038036746846412,
                0.0,
                6.230130972060697,
                0.6726485868278065,
                4.111275905883334
            ],
            "leave": false,
            "pricing_Storage_Transfer": 0,
            "max_RAM_curr": 23.783607425933845,
            "pricing_RAM": 5,
            "pricing_data_sent": 0.01,
            "pricing_StartRequest": 4e-07
        },
        "provider_10": {
            "name": "aws",