{
    "name": "cloud_2_453",
    "num_nodes": 9,
    "num_leaves": 1,
    "providers": {
        "provider_0": {
            "name": "aws",
            "leave": true,
            "estimated_latency": [
                0.0,
                2.7849052453396212,
                9.995467427272247,
                8.546753644844355,
                8.586890005226152,
                1.8326262597046683,
                1.1064845164401746,
                5.780741339799274,
                7.676321952796923
            ],
            "pricing_Storage_Transfer": 0,
            "max_RAM_curr": 11.863796842039338,
            "pricing_RAM": 5,
            "pricing_data_sent": 0.01,
            "pricing_StartRequest": 4e-07
        },
        "provider_1": {
            "name": "aws",
            "estimated_latency": [
                2.7849052453396212,
                0.0,
                0.6708892593500206,
                1.7691965908297502,
                5.662823996656469,
                8.117054157584613,
                8.40657816893184,
                8.676879517381666,
                7.648335397464982
            ],
            "leave": false,
            "pricing_Storage_Transfer": 0,
            "max_RAM_curr": 15.881125263062357,
            "pricing_RAM": 5,
            "pricing_data_sent": 0.01,
            "pricing_StartRequest": 4e-07
        },
        "provider_2": {
            "name": "aws",
            "estimated_latency": [
                9.995467427272247,
                0.6708892593500206,
                0.0,
                8.566480003543155,
                0.8984003616045653,
                8.584897426200438,
                0.5398765999009402,
                8.788925906332832,
                2.2399612856024054
            ],
            "leave": false,
            "pricing_Storage_Transfer": 0,
            "max_RAM_curr": 15.043947940883244,
            "pricing_RAM": 5,
            "pricing_data_sent": 0.01,
            "pricing_StartRequest": 4e-07
        },
        "provider_3": {
            "name": "aws",
            "estimated_latency": [
                8.546753644844355,
                1.7691965908297502,
                8.566480003543155,
                0.0,
                2.605508428895662,
                5.20535286609384,
                8.924160719128276,
                1.062520045711801,
                3.545692245943708
            ],
            "leave": false,
            "pricing_Storage_Transfer": 0,
            "max_RAM_curr": 8.904349867634249,
            "pricing_RAM": 5,
            "pricing_data_sent": 0.01,
            "pricing_StartRequest": 4e-07
        },
        "provider_4": {
            "name": "aws",
            "estimated_latency": [
                8.586890005226152,
                5.662823996656469,
                0.8984003616045653,
                2.605508428895662,
                0.0,
                0.24846738860145715,
                3.1089458576362214,
                7.661021191253476,
                6.350399627373595
            ],
            "leave": false,
            "pricing_Storage_Transfer": 0,
            "max_RAM_curr": 2.6942928676911873,
            "pricing_RAM": 5,
            "pricing_data_sent": 0.01,
            "pricing_StartRequest": 4e-07
        },
        "provider_5": {
            "name": "aws",
            "estimated_latency": [
                1.8326262597046683,
                8.117054157584613,
                8.584897426200438,
                5.20535286609384,
                0.24846738860145715,
                0.0,
                1.9965460165018585,
                4.076742101651231,
                2.5321182345376623
            ],
            "leave": false,
            "pricing_Storage_Transfer": 0,
            "max_RAM_curr": 3.7808461478165527,
            "pricing_RAM": 5,
            "pricing_data_sent": 0.01,
            "pricing_StartRequest": 4e-07
        },
        "provider_6": {
            "name": "aws",
            "estimated_latency": [
                1.1064845164401746,
                8.40657816893184,
                0.5398765999009402,
                8.924160719128276,
                3.1089458576362214,
                1.9965460165018585,
                0.0,
                3.5343839620642825,
                9.079777158279368
            ],
            "leave": false,
            "pricing_Storage_Transfer": 0,
            "max_RAM_curr": 14.193555347290216,
            "pricing_RAM": 5,
            "pricing_data_sent": 0.01,
            "pricing_StartRequest": 4e-07
        },
        "provider_7": {
            "name": "aws",
            "estimated_latency": [
                5.780741339799274,
                8.676879517381666,
                8.788925906332832,
                1.062520045711801,
                7.661021191253476,
                4.076742101651231,
                3.5343839620642825,
                0.0,
                9.806296731293958
            ],
            "leave": false,
            "pricing_Storage_Transfer": 0,
            "max_RAM_curr": 5.039691234527634,
            "pricing_RAM": 5,
            "pricing_data_sent": 0.01,
            "pricing_StartRequest": 4e-07
        },
        "provider_8": {
            "name": "aws",
            "estimated_latency": [
                7.676321952796923,
                7.648335397464982,
                2.2399612856024054,
                3.545692245943708,
                6.350399627373595,
                2.5321182345376623,
                9.079777158279368,
                9.806296731293958,
                0.0
            ],
            "leave": false,
            "pricing_Storage_Transfer": 0,
            "max_RAM_curr": 16.90938865799044,
            "pricing_RAM": 5,
            "pricing_data_sent": 0.01,
            "pricing_StartRequest": 4e-07
        }
    }
}