{
    "name": "cloud_2_40",
    "num_nodes": 16,
    "num_leaves": 1,
    "providers": {
        "provider_0": {
            "name": "aws",
            "leave": true,
            "estimated_latency": [
                0.0,
                8.17469605800817,
                2.255019596140789,
                5.943938865795918,
                8.669445308591216,
                3.2623631700081352,
                3.550591197382025,
                2.8465216345374387,
                8.876436006079281,
                5.182778877521923,
                0.7738746952860186,
                7.437193854029543,
                5.085859791514435,
                5.512958361465942,
                0.13308779354291653,
                1.2891122278482003
            ],
            "pricing_Storage_Transfer": 0,
            "max_RAM_curr": 8.058463899046894,
            "pricing_RAM": 5,
            "pricing_data_sent": 0.01,
            "pricing_StartRequest": 4e-07
        },
        "provider_1": {
            "name": "aws",
            "estimated_latency": [
                8.17469605800817,
                0.0,
                4.637398679777111,
                8.088308453787944,
                5.073003932951059,
                4.12673008261721,
                4.7609319319098455,
                9.310799642287805,
                4.8687044217264885,
                0.3980927575241888,
                5.119603467145271,
                1.8473423176403232,
                8.149345996817743,
                0.6036633221018791,
                5.99523831421316,
                4.984549217481963
            ],
            "leave": false,
            "pricing_Storage_Transfer": 0,
            "max_RAM_curr": 3.7103802449499343,
            "pricing_RAM": 5,
            "pricing_data_sent": 0.01,
            "pricing_StartRequest": 4e-07
        },
        "provider_2": {
            "name": "aws",
            "estimated_latency": [
                2.255019596140789,
                4.637398679777111,
                0.0,
                0.5826347698215377,
                5.061035028178433,
                2.6972965163548164,
                3.3983022767973092,
                6.261015620067613,
                5.4167635454295935,
                1.9186138048709624,
                5.121797451465396,
                6.052017925977608,
                4.251468553534733,
                2.8117005352216924,
                9.325105725305269,
                3.7061194294254216
            ],
            "leave": false,
            "pricing_Storage_Transfer": 0,
            "max_RAM_curr": 1.3778244601779517,
            "pricing_RAM": 5,
            "pricing_data_sent": 0.01,
            "pricing_StartRequest": 4e-07
        },
        "provider_3": {
            "name": "aws",
            "estimated_latency": [
                5.943938865795918,
                8.088308453787944,
                0.5826347698215377,
                0.0,
                7.825262260163016,
                5.761568004873707,
                5.24546279465467,
                3.050644898394446,
                2.602037023217509,
                6.705346583452767,
                7.039765084298682,
                7.853687024749513,
                2.6023384789855943,
                0.9992613559905827,
                5.7958570787632215,
                0.5443894639860503
            ],
            "leave": false,
            "pricing_Storage_Transfer": 0,
            "max_RAM_curr": 1.074420037212108,
            "pricing_RAM": 5,
            "pricing_data_sent": 0.01,
            "pricing_StartRequest": 4e-07
        },
        "provider_4": {
            "name": "aws",
            "estimated_latency": [
                8.669445308591216,
                5.073003932951059,
                5.061035028178433,
                7.825262260163016,
                0.0,
                5.166454521563732,
                3.643601818068592,
                0.968440503061796,
                7.541513995214166,
                9.895501922591952,
                4.644309763288128,
                8.344876732153587,
                6.929508863508085,
                3.4820903999471033,
                4.126459869314785,
                9.052273705580236
            ],
            "leave": false,
            "pricing_Storage_Transfer": 0,
            "max_RAM_curr": 3.4704316335070278,
            "pricing_RAM": 5,
            "pricing_data_sent": 0.01,
            "pricing_StartRequest": 4e-07
        },
        "provider_5": {
            "name": "aws",
            "estimated_latency": [
                3.2623631700081352,
                4.12673008261721,
                2.6972965163548164,
                5.761568004873707,
                5.166454521563732,
                0.0,
                6.399888998098796,
                3.233243878923476,
                8.543593238181263,
                4.262323823489751,
                9.003218920084814,
                2.6035915577538233,
                7.001757899535504,
                8.869201354350073,
                3.9552977736661945,
                9.70242951769042
            ],
            "leave": false,
            "pricing_Storage_Transfer": 0,
            "max_RAM_curr": 2.4047568893490516,
            "pricing_RAM": 5,
            "pricing_data_sent": 0.01,
            "pricing_StartRequest": 4e-07
        },
        "provider_6": {
            "name": "aws",
            "estimated_latency": [
                3.550591197382025,
                4.7609319319098455,
                3.3983022767973092,
                5.24546279465467,
                3.643601818068592,
                6.399888998098796,
                0.0,
                6.174740597575602,
                4.63187693855358,
                7.369541109575963,
                1.8100953376031579,
                2.3903091485215473,
                1.1516344076096519,
                2.7252189910335143,
                8.72249566129223,
                0.17815439826931095
            ],
            "leave": false,
            "pricing_Storage_Transfer": 0,
            "max_RAM_curr": 15.452239712247911,
            "pricing_RAM": 5,
            "pricing_data_sent": 0.01,
            "pricing_StartRequest": 4e-07
        },
        "provider_7": {
            "name": "aws",
            "estimated_latency": [
                2.8465216345374387,
                9.310799642287805,
                6.261015620067613,
                3.050644898394446,
                0.968440503061796,
                3.233243878923476,
                6.174740597575602,
                0.0,
                4.937656273611321,
                3.9101510494097917,
                6.8826691107805695,
                0.6384159903305219,
                7.959865361456271,
                2.820445589351885,
                6.557826012309912,
                2.8277570260791043
            ],
            "leave": false,
            "pricing_Storage_Transfer": 0,
            "max_RAM_curr": 16.68478030357819,
            "pricing_RAM": 5,
            "pricing_data_sent": 0.01,
            "pricing_StartRequest": 4e-07
        },
        "provider_8": {
            "name": "aws",
            "estimated_latency": [
                8.876436006079281,
                4.8687044217264885,
                5.4167635454295935,
                2.602037023217509,
                7.541513995214166,
                8.543593238181263,
                4.63187693855358,
                4.937656273611321,
                0.0,
                6.730859918372858,
                5.930627515880919,
                7.461554669445758,
                5.210044237779928,
                8.515256592097769,
                2.2236344906930636,
                7.690874551834048
            ],
            "leave": false,
            "pricing_Storage_Transfer": 0,
            "max_RAM_curr": 4.9609531443468,