{
    "name": "cloud_2_352",
    "num_nodes": 5,
    "num_leaves": 1,
    "providers": {
        "provider_0": {
            "name": "aws",
            "leave": true,
            "estimated_latency": [
                0.0,
                5.001134215620435,
                8.255018258317264,
                2.3791977905227544,
                3.531114547323614
            ],
            "pricing_Storage_Transfer": 0,
            "max_RAM_curr": 2.8906842930122263,
            "pricing_RAM": 5,
            "pricing_data_sent": 0.01,
            "pricing_StartRequest": 4e-07
        },
        "provider_1": {
            "name": "aws",
            "estimated_latency": [
                5.001134215620435,
                0.0,
                6.384194650735953,
                3.063146567763567,
                5.763559066329083
            ],
            "leave": false,
            "pricing_Storage_Transfer": 0,
            "max_RAM_curr": 0.15248440337744457,
            "pricing_RAM": 5,
            "pricing_data_sent": 0.01,
            "pricing_StartRequest": 4e-07
        },
        "provider_2": {
            "name": "aws",
            "estimated_latency": [
                8.255018258317264,
                6.384194650735953,
                0.0,
                5.698483451717303,
                3.768062490651501
            ],
            "leave": false,
            "pricing_Storage_Transfer": 0,
            "max_RAM_curr": 0.35059013554501944,
            "pricing_RAM": 5,
            "pricing_data_sent": 0.01,
            "pricing_StartRequest": 4e-07
        },
        "provider_3": {
            "name": "aws",
            "estimated_latency": [
                2.3791977905227544,
                3.063146567763567,
                5.698483451717303,
                0.0,
                0.8957232376888167
            ],
            "leave": false,
            "pricing_Storage_Transfer": 0,
            "max_RAM_curr": 0.6461800199366593,
            "pricing_RAM": 5,
            "pricing_data_sent": 0.01,
            "pricing_StartRequest": 4e-07
        },
        "provider_4": {
            "name": "aws",
            "estimated_latency": [
                3.531114547323614,
                5.763559066329083,
                3.768062490651501,
                0.8957232376888167,
                0.0
            ],
            "leave": false,
            "pricing_Storage_Transfer": 0,
            "max_RAM_curr": 0.6630105018651823,
            "pricing_RAM": 5,
            "pricing_data_sent": 0.01,
            "pricing_StartRequest": 4e-07
        }
    }
}