{
    "name": "cloud_2_348",
    "num_nodes": 14,
    "num_leaves": 1,
    "providers": {
        "provider_0": {
            "name": "aws",
            "leave": true,
            "estimated_latency": [
                0.0,
                8.921880344334317,
                4.137548727732373,
                5.28953545315629,
                9.716868275612297,
                6.823015291187097,
                2.3701173157868207,
                5.10782281435818,
                6.933729124895623,
                5.4414961236368455,
                4.918307918266041,
                0.6120781189875956,
                3.8864169046790673,
                0.860101573073442
            ],
            "pricing_Storage_Transfer": 0,
            "max_RAM_curr": 1.673029438446676,
            "pricing_RAM": 5,
            "pricing_data_sent": 0.01,
            "pricing_StartRequest": 4e-07
        },
        "provider_1": {
            "name": "aws",
            "estimated_latency": [
                8.921880344334317,
                0.0,
                8.971223741774823,
                0.29184743352599696,
                1.2382321340716762,
                8.35232651627146,
                6.553231253777948,
                0.21408937361550756,
                7.5146669051195865,
                2.910774049227298,
                4.174041178293479,
                6.057421941186048,
                9.617898849407636,
                4.00860818644527
            ],
            "leave": false,
            "pricing_Storage_Transfer": 0,
            "max_RAM_curr": 4.759605163965349,
            "pricing_RAM": 5,
            "pricing_data_sent": 0.01,
            "pricing_StartRequest": 4e-07
        },
        "provider_2": {
            "name": "aws",
            "estimated_latency": [
                4.137548727732373,
                8.971223741774823,
                0.0,
                4.113241666303003,
                4.298165348082271,
                4.923708241848943,
                3.616977409203885,
                8.095124688960029,
                2.952240000174834,
                8.987629263735768,
                4.690588754808013,
                8.54513014742134,
                8.56890267630415,
                8.164713414175747
            ],
            "leave": false,
            "pricing_Storage_Transfer": 0,
            "max_RAM_curr": 7.9560001618620175,
            "pricing_RAM": 5,
            "pricing_data_sent": 0.01,
            "pricing_StartRequest": 4e-07
        },
        "provider_3": {
            "name": "aws",
            "estimated_latency": [
                5.28953545315629,
                0.29184743352599696,
                4.113241666303003,
                0.0,
                7.405643328248174,
                4.721243038616314,
                6.16776550936975,
                5.361883594268521,
                9.530324134613647,
                7.853668224898879,
                4.058049575837886,
                4.758538372332796,
                6.254230476416255,
                6.44945984855978
            ],
            "leave": false,
            "pricing_Storage_Transfer": 0,
            "max_RAM_curr": 0.6379057156076773,
            "pricing_RAM": 5,
            "pricing_data_sent": 0.01,
            "pricing_StartRequest": 4e-07
        },
        "provider_4": {
            "name": "aws",
            "estimated_latency": [
                9.716868275612297,
                1.2382321340716762,
                4.298165348082271,
                7.405643328248174,
                0.0,
                5.864864714846544,
                7.3112835040734065,
                0.7117660518400551,
                5.145195516236805,
                2.788918031709506,
                3.3202787741760282,
                0.30220752209153906,
                0.32961170818804614,
                9.091447710105399
            ],
            "leave": false,
            "pricing_Storage_Transfer": 0,
            "max_RAM_curr": 15.134576987094347,
            "pricing_RAM": 5,
            "pricing_data_sent": 0.01,
            "pricing_StartRequest": 4e-07
        },
        "provider_5": {
            "name": "aws",
            "estimated_latency": [
                6.823015291187097,
                8.35232651627146,
                4.923708241848943,
                4.721243038616314,
                5.864864714846544,
                0.0,
                4.2289761657921145,
                5.985146566677845,
                4.874889655814621,
                2.398640238746558,
                4.6534171165920455,
                9.03512917297111,
                4.408814968711349,
                8.379557690718153
            ],
            "leave": false,
            "pricing_Storage_Transfer": 0,
            "max_RAM_curr": 13.684664299067647,
            "pricing_RAM": 5,
            "pricing_data_sent": 0.01,
            "pricing_StartRequest": 4e-07
        },
        "provider_6": {
            "name": "aws",
            "estimated_latency": [
                2.3701173157868207,
                6.553231253777948,
                3.616977409203885,
                6.16776550936975,
                7.3112835040734065,
                4.2289761657921145,
                0.0,
                1.5002321526812823,
                5.328958912368107,
                9.79175213898971,
                3.3437433025874697,
                8.918726366933841,
                2.8535852929034937,
                8.506121325414334
            ],
            "leave": false,
            "pricing_Storage_Transfer": 0,
            "max_RAM_curr": 10.80199849035368,
            "pricing_RAM": 5,
            "pricing_data_sent": 0.01,
            "pricing_StartRequest": 4e-07
        },
        "provider_7": {
            "name": "aws",
            "estimated_latency": [
                5.10782281435818,
                0.21408937361550756,
                8.095124688960029,
                5.361883594268521,
                0.7117660518400551,
                5.985146566677845,
                1.5002321526812823,
                0.0,
                0.11810308732486194,
                3.9395443710267406,
                1.7918668046261599,
                3.3689138571843626,
                7.836266214071938,
                7.132933379006837
            ],
            "leave": false,
            "pricing_Storage_Transfer": 0,
            "max_RAM_curr": 0.9141884287450014,
            "pricing_RAM": 5,
            "pricing_data_sent": 0.01,
            "pricing_StartRequest": 4e-07
        },
        "provider_8": {
            "name": "aws",
            "estimated_latency": [
                6.933729124895623,
                7.5146669051195865,
                2.952240000174834,
                9.530324134613647,
                5.145195516236805,
                4.874889655814621,
                5.328958912368107,
                0.11810308732486194,
                0.0,
                7.5594989484788115,
                4.7523830240411815,
                9.161950503045764,
                2.114885244798458,
                5.81196514721212
            ],
            "leave": false,
            "pricing_Storage_Transfer": 0,
            "max_RAM_curr": 2.487951859178749,
            "pricing_RAM": 5,
            "pricing_data_sent": 0.01,
            "pricing_StartRequest": 4e-07
        },
        "provider_9": {
            "name": "aws",