{
    "name": "cloud_2_980",
    "num_nodes": 15,
    "num_leaves": 1,
    "providers": {
        "provider_0": {
            "name": "aws",
            "leave": true,
            "estimated_latency": [
                0.0,
                1.0037083589243867,
                1.1854364646443445,
                1.2650186396401595,
                8.055454615732385,
                7.46135147137049,
                3.884039337553367,
                2.508942341903323,
                7.8291171776688655,
                4.706108586326686,
                5.182493707956311,
                6.892946066252748,
                5.948725407305942,
                4.276343063535192,
                5.978736920928912
            ],
            "pricing_Storage_Transfer": 0,
            "max_RAM_curr": 6.812353798352162,
            "pricing_RAM": 5,
            "pricing_data_sent": 0.01,
            "pricing_StartRequest": 4e-07
        },
        "provider_1": {
            "name": "aws",
            "estimated_latency": [
                1.0037083589243867,
                0.0,
                4.170310482150246,
                4.652037997151366,
                3.8165424160194,
                1.0514247632177667,
                6.796877393929997,
                5.585640313018279,
                6.388683215060893,
                0.48783164517200006,
                4.117772620509491,
                0.1819233947684218,
                2.554406253819219,
                9.673050404538989,
                8.712208508250539
            ],
            "leave": false,
            "pricing_Storage_Transfer": 0,
            "max_RAM_curr": 1.2198850384649345,
            "pricing_RAM": 5,
            "pricing_data_sent": 0.01,
            "pricing_StartRequest": 4e-07
        },
        "provider_2": {
            "name": "aws",
            "estimated_latency": [
                1.1854364646443445,
                4.170310482150246,
                0.0,
                8.473191991909635,
                7.853511931976282,
                4.757973087820452,
                4.399498804785958,
                1.1924838262567952,
                6.756173841537591,
                9.789574559228138,
                4.901837055687533,
                2.234969859517782,
                6.210598872174869,
                0.5498895817308632,
                8.900026129840336
            ],
            "leave": false,
            "pricing_Storage_Transfer": 0,
            "max_RAM_curr": 1.058156373838418,
            "pricing_RAM": 5,
            "pricing_data_sent": 0.01,
            "pricing_StartRequest": 4e-07
        },
        "provider_3": {
            "name": "aws",
            "estimated_latency": [
                1.2650186396401595,
                4.652037997151366,
                8.473191991909635,
                0.0,
                1.5534225646985083,
                0.8344171165674705,
                7.87145323031018,
                5.392186760428144,
                8.622316753612242,
                0.9445067843931505,
                3.036673994937557,
                9.78454379032623,
                3.5162434969322636,
                4.113568095085146,
                0.9971199988417212
            ],
            "leave": false,
            "pricing_Storage_Transfer": 0,
            "max_RAM_curr": 3.5024722631619984,
            "pricing_RAM": 5,
            "pricing_data_sent": 0.01,
            "pricing_StartRequest": 4e-07
        },
        "provider_4": {
            "name": "aws",
            "estimated_latency": [
                8.055454615732385,
                3.8165424160194,
                7.853511931976282,
                1.5534225646985083,
                0.0,
                7.299997070930628,
                8.849415947583198,
                2.0225114511368147,
                7.938761599542809,
                5.339542967878987,
                0.6326045529315438,
                0.32700803568260656,
                6.239716013610363,
                3.2850827018197686,
                8.00435603910839
            ],
            "leave": false,
            "pricing_Storage_Transfer": 0,
            "max_RAM_curr": 8.116297765323964,
            "pricing_RAM": 5,
            "pricing_data_sent": 0.01,
            "pricing_StartRequest": 4e-07
        },
        "provider_5": {
            "name": "aws",
            "estimated_latency": [
                7.46135147137049,
                1.0514247632177667,
                4.757973087820452,
                0.8344171165674705,
                7.299997070930628,
                0.0,
                5.399037215546534,
                6.860941128488445,
                2.8276925871675234,
                7.978796244382265,
                8.425441280461325,
                7.553193530103608,
                2.2254882443596937,
                8.125069780637194,
                8.533992349771944
            ],
            "leave": false,
            "pricing_Storage_Transfer": 0,
            "max_RAM_curr": 0.6239444653833828,
            "pricing_RAM": 5,
            "pricing_data_sent": 0.01,
            "pricing_StartRequest": 4e-07
        },
        "provider_6": {
            "name": "aws",
            "estimated_latency": [
                3.884039337553367,
                6.796877393929997,
                4.399498804785958,
                7.87145323031018,
                8.849415947583198,
                5.399037215546534,
                0.0,
                2.3966354443863573,
                0.7293757568501582,
                5.3034606064909795,
                0.8273260593944334,
                3.0432756176015254,
                8.237387711214796,
                6.0481039651141835,
                1.8689767538866209
            ],
            "leave": false,
            "pricing_Storage_Transfer": 0,
            "max_RAM_curr": 8.65299216684271,
            "pricing_RAM": 5,
            "pricing_data_sent": 0.01,
            "pricing_StartRequest": 4e-07
        },
        "provider_7": {
            "name": "aws",
            "estimated_latency": [
                2.508942341903323,
                5.585640313018279,
                1.1924838262567952,
                5.392186760428144,
                2.0225114511368147,
                6.860941128488445,
                2.3966354443863573,
                0.0,
                6.218542917193968,
                2.1487089834531403,
                8.67176023943219,
                9.989588093752587,
                5.231092752743038,
                5.069124888670079,
                0.3016201749952975
            ],
            "leave": false,
            "pricing_Storage_Transfer": 0,
            "max_RAM_curr": 3.697918046050717,
            "pricing_RAM": 5,
            "pricing_data_sent": 0.01,
            "pricing_StartRequest": 4e-07
        },
        "provider_8": {
            "name": "aws",
            "estimated_latency": [
                7.8291171776688655,
                6.388683215060893,
                6.756173841537591,
                8.622316753612242,
                7.938761599542809,
                2.8276925871675234,
                0.7293757568501582,
                6.218542917193968,
                0.0,
                4.216950480012634,
                8.938263917270472,
                1.4109667772445225,
                8.838891735944408,
                7.9336799820639765,
                9.522945495869772
            ],
            "leave": false,
            "pricing_Storage_Transfer": 0,
            "max_RAM_curr": 11.337922582379383,
            "pricing_RAM": 5,
            "pricing_data_sent": 0.01,
            "pricing_StartRequest": 4e-07
        },
        "provider_9": {
            "name": "aws",