{
    "name": "cloud_2_711",
    "num_nodes": 10,
    "num_leaves": 1,
    "providers": {
        "provider_0": {
            "name": "aws",
            "leave": true,
            "estimated_latency": [
                0.0,
                6.5326245017075895,
                8.44864877248933,
                6.103872085510884,
                6.116821427140397,
                4.7095745668273725,
                1.9807274614442876,
                3.1325618204306958,
                5.995595026546634,
                2.626296051740672
            ],
            "pricing_Storage_Transfer": 0,
            "max_RAM_curr": 17.95382378104197,
            "pricing_RAM": 5,
            "pricing_data_sent": 0.01,
            "pricing_StartRequest": 4e-07,
            "max_ram_curr": 17.95382378104197
        },
        "provider_1": {
            "name": "aws",
            "estimated_latency": [
                6.5326245017075895,
                0.0,
                7.412909595884164,
                8.830143091139272,
                2.140455491278479,
                6.363303524379092,
                2.1018254755422223,
                2.635180192048532,
                2.1074469858527682,
                1.5934095499690346
            ],
            "leave": false,
            "pricing_Storage_Transfer": 0,
            "max_RAM_curr": 38.42924274570448,
            "pricing_RAM": 5,
            "pricing_data_sent": 0.01,
            "pricing_StartRequest": 4e-07,
            "max_ram_curr": 38.42924274570448
        },
        "provider_2": {
            "name": "aws",
            "estimated_latency": [
                8.44864877248933,
                7.412909595884164,
                0.0,
                9.8548355518071,
                9.041541835224098,
                9.349521185367347,
                1.5840525725088366,
                5.69025120003038,
                3.4339759304438173,
                1.6651095522433026
            ],
            "leave": false,
            "pricing_Storage_Transfer": 0,
            "max_RAM_curr": 1.5516643506386634,
            "pricing_RAM": 5,
            "pricing_data_sent": 0.01,
            "pricing_StartRequest": 4e-07,
            "max_ram_curr": 1.5516643506386634
        },
        "provider_3": {
            "name": "aws",
            "estimated_latency": [
                6.103872085510884,
                8.830143091139272,
                9.8548355518071,
                0.0,
                0.2374712979498674,
                6.104928391167155,
                1.304174533163774,
                2.998544525504196,
                0.5302544983780134,
                6.240882123983547
            ],
            "leave": false,
            "pricing_Storage_Transfer": 0,
            "max_RAM_curr": 6.38324895747917,
            "pricing_RAM": 5,
            "pricing_data_sent": 0.01,
            "pricing_StartRequest": 4e-07,
            "max_ram_curr": 6.38324895747917
        },
        "provider_4": {
            "name": "aws",
            "estimated_latency": [
                6.116821427140397,
                2.140455491278479,
                9.041541835224098,
                0.2374712979498674,
                0.0,
                9.133787405818666,
                9.454317128447205,
                8.589152081488399,
                8.303283377312573,
                8.731139587922481
            ],
            "leave": false,
            "pricing_Storage_Transfer": 0,
            "max_RAM_curr": 6.50464307094392,
            "pricing_RAM": 5,
            "pricing_data_sent": 0.01,
            "pricing_StartRequest": 4e-07,
            "max_ram_curr": 6.50464307094392
        },
        "provider_5": {
            "name": "aws",
            "estimated_latency": [
                4.7095745668273725,
                6.363303524379092,
                9.349521185367347,
                6.104928391167155,
                9.133787405818666,
                0.0,
                5.8442803372986285,
                0.29282357664694003,
                6.450809342695001,
                0.721000610768434
            ],
            "leave": false,
            "pricing_Storage_Transfer": 0,
            "max_RAM_curr": 16.741815358099373,
            "pricing_RAM": 5,
            "pricing_data_sent": 0.01,
            "pricing_StartRequest": 4e-07,
            "max_ram_curr": 16.741815358099373
        },
        "provider_6": {
            "name": "aws",
            "estimated_latency": [
                1.9807274614442876,
                2.1018254755422223,
                1.5840525725088366,
                1.304174533163774,
                9.454317128447205,
                5.8442803372986285,
                0.0,
                6.670730719807012,
                6.158720966834086,
                3.15523279623941
            ],
            "leave": false,
            "pricing_Storage_Transfer": 0,
            "max_RAM_curr": 17.339570297713017,
            "pricing_RAM": 5,
            "pricing_data_sent": 0.01,
            "pricing_StartRequest": 4e-07,
            "max_ram_curr": 17.339570297713017
        },
        "provider_7": {
            "name": "aws",
            "estimated_latency": [
                3.1325618204306958,
                2.635180192048532,
                5.69025120003038,
                2.998544525504196,
                8.589152081488399,
                0.29282357664694003,
                6.670730719807012,
                0.0,
                0.6171662075628608,
                6.4855423223928454
            ],
            "leave": false,
            "pricing_Storage_Transfer": 0,
            "max_RAM_curr": 16.84718114198615,
            "pricing_RAM": 5,
            "pricing_data_sent": 0.01,
            "pricing_StartRequest": 4e-07,
            "max_ram_curr": 16.84718114198615
        },
        "provider_8": {
            "name": "aws",
            "estimated_latency": [
                5.995595026546634,
                2.1074469858527682,
                3.4339759304438173,
                0.5302544983780134,
                8.303283377312573,
                6.450809342695001,
                6.158720966834086,
                0.6171662075628608,
                0.0,
                0.6455416292922066
            ],
            "leave": false,
            "pricing_Storage_Transfer": 0,
            "max_RAM_curr": 4.057535173084882,
            "pricing_RAM": 5,
            "pricing_data_sent": 0.01,
            "pricing_StartRequest": 4e-07,
            "max_ram_curr": 4.057535173084882
        },
        "provider_9": {
            "name": "aws",
            "estimated_latency": [
                2.626296051740672,
                1.5934095499690346,
                1.6651095522433026,
                6.240882123983547,
                8.731139587922481,
                0.721000610768434,
                3.15523279623941,
                6.4855423223928454,
                0.6455416292922066,
                0.0
            ],
            "leave": false,
            "pricing_Storage_Transfer": 0,
            "max_RAM_curr": 16.044282854505646,
            "pricing_RAM": 5,
            "pricing_data_sent": 0.01,
            "pricing_StartRequest": 4e-07,
            "max_ram_curr": 16.044282854505646
        }
    }
}