{
    "name": "cloud_2_8",
    "num_nodes": 8,
    "num_leaves": 1,
    "providers": {
        "provider_0": {
            "name": "aws",
            "leave": true,
            "estimated_latency": [
                0.0,
                3.837357152011479,
                1.4698757726399667,
                2.8748009956837124,
                7.875849283839705,
                3.907647747924764,
                5.763002768693573,
                1.872621290929138
            ],
            "pricing_Storage_Transfer": 0,
            "max_RAM_curr": 9.788708133552179,
            "pricing_RAM": 0.01667,
            "pricing_data_sent": 0.01,
            "pricing_StartRequest": 4e-07,
            "max_ram_curr": 9.788708133552179
        },
        "provider_1": {
            "name": "aws",
            "estimated_latency": [
                3.837357152011479,
                0.0,
                1.0149446741028263,
                6.125389420808138,
                5.002242514961576,
                9.611000844856415,
                5.042023017830457,
                2.737217139887848
            ],
            "leave": false,
            "pricing_Storage_Transfer": 0,
            "max_RAM_curr": 19.078565485794005,
            "pricing_RAM": 0.01667,
            "pricing_data_sent": 0.01,
            "pricing_StartRequest": 4e-07,
            "max_ram_curr": 19.078565485794005
        },
        "provider_2": {
            "name": "aws",
            "estimated_latency": [
                1.4698757726399667,
                1.0149446741028263,
                0.0,
                8.948206538675274,
                5.446685135708708,
                6.5090135564764475,
                0.6375698287957485,
                2.4023135765547496
            ],
            "leave": false,
            "pricing_Storage_Transfer": 0,
            "max_RAM_curr": 39.78598338135897,
            "pricing_RAM": 0.01667,
            "pricing_data_sent": 0.01,
            "pricing_StartRequest": 4e-07,
            "max_ram_curr": 39.78598338135897
        },
        "provider_3": {
            "name": "aws",
            "estimated_latency": [
                2.8748009956837124,
                6.125389420808138,
                8.948206538675274,
                0.0,
                9.079009333500746,
                0.7115286478259402,
                4.2824396951361585,
                5.0963138205521545
            ],
            "leave": false,
            "pricing_Storage_Transfer": 0,
            "max_RAM_curr": 148.25508112202266,
            "pricing_RAM": 0.01667,
            "pricing_data_sent": 0.01,
            "pricing_StartRequest": 4e-07,
            "max_ram_curr": 148.25508112202266
        },
        "provider_4": {
            "name": "aws",
            "estimated_latency": [
                7.875849283839705,
                5.002242514961576,
                5.446685135708708,
                9.079009333500746,
                0.0,
                3.6176374143519205,
                5.7509475306270845,
                5.696064034413847
            ],
            "leave": false,
            "pricing_Storage_Transfer": 0,
            "max_RAM_curr": 50.917260083077224,
            "pricing_RAM": 0.01667,
            "pricing_data_sent": 0.01,
            "pricing_StartRequest": 4e-07,
            "max_ram_curr": 50.917260083077224
        },
        "provider_5": {
            "name": "aws",
            "estimated_latency": [
                3.907647747924764,
                9.611000844856415,
                6.5090135564764475,
                0.7115286478259402,
                3.6176374143519205,
                0.0,
                5.533950163569135,
                3.921550225250791
            ],
            "leave": false,
            "pricing_Storage_Transfer": 0,
            "max_RAM_curr": 12.554774337200161,
            "pricing_RAM": 0.01667,
            "pricing_data_sent": 0.01,
            "pricing_StartRequest": 4e-07,
            "max_ram_curr": 12.554774337200161
        },
        "provider_6": {
            "name": "aws",
            "estimated_latency": [
                5.763002768693573,
                5.042023017830457,
                0.6375698287957485,
                4.2824396951361585,
                5.7509475306270845,
                5.533950163569135,
                0.0,
                6.713218531031247
            ],
            "leave": false,
            "pricing_Storage_Transfer": 0,
            "max_RAM_curr": 9.58950047447696,
            "pricing_RAM": 0.01667,
            "pricing_data_sent": 0.01,
            "pricing_StartRequest": 4e-07,
            "max_ram_curr": 9.58950047447696
        },
        "provider_7": {
            "name": "aws",
            "estimated_latency": [
                1.872621290929138,
                2.737217139887848,
                2.4023135765547496,
                5.0963138205521545,
                5.696064034413847,
                3.921550225250791,
                6.713218531031247,
                0.0
            ],
            "leave": false,
            "pricing_Storage_Transfer": 0,
            "max_RAM_curr": 47.26872074237339,
            "pricing_RAM": 0.01667,
            "pricing_data_sent": 0.01,
            "pricing_StartRequest": 4e-07,
            "max_ram_curr": 47.26872074237339
        }
    }
}