{
    "name": "cloud_2_493",
    "num_nodes": 13,
    "num_leaves": 1,
    "providers": {
        "provider_0": {
            "name": "aws",
            "leave": true,
            "estimated_latency": [
                0.0,
                0.6619326336198234,
                7.878348560617744,
                7.710656306365519,
                7.786980967622828,
                9.17615277177656,
                8.099950771929624,
                4.728382868354929,
                2.209903597410835,
                1.5560261629813867,
                1.668961235116878,
                6.323196454781033,
                3.4987970528282784
            ],
            "pricing_Storage_Transfer": 0,
            "max_RAM_curr": 0.5580996590452333,
            "pricing_RAM": 5,
            "pricing_data_sent": 0.01,
            "pricing_StartRequest": 4e-07
        },
        "provider_1": {
            "name": "aws",
            "estimated_latency": [
                0.6619326336198234,
                0.0,
                1.4594896387621015,
                1.6736344292110346,
                9.839233123604265,
                5.0428713728967836,
                7.508385751561991,
                3.722555443422957,
                8.010420868331803,
                6.527261445155317,
                3.640394045943554,
                9.526729793777678,
                1.7650131391007657
            ],
            "leave": false,
            "pricing_Storage_Transfer": 0,
            "max_RAM_curr": 0.24746516598249332,
            "pricing_RAM": 5,
            "pricing_data_sent": 0.01,
            "pricing_StartRequest": 4e-07
        },
        "provider_2": {
            "name": "aws",
            "estimated_latency": [
                7.878348560617744,
                1.4594896387621015,
                0.0,
                7.508978272373552,
                7.77585303107503,
                3.328705232522376,
                6.175181897012809,
                0.6450202075785649,
                3.971982241729037,
                1.5456886878586438,
                1.066407843536768,
                6.271656060483721,
                9.055534161905728
            ],
            "leave": false,
            "pricing_Storage_Transfer": 0,
            "max_RAM_curr": 7.9004688293736764,
            "pricing_RAM": 5,
            "pricing_data_sent": 0.01,
            "pricing_StartRequest": 4e-07
        },
        "provider_3": {
            "name": "aws",
            "estimated_latency": [
                7.710656306365519,
                1.6736344292110346,
                7.508978272373552,
                0.0,
                1.6445781402941757,
                9.97285505009284,
                5.411926523955559,
                9.10567791609598,
                3.647655381125884,
                7.760502889418986,
                6.732639456984766,
                6.262563893583228,
                3.1719773847488373
            ],
            "leave": false,
            "pricing_Storage_Transfer": 0,
            "max_RAM_curr": 6.0970894631694055,
            "pricing_RAM": 5,
            "pricing_data_sent": 0.01,
            "pricing_StartRequest": 4e-07
        },
        "provider_4": {
            "name": "aws",
            "estimated_latency": [
                7.786980967622828,
                9.839233123604265,
                7.77585303107503,
                1.6445781402941757,
                0.0,
                4.3013061961559425,
                2.392585008869142,
                1.5157340839254487,
                3.2012660772330785,
                1.801162045673025,
                5.674322667880615,
                5.901132398643273,
                8.753420646840288
            ],
            "leave": false,
            "pricing_Storage_Transfer": 0,
            "max_RAM_curr": 0.34320187484145304,
            "pricing_RAM": 5,
            "pricing_data_sent": 0.01,
            "pricing_StartRequest": 4e-07
        },
        "provider_5": {
            "name": "aws",
            "estimated_latency": [
                9.17615277177656,
                5.0428713728967836,
                3.328705232522376,
                9.97285505009284,
                4.3013061961559425,
                0.0,
                4.3883229638175285,
                7.642828244168618,
                5.195016058425196,
                1.3172538920776102,
                3.7560423770820006,
                7.36135683251937,
                1.0178422963133924
            ],
            "leave": false,
            "pricing_Storage_Transfer": 0,
            "max_RAM_curr": 0.5483992775024765,
            "pricing_RAM": 5,
            "pricing_data_sent": 0.01,
            "pricing_StartRequest": 4e-07
        },
        "provider_6": {
            "name": "aws",
            "estimated_latency": [
                8.099950771929624,
                7.508385751561991,
                6.175181897012809,
                5.411926523955559,
                2.392585008869142,
                4.3883229638175285,
                0.0,
                0.1179868144779691,
                7.27316242949604,
                1.309184817612336,
                3.5791594157997304,
                4.367209322767389,
                8.126739842071549
            ],
            "leave": false,
            "pricing_Storage_Transfer": 0,
            "max_RAM_curr": 0.9118513726499936,
            "pricing_RAM": 5,
            "pricing_data_sent": 0.01,
            "pricing_StartRequest": 4e-07
        },
        "provider_7": {
            "name": "aws",
            "estimated_latency": [
                4.728382868354929,
                3.722555443422957,
                0.6450202075785649,
                9.10567791609598,
                1.5157340839254487,
                7.642828244168618,
                0.1179868144779691,
                0.0,
                4.4311872717411855,
                0.35478555926402033,
                0.9764041770802923,
                3.602176523419352,
                5.088753395788012
            ],
            "leave": false,
            "pricing_Storage_Transfer": 0,
            "max_RAM_curr": 5.063521323571209,
            "pricing_RAM": 5,
            "pricing_data_sent": 0.01,
            "pricing_StartRequest": 4e-07
        },
        "provider_8": {
            "name": "aws",
            "estimated_latency": [
                2.209903597410835,
                8.010420868331803,
                3.971982241729037,
                3.647655381125884,
                3.2012660772330785,
                5.195016058425196,
                7.27316242949604,
                4.4311872717411855,
                0.0,
                9.381515104608008,
                2.6564206205152057,
                3.2310934343582747,
                9.722098289915929
            ],
            "leave": false,
            "pricing_Storage_Transfer": 0,
            "max_RAM_curr": 6.836652622496427,
            "pricing_RAM": 5,
            "pricing_data_sent": 0.01,
            "pricing_StartRequest": 4e-07
        },
        "provider_9": {
            "name": "aws",
            "estimated_latency": [
                1.5560261629813867,
                6.527261445155317,
                1.5456886878586438,
                7.760502889418986,
                1.801162045673025,
                1.3172538920776102,
                1.309184817612336,
                0.35478555926402033,
                9.381515104608008,
                0.0,
                9.396080083203845,
                9.004976010961455,
                0.9188492494518686
            ],
            "leave": false,
            "pricing_Storage_Transfer": 0,
            "max_RAM_curr": 0.6461724693323814,
            "pricing_RAM": 5,
            "pricing_data_sent": 0.01,
            "pricing_StartRequest": 4e-07
        },
        "provider_10": {
            "name": "aws",