{
    "name": "cloud_2_951",
    "num_nodes": 11,
    "num_leaves": 1,
    "providers": {
        "provider_0": {
            "name": "aws",
            "leave": true,
            "estimated_latency": [
                0.0,
                7.165689121979587,
                0.9140480452027252,
                7.6243237785061755,
                2.3599334426402527,
                8.788367544944913,
                9.197603580478548,
                1.7873069456325414,
                3.569131030693684,
                6.892466209912958,
                8.11723362927094
            ],
            "pricing_Storage_Transfer": 0,
            "max_RAM_curr": 0.7665294225742922,
            "pricing_RAM": 5,
            "pricing_data_sent": 0.01,
            "pricing_StartRequest": 4e-07
        },
        "provider_1": {
            "name": "aws",
            "estimated_latency": [
                7.165689121979587,
                0.0,
                5.0897940020913195,
                1.133407333421365,
                5.747306552013569,
                6.74806824290671,
                0.2599424773204931,
                4.489149815292163,
                3.0560752888888856,
                0.38293036413012504,
                4.7427880638354445
            ],
            "leave": false,
            "pricing_Storage_Transfer": 0,
            "max_RAM_curr": 2.563221879406734,
            "pricing_RAM": 5,
            "pricing_data_sent": 0.01,
            "pricing_StartRequest": 4e-07
        },
        "provider_2": {
            "name": "aws",
            "estimated_latency": [
                0.9140480452027252,
                5.0897940020913195,
                0.0,
                5.640210235375185,
                3.9596168607529454,
                6.078965924744096,
                1.3231422332725296,
                9.626582246614909,
                3.747885997607037,
                0.4460910097988905,
                5.5052108306909515
            ],
            "leave": false,
            "pricing_Storage_Transfer": 0,
            "max_RAM_curr": 2.9125493413253642,
            "pricing_RAM": 5,
            "pricing_data_sent": 0.01,
            "pricing_StartRequest": 4e-07
        },
        "provider_3": {
            "name": "aws",
            "estimated_latency": [
                7.6243237785061755,
                1.133407333421365,
                5.640210235375185,
                0.0,
                5.0719762709724,
                8.742333818771904,
                2.798844615202844,
                3.2933511098122517,
                1.2575276727753435,
                3.7495300513556784,
                8.77517606535342
            ],
            "leave": false,
            "pricing_Storage_Transfer": 0,
            "max_RAM_curr": 1.436752158349758,
            "pricing_RAM": 5,
            "pricing_data_sent": 0.01,
            "pricing_StartRequest": 4e-07
        },
        "provider_4": {
            "name": "aws",
            "estimated_latency": [
                2.3599334426402527,
                5.747306552013569,
                3.9596168607529454,
                5.0719762709724,
                0.0,
                7.692399033791035,
                9.049605704896402,
                5.852413789550871,
                9.144590107683188,
                9.166774973092823,
                9.037114187501604
            ],
            "leave": false,
            "pricing_Storage_Transfer": 0,
            "max_RAM_curr": 1.1045869931360297,
            "pricing_RAM": 5,
            "pricing_data_sent": 0.01,
            "pricing_StartRequest": 4e-07
        },
        "provider_5": {
            "name": "aws",
            "estimated_latency": [
                8.788367544944913,
                6.74806824290671,
                6.078965924744096,
                8.742333818771904,
                7.692399033791035,
                0.0,
                8.154234865943808,
                3.849574869626583,
                6.061987114261092,
                0.48706800783918136,
                0.6148732996747229
            ],
            "leave": false,
            "pricing_Storage_Transfer": 0,
            "max_RAM_curr": 1.1094601449601074,
            "pricing_RAM": 5,
            "pricing_data_sent": 0.01,
            "pricing_StartRequest": 4e-07
        },
        "provider_6": {
            "name": "aws",
            "estimated_latency": [
                9.197603580478548,
                0.2599424773204931,
                1.3231422332725296,
                2.798844615202844,
                9.049605704896402,
                8.154234865943808,
                0.0,
                9.057061571421098,
                8.20022823853646,
                9.579223836769543,
                2.4309707190687893
            ],
            "leave": false,
            "pricing_Storage_Transfer": 0,
            "max_RAM_curr": 11.542566664187602,
            "pricing_RAM": 5,
            "pricing_data_sent": 0.01,
            "pricing_StartRequest": 4e-07
        },
        "provider_7": {
            "name": "aws",
            "estimated_latency": [
                1.7873069456325414,
                4.489149815292163,
                9.626582246614909,
                3.2933511098122517,
                5.852413789550871,
                3.849574869626583,
                9.057061571421098,
                0.0,
                9.347192680000651,
                1.1592088833384606,
                8.13781043821328
            ],
            "leave": false,
            "pricing_Storage_Transfer": 0,
            "max_RAM_curr": 3.442669762077815,
            "pricing_RAM": 5,
            "pricing_data_sent": 0.01,
            "pricing_StartRequest": 4e-07
        },
        "provider_8": {
            "name": "aws",
            "estimated_latency": [
                3.569131030693684,
                3.0560752888888856,
                3.747885997607037,
                1.2575276727753435,
                9.144590107683188,
                6.061987114261092,
                8.20022823853646,
                9.347192680000651,
                0.0,
                8.426961047865976,
                4.626887348974708
            ],
            "leave": false,
            "pricing_Storage_Transfer": 0,
            "max_RAM_curr": 1.3388049505431416,
            "pricing_RAM": 5,
            "pricing_data_sent": 0.01,
            "pricing_StartRequest": 4e-07
        },
        "provider_9": {
            "name": "aws",
            "estimated_latency": [
                6.892466209912958,
                0.38293036413012504,
                0.4460910097988905,
                3.7495300513556784,
                9.166774973092823,
                0.48706800783918136,
                9.579223836769543,
                1.1592088833384606,
                8.426961047865976,
                0.0,
                3.9996445047104237
            ],
            "leave": false,
            "pricing_Storage_Transfer": 0,
            "max_RAM_curr": 2.5927716981776574,
            "pricing_RAM": 5,
            "pricing_data_sent": 0.01,
            "pricing_StartRequest": 4e-07
        },
        "provider_10": {
            "name": "aws",
            "estimated_latency": [
                8.11723362927094,
                4.7427880638354445,
                5.5052108306909515,
                8.77517606535342,
                9.037114187501604,
                0.6148732996747229,
                2.4309707190687893,
                8.13781043821328,
                4.626887348974708,
                3.9996445047104237,
                0.0
            ],
            "leave": false,
            "pricing_Storage_Transfer": 0,
            "max_RAM_curr": 16.87557425345535,
            "pricing_RAM": 5,
            "pricing_data_sent": 0.01,
            "pricing_StartRequest": 4e-07
        }
    }
}