{
    "name": "cloud_2_174",
    "num_nodes": 5,
    "num_leaves": 1,
    "providers": {
        "provider_0": {
            "name": "aws",
            "leave": true,
            "estimated_latency": [
                0.0,
                3.2668632737524272,
                0.671225151942624,
                2.697866628718516,
                8.597419372701363
            ],
            "pricing_Storage_Transfer": 0,
            "max_RAM_curr": 308.65056108839195,
            "pricing_RAM": 5,
            "pricing_data_sent": 0.01,
            "pricing_StartRequest": 4e-07
        },
        "provider_1": {
            "name": "aws",
            "estimated_latency": [
                3.2668632737524272,
                0.0,
                4.807725871140487,
                9.972454171617416,
                4.126962321640252
            ],
            "leave": false,
            "pricing_Storage_Transfer": 0,
            "max_RAM_curr": 381.78201842027994,
            "pricing_RAM": 5,
            "pricing_data_sent": 0.01,
            "pricing_StartRequest": 4e-07
        },
        "provider_2": {
            "name": "aws",
            "estimated_latency": [
                0.671225151942624,
                4.807725871140487,
                0.0,
                3.3657971528196757,
                2.139336026447734
            ],
            "leave": false,
            "pricing_Storage_Transfer": 0,
            "max_RAM_curr": 19.984314458862848,
            "pricing_RAM": 5,
            "pricing_data_sent": 0.01,
            "pricing_StartRequest": 4e-07
        },
        "provider_3": {
            "name": "aws",
            "estimated_latency": [
                2.697866628718516,
                9.972454171617416,
                3.3657971528196757,
                0.0,
                7.504905574005455
            ],
            "leave": false,
            "pricing_Storage_Transfer": 0,
            "max_RAM_curr": 76.82882193976387,
            "pricing_RAM": 5,
            "pricing_data_sent": 0.01,
            "pricing_StartRequest": 4e-07
        },
        "provider_4": {
            "name": "aws",
            "estimated_latency": [
                8.597419372701363,
                4.126962321640252,
                2.139336026447734,
                7.504905574005455,
                0.0
            ],
            "leave": false,
            "pricing_Storage_Transfer": 0,
            "max_RAM_curr": 62.37826868825123,
            "pricing_RAM": 5,
            "pricing_data_sent": 0.01,
            "pricing_StartRequest": 4e-07
        }
    }
}