{
    "name": "cloud_2_476",
    "num_nodes": 8,
    "num_leaves": 1,
    "providers": {
        "provider_0": {
            "name": "aws",
            "leave": true,
            "estimated_latency": [
                0.0,
                5.5360031380940375,
                3.745278594692705,
                9.343534484021394,
                5.566056170485974,
                8.900558136164092,
                8.414927376577216,
                1.799506865741596
            ],
            "pricing_Storage_Transfer": 0,
            "max_RAM_curr": 1.997132865045973,
            "pricing_RAM": 5,
            "pricing_data_sent": 0.01,
            "pricing_StartRequest": 4e-07
        },
        "provider_1": {
            "name": "aws",
            "estimated_latency": [
                5.5360031380940375,
                0.0,
                6.759661690868904,
                2.5099445231474755,
                8.721303311883796,
                8.933673970392146,
                4.8716705677970324,
                3.28174108127111
            ],
            "leave": false,
            "pricing_Storage_Transfer": 0,
            "max_RAM_curr": 0.7659443601731962,
            "pricing_RAM": 5,
            "pricing_data_sent": 0.01,
            "pricing_StartRequest": 4e-07
        },
        "provider_2": {
            "name": "aws",
            "estimated_latency": [
                3.745278594692705,
                6.759661690868904,
                0.0,
                5.829902107149456,
                2.318153801420559,
                0.2797397990519793,
                8.11745659376656,
                1.228503231606444
            ],
            "leave": false,
            "pricing_Storage_Transfer": 0,
            "max_RAM_curr": 1.0736821535460523,
            "pricing_RAM": 5,
            "pricing_data_sent": 0.01,
            "pricing_StartRequest": 4e-07
        },
        "provider_3": {
            "name": "aws",
            "estimated_latency": [
                9.343534484021394,
                2.5099445231474755,
                5.829902107149456,
                0.0,
                4.220348720292038,
                1.1151231912659794,
                1.9905000951623943,
                4.10094594160481
            ],
            "leave": false,
            "pricing_Storage_Transfer": 0,
            "max_RAM_curr": 0.10623192149383316,
            "pricing_RAM": 5,
            "pricing_data_sent": 0.01,
            "pricing_StartRequest": 4e-07
        },
        "provider_4": {
            "name": "aws",
            "estimated_latency": [
                5.566056170485974,
                8.721303311883796,
                2.318153801420559,
                4.220348720292038,
                0.0,
                0.16138251856350339,
                5.267372839038799,
                3.2446712313400194
            ],
            "leave": false,
            "pricing_Storage_Transfer": 0,
            "max_RAM_curr": 2.1668216935240543,
            "pricing_RAM": 5,
            "pricing_data_sent": 0.01,
            "pricing_StartRequest": 4e-07
        },
        "provider_5": {
            "name": "aws",
            "estimated_latency": [
                8.900558136164092,
                8.933673970392146,
                0.2797397990519793,
                1.1151231912659794,
                0.16138251856350339,
                0.0,
                7.371520428620122,
                1.558501191628605
            ],
            "leave": false,
            "pricing_Storage_Transfer": 0,
            "max_RAM_curr": 0.49074981657110545,
            "pricing_RAM": 5,
            "pricing_data_sent": 0.01,
            "pricing_StartRequest": 4e-07
        },
        "provider_6": {
            "name": "aws",
            "estimated_latency": [
                8.414927376577216,
                4.8716705677970324,
                8.11745659376656,
                1.9905000951623943,
                5.267372839038799,
                7.371520428620122,
                0.0,
                5.467865261683038
            ],
            "leave": false,
            "pricing_Storage_Transfer": 0,
            "max_RAM_curr": 0.026871728961507836,
            "pricing_RAM": 5,
            "pricing_data_sent": 0.01,
            "pricing_StartRequest": 4e-07
        },
        "provider_7": {
            "name": "aws",
            "estimated_latency": [
                1.799506865741596,
                3.28174108127111,
                1.228503231606444,
                4.10094594160481,
                3.2446712313400194,
                1.558501191628605,
                5.467865261683038,
                0.0
            ],
            "leave": false,
            "pricing_Storage_Transfer": 0,
            "max_RAM_curr": 0.16471311300943467,
            "pricing_RAM": 5,
            "pricing_data_sent": 0.01,
            "pricing_StartRequest": 4e-07
        }
    }
}