{
    "name": "cloud_2_118",
    "num_nodes": 17,
    "num_leaves": 1,
    "providers": {
        "provider_0": {
            "name": "aws",
            "leave": true,
            "estimated_latency": [
                0.0,
                5.53711214893609,
                8.439845569004637,
                3.7270158395856505,
                7.041360477946645,
                9.788372705267006,
                5.723373828056065,
                4.177820622236395,
                5.842067431747273,
                4.346608489200695,
                5.326806333501586,
                6.61031369958656,
                0.4733572891129515,
                3.486633569141736,
                6.60478806870731,
                5.942721572713767,
                3.0975500578793995
            ],
            "pricing_Storage_Transfer": 0,
            "max_RAM_curr": 0.21896559454810263,
            "pricing_RAM": 5,
            "pricing_data_sent": 0.01,
            "pricing_StartRequest": 4e-07
        },
        "provider_1": {
            "name": "aws",
            "estimated_latency": [
                5.53711214893609,
                0.0,
                9.008841711505795,
                0.25457109158785945,
                9.937443278842446,
                7.2896972625840295,
                0.1721320413607082,
                4.9125023752133306,
                5.928130175345988,
                3.322335772097577,
                2.7123356521789637,
                0.8594304929185557,
                6.073330410551652,
                8.79193933743603,
                0.9715344863791326,
                5.7682805594255875,
                8.696418535887647
            ],
            "leave": false,
            "pricing_Storage_Transfer": 0,
            "max_RAM_curr": 2.853866123392235,
            "pricing_RAM": 5,
            "pricing_data_sent": 0.01,
            "pricing_StartRequest": 4e-07
        },
        "provider_2": {
            "name": "aws",
            "estimated_latency": [
                8.439845569004637,
                9.008841711505795,
                0.0,
                6.5920101089923016,
                5.614229874766302,
                0.8897450858264082,
                8.528282702977654,
                7.54741907838653,
                4.255310145843468,
                7.672236349269582,
                3.5964444531343225,
                1.0178678232429403,
                9.125369187479006,
                9.849663524026289,
                5.012019908163768,
                2.6977344495234825,
                8.031511362090004
            ],
            "leave": false,
            "pricing_Storage_Transfer": 0,
            "max_RAM_curr": 0.41081829234674366,
            "pricing_RAM": 5,
            "pricing_data_sent": 0.01,
            "pricing_StartRequest": 4e-07
        },
        "provider_3": {
            "name": "aws",
            "estimated_latency": [
                3.7270158395856505,
                0.25457109158785945,
                6.5920101089923016,
                0.0,
                6.8921169523816,
                9.389874191187008,
                0.1712831296813994,
                9.36732693563387,
                4.057857002016718,
                6.962990401151885,
                4.844269359055742,
                4.466002734948791,
                4.327932780369745,
                0.7680396186665388,
                8.887349125303427,
                6.529122748921144,
                3.5068590511316367
            ],
            "leave": false,
            "pricing_Storage_Transfer": 0,
            "max_RAM_curr": 2.5225820472690463,
            "pricing_RAM": 5,
            "pricing_data_sent": 0.01,
            "pricing_StartRequest": 4e-07
        },
        "provider_4": {
            "name": "aws",
            "estimated_latency": [
                7.041360477946645,
                9.937443278842446,
                5.614229874766302,
                6.8921169523816,
                0.0,
                8.332451353359488,
                0.6785510778200715,
                9.03694898238925,
                6.263886901460617,
                0.7956508202486492,
                1.604453335736346,
                1.5162623082530817,
                2.6929593211094756,
                4.527891860779773,
                8.038223896152722,
                2.480307576947949,
                9.035231478147317
            ],
            "leave": false,
            "pricing_Storage_Transfer": 0,
            "max_RAM_curr": 0.8127664606020073,
            "pricing_RAM": 5,
            "pricing_data_sent": 0.01,
            "pricing_StartRequest": 4e-07
        },
        "provider_5": {
            "name": "aws",
            "estimated_latency": [
                9.788372705267006,
                7.2896972625840295,
                0.8897450858264082,
                9.389874191187008,
                8.332451353359488,
                0.0,
                4.13883100973178,
                1.3228371976766669,
                4.333410206100024,
                0.803202474432579,
                7.2573113616930796,
                9.02880877850476,
                0.9382469260389018,
                6.02291699694037,
                9.719100456789576,
                5.14628303723431,
                0.6935728587102387
            ],
            "leave": false,
            "pricing_Storage_Transfer": 0,
            "max_RAM_curr": 0.13448040254048316,
            "pricing_RAM": 5,
            "pricing_data_sent": 0.01,
            "pricing_StartRequest": 4e-07
        },
        "provider_6": {
            "name": "aws",
            "estimated_latency": [
                5.723373828056065,
                0.1721320413607082,
                8.528282702977654,
                0.1712831296813994,
                0.6785510778200715,
                4.13883100973178,
                0.0,
                8.863882007812212,
                3.385518463880721,
                4.71508187133049,
                5.647667526650375,
                5.724791434515898,
                7.10960213431846,
                5.839196419654769,
                5.441578885977905,
                7.938852303526647,
                8.481869740011076
            ],
            "leave": false,
            "pricing_Storage_Transfer": 0,
            "max_RAM_curr": 1.9258637159403185,
            "pricing_RAM": 5,
            "pricing_data_sent": 0.01,
            "pricing_StartRequest": 4e-07
        },
        "provider_7": {
            "name": "aws",
            "estimated_latency": [
                4.177820622236395,
                4.9125023752133306,
                7.54741907838653,
                9.36732693563387,
                9.03694898238925,
                1.3228371976766669,
                8.863882007812212,
                0.0,
                8.421321220684893,
                4.153178735807331,
                1.0879441979705051,
                4.3510169546253605,
                9.556721129596314,
                0.6285076882328204,
                8.23026531498808,
                2.433930957016927,
                0.12263282972596473
            ],
            "leave": false,
            "pricing_Storage_Transfer": 0,
            "max_RAM_curr": 0.03233906244724491,
            "pricing_RAM": 5,
            "pricing_data_sent": 0.01,
            "pricing_StartRequest": 4e-07
        },
        "provider_8": {
            "name": "aws",