{
    "deployment_number": 4,
    "num_functions": 6,
    "num_requests": {},
    "functions": {
        "function_0": {
            "name": "function_0",
            "time": 0.9973051137879936,
            "speedup": 0.5775465908589322,
            "ram": 0.6060386683903203,
            "prob_request": 0.9330817783195201,
            "data_send": 14.126187706794997,
            "data_dependencies": {},
            "function_set": [
                0
            ]
        },
        "function_1": {
            "name": "function_1",
            "time": 0.2620816656911766,
            "speedup": 0.5922296377012952,
            "ram": 0.5956165966778675,
            "prob_request": 0.8203902881295074,
            "data_send": 92.1476465979096,
            "data_dependencies": {},
            "function_set": []
        },
        "function_2": {
            "name": "function_2",
            "time": 0.9062966815647187,
            "speedup": 0.5475871586873401,
            "ram": 0.352200876084549,
            "prob_request": 0.42270797181011055,
            "data_send": 44.49667224447101,
            "data_dependencies": {},
            "function_set": []
        },
        "function_3": {
            "name": "function_3",
            "time": 0.40246144984867194,
            "speedup": 0.15988618546283545,
            "ram": 0.5668277113941622,
            "prob_request": 0.559769456030401,
            "data_send": 91.01316933679355,
            "data_dependencies": {},
            "function_set": []
        },
        "function_4": {
            "name": "function_4",
            "time": 0.7729552230322517,
            "speedup": 0.5840317484062808,
            "ram": 0.28746079883911185,
            "prob_request": 0.5804130906492924,
            "data_send": 71.04597437039862,
            "data_dependencies": {},
            "function_set": []
        },
        "function_5": {
            "name": "function_5",
            "time": 0.8226162056133134,
            "speedup": 0.39389504189345803,
            "ram": 0.5127484362735728,
            "prob_request": 0.9367283461765256,
            "data_send": 65.76397134472471,
            "data_dependencies": {
                "provider_0": 8587.859679339888,
                "provider_2": 8587.859679339888
            },
            "function_set": []
        }
    },
    "paths": {
        "num_paths": 2,
        "0": [
            0,
            1,
            2,
            5
        ],
        "1": [
            0,
            3,
            4,
            5
        ]
    },
    "input_data": 98.99226429016127,
    "input_functions": [
        "function_0"
    ],
    "output_functions": [
        "function_5"
    ]
}