{
    "deployment_number": 9,
    "num_functions": 8,
    "num_requests": {},
    "functions": {
        "function_0": {
            "name": "function_0",
            "time": 0.7382504226317697,
            "speedup": 0.5505705604257709,
            "ram": 0.9782779860940778,
            "prob_request": 0.6223658962401042,
            "data_send": 71.94585015642016,
            "data_dependencies": {},
            "function_set": {}
        },
        "function_1": {
            "name": "function_1",
            "time": 0.8246287249549978,
            "speedup": 0.6898350506428664,
            "ram": 0.9056802296731515,
            "prob_request": 0.9360808518324144,
            "data_send": 4.225360456266922,
            "data_dependencies": {},
            "function_set": {}
        },
        "function_2": {
            "name": "function_2",
            "time": 0.8714536528188984,
            "speedup": 0.8774148831076377,
            "ram": 0.32769303514004305,
            "prob_request": 0.0865986892596918,
            "data_send": 56.07003434803111,
            "data_dependencies": {
                "provider_0": 7235.087786739793
            },
            "function_set": {}
        },
        "function_3": {
            "name": "function_3",
            "time": 0.532207918012433,
            "speedup": 0.1336958970260308,
            "ram": 0.5304181727709301,
            "prob_request": 0.41900318907531425,
            "data_send": 22.62865346595883,
            "data_dependencies": {
                "provider_0": 6120.34469387918
            },
            "function_set": {}
        },
        "function_4": {
            "name": "function_4",
            "time": 0.7153715606215912,
            "speedup": 0.943667014690215,
            "ram": 0.21784810426680667,
            "prob_request": 0.2884229723917006,
            "data_send": 42.14092613891043,
            "data_dependencies": {
                "provider_0": 2222.6949725106306
            },
            "function_set": {}
        },
        "function_5": {
            "name": "function_5",
            "time": 0.44424021359326915,
            "speedup": 0.8305825001114315,
            "ram": 0.9831209337794385,
            "prob_request": 0.3765684457083588,
            "data_send": 74.88427642791389,
            "data_dependencies": {},
            "function_set": {}
        },
        "function_6": {
            "name": "function_6",
            "time": 0.6522571442724026,
            "speedup": 0.21459164137782405,
            "ram": 0.7117277768627733,
            "prob_request": 0.6006179680367213,
            "data_send": 11.14454463881345,
            "data_dependencies": {},
            "function_set": {}
        },
        "function_7": {
            "name": "function_7",
            "time": 0.6995621106477864,
            "speedup": 0.36842641690807787,
            "ram": 0.10147109820011749,
            "prob_request": 0.641226452202094,
            "data_send": 35.50505225278271,
            "data_dependencies": {},
            "function_set": {}
        }
    },
    "paths": {
        "num_paths": 1,
        "0": [
            0,
            5,
            1,
            3,
            2,
            6,
            4,
            7
        ]
    },
    "input_data": 54.93598011675203,
    "input_functions": [
        "function_0"
    ],
    "output_functions": [
        "function_7"
    ]
}