{
    "deployment_number": 9,
    "num_functions": 3,
    "num_requests": {},
    "functions": {
        "function_0": {
            "name": "function_0",
            "time": 0.9994626879001719,
            "speedup": 0.6935109070812012,
            "ram": 0.1330425292520706,
            "prob_request": 0.292881305864567,
            "data_send": 5.287314468067971,
            "data_dependencies": {},
            "function_set": {}
        },
        "function_1": {
            "name": "function_1",
            "time": 0.18607783566826774,
            "speedup": 0.4151986320772917,
            "ram": 0.47237349646230586,
            "prob_request": 0.24130157865391677,
            "data_send": 66.32659669273252,
            "data_dependencies": {},
            "function_set": {}
        },
        "function_2": {
            "name": "function_2",
            "time": 0.9022768191778214,
            "speedup": 0.6477747925333582,
            "ram": 0.9020718395078741,
            "prob_request": 0.20573525482639746,
            "data_send": 33.274535554559506,
            "data_dependencies": {},
            "function_set": {}
        }
    },
    "paths": {
        "num_paths": 1,
        "0": [
            0,
            1,
            2
        ]
    },
    "input_data": 76.08495022326636,
    "input_functions": [
        "function_0"
    ],
    "output_functions": [
        "function_2"
    ]
}