{
    "deployment_number": 52,
    "num_functions": 6,
    "num_requests": {},
    "functions": {
        "function_0": {
            "name": "function_0",
            "time": 0.6996171246223403,
            "speedup": 0.8762814727789648,
            "ram": 0.674371855211102,
            "prob_request": 0.8877289977372889,
            "data_send": 56.27358370454883,
            "data_dependencies": {},
            "function_set": {}
        },
        "function_1": {
            "name": "function_1",
            "time": 0.1616664753442222,
            "speedup": 0.32933827681971417,
            "ram": 0.3927189776744655,
            "prob_request": 0.8853072545811435,
            "data_send": 29.39079321598167,
            "data_dependencies": {},
            "function_set": {}
        },
        "function_2": {
            "name": "function_2",
            "time": 0.10983016978466698,
            "speedup": 0.1358123467356531,
            "ram": 0.3769655056192126,
            "prob_request": 0.20822170040537372,
            "data_send": 62.37982494483877,
            "data_dependencies": {},
            "function_set": {}
        },
        "function_3": {
            "name": "function_3",
            "time": 0.5630598563691317,
            "speedup": 0.7948417999136246,
            "ram": 0.4764864639769216,
            "prob_request": 0.0653853553360606,
            "data_send": 40.216776809321566,
            "data_dependencies": {},
            "function_set": {}
        },
        "function_4": {
            "name": "function_4",
            "time": 0.8001196287255484,
            "speedup": 0.7117370963690884,
            "ram": 0.10026811846739575,
            "prob_request": 0.2577683513264698,
            "data_send": 29.15378472384381,
            "data_dependencies": {},
            "function_set": {}
        },
        "function_5": {
            "name": "function_5",
            "time": 0.6145780108102115,
            "speedup": 0.5812998771563896,
            "ram": 0.6032768090792737,
            "prob_request": 0.07129101223039139,
            "data_send": 86.00291075014925,
            "data_dependencies": {
                "provider_0": 2832.4972615358292
            },
            "function_set": {}
        }
    },
    "paths": {
        "num_paths": 3,
        "0": [
            0,
            1,
            2,
            5
        ],
        "1": [
            0,
            3,
            5
        ],
        "2": [
            0,
            4,
            5
        ]
    },
    "input_data": 87.0540612950131,
    "input_functions": [
        "function_0"
    ],
    "output_functions": [
        "function_5"
    ]
}