{
    "deployment_number": 5,
    "num_functions": 9,
    "num_requests": {},
    "functions": {
        "function_0": {
            "name": "function_0",
            "time": 0.8167313279760012,
            "speedup": 0.6663709259007792,
            "ram": 0.9665464211482734,
            "prob_request": 0.6881044028184148,
            "data_send": 21.631533538641996,
            "data_dependencies": {},
            "function_set": {}
        },
        "function_1": {
            "name": "function_1",
            "time": 0.6173052874098929,
            "speedup": 0.7272854898713063,
            "ram": 0.10344866260117144,
            "prob_request": 0.29252289622508626,
            "data_send": 54.68296019869998,
            "data_dependencies": {
                "provider_0": 4827.05101962588
            },
            "function_set": {}
        },
        "function_2": {
            "name": "function_2",
            "time": 0.32852351030798965,
            "speedup": 0.40908606887384347,
            "ram": 0.14419420578208433,
            "prob_request": 0.6257665281993714,
            "data_send": 12.648878693503962,
            "data_dependencies": {},
            "function_set": {}
        },
        "function_3": {
            "name": "function_3",
            "time": 0.5555272553808295,
            "speedup": 0.35318953527235164,
            "ram": 0.8982798828066927,
            "prob_request": 0.27174690042964444,
            "data_send": 75.75298512155993,
            "data_dependencies": {
                "provider_0": 3262.224444571674
            },
            "function_set": {}
        },
        "function_4": {
            "name": "function_4",
            "time": 0.1489844988768274,
            "speedup": 0.4179850236200422,
            "ram": 0.9683973963408168,
            "prob_request": 0.7959589124275305,
            "data_send": 46.13629247533295,
            "data_dependencies": {},
            "function_set": {}
        },
        "function_5": {
            "name": "function_5",
            "time": 0.4339869118237888,
            "speedup": 0.1270242136602051,
            "ram": 0.7677759796664088,
            "prob_request": 0.07125275442501185,
            "data_send": 36.26440601460094,
            "data_dependencies": {
                "provider_0": 2092.6542550219006
            },
            "function_set": {}
        },
        "function_6": {
            "name": "function_6",
            "time": 0.9534791023115353,
            "speedup": 0.49234831937628365,
            "ram": 0.39793545866307234,
            "prob_request": 0.505197783904223,
            "data_send": 15.534221019246504,
            "data_dependencies": {
                "provider_0": 7172.509487668381
            },
            "function_set": {}
        },
        "function_7": {
            "name": "function_7",
            "time": 0.9469882670054477,
            "speedup": 0.4582897363339291,
            "ram": 0.14995824521496878,
            "prob_request": 0.9390200472802174,
            "data_send": 4.0000976093399,
            "data_dependencies": {},
            "function_set": {}
        },
        "function_8": {
            "name": "function_8",
            "time": 0.45580378000082455,
            "speedup": 0.957445724414949,
            "ram": 0.3616697492693952,
            "prob_request": 0.1383808478119019,
            "data_send": 77.07050418948894,
            "data_dependencies": {},
            "function_set": {}
        }
    },
    "paths": {
        "num_paths": 6,
        "0": [
            0,
            6,
            1,
            8
        ],
        "1": [
            0,
            2,
            8
        ],
        "2": [
            0,
            5,
            8
        ],
        "3": [
            0,
            3,
            8
        ],
        "4": [
            0,
            7,
            8
        ],
        "5": [
            0,
            4,
            8
        ]
    },
    "input_data": 15.483979020074601,
    "input_functions": [
        "function_0"
    ],
    "output_functions": [
        "function_8"
    ]
}