{
    "deployment_number": 7,
    "num_functions": 6,
    "num_requests": {},
    "functions": {
        "function_0": {
            "name": "function_0",
            "time": 0.7448617051636518,
            "speedup": 0.752154127178947,
            "ram": 0.1945331729489373,
            "prob_request": 0.03495393771385045,
            "data_send": 50.07208808550509,
            "data_dependencies": {},
            "function_set": {}
        },
        "function_1": {
            "name": "function_1",
            "time": 0.7378460511572689,
            "speedup": 0.8326135915674753,
            "ram": 0.26711044506293913,
            "prob_request": 0.82938303776335,
            "data_send": 78.42131139675053,
            "data_dependencies": {},
            "function_set": {}
        },
        "function_2": {
            "name": "function_2",
            "time": 0.9132127478566346,
            "speedup": 0.7618185075963974,
            "ram": 0.20802853614479094,
            "prob_request": 0.03993677423739036,
            "data_send": 13.55272896101389,
            "data_dependencies": {},
            "function_set": {}
        },
        "function_3": {
            "name": "function_3",
            "time": 0.34443471522679914,
            "speedup": 0.23629818737397418,
            "ram": 0.8475836975208414,
            "prob_request": 0.3607577942382859,
            "data_send": 11.313236445176658,
            "data_dependencies": {
                "provider_0": 3413.6067718566633
            },
            "function_set": {}
        },
        "function_4": {
            "name": "function_4",
            "time": 0.22224552928156757,
            "speedup": 0.559895797800029,
            "ram": 0.9021373914361133,
            "prob_request": 0.40026301590022106,
            "data_send": 20.033156525637963,
            "data_dependencies": {},
            "function_set": {}
        },
        "function_5": {
            "name": "function_5",
            "time": 0.2810370197939939,
            "speedup": 0.4931212239697079,
            "ram": 0.21846670431923954,
            "prob_request": 0.5133088315230587,
            "data_send": 23.003319579765847,
            "data_dependencies": {},
            "function_set": {}
        }
    },
    "paths": {
        "num_paths": 1,
        "0": [
            0,
            3,
            1,
            2,
            4,
            5
        ]
    },
    "input_data": 21.191532893081032,
    "input_functions": [
        "function_0"
    ],
    "output_functions": [
        "function_5"
    ]
}