{
    "deployment_number": 0,
    "num_functions": 3,
    "num_requests": {},
    "functions": {
        "function_0": {
            "name": "function_0",
            "time": 0.9609765573981068,
            "speedup": 0.9295839696093061,
            "ram": 0.5691118336643247,
            "prob_request": 0.9817781790251847,
            "data_send": 42.23448091481525,
            "data_dependencies": {},
            "function_set": {}
        },
        "function_1": {
            "name": "function_1",
            "time": 0.6613789423182621,
            "speedup": 0.7069355710972469,
            "ram": 0.5156398893792096,
            "prob_request": 0.6158254560525597,
            "data_send": 28.43621279179228,
            "data_dependencies": {},
            "function_set": {}
        },
        "function_2": {
            "name": "function_2",
            "time": 0.6526527603730159,
            "speedup": 0.5620001050526858,
            "ram": 0.8396759102210273,
            "prob_request": 0.7157105687408122,
            "data_send": 48.45959205620803,
            "data_dependencies": {},
            "function_set": {}
        }
    },
    "paths": {
        "num_paths": 1,
        "0": [
            0,
            1,
            2
        ]
    },
    "input_data": 53.09267497972456,
    "input_functions": [
        "function_0"
    ],
    "output_functions": [
        "function_2"
    ]
}