{
    "deployment_number": 3,
    "num_functions": 8,
    "num_requests": {},
    "functions": {
        "function_0": {
            "name": "function_0",
            "time": 0.49373659377371837,
            "speedup": 0.7448573103448595,
            "ram": 0.47531275415914354,
            "prob_request": 0.6741142416276734,
            "data_send": 46.243971244295466,
            "data_dependencies": {},
            "function_set": {}
        },
        "function_1": {
            "name": "function_1",
            "time": 0.28178629732396576,
            "speedup": 0.274006274256702,
            "ram": 0.106690320764665,
            "prob_request": 0.2678470739848062,
            "data_send": 7.53582101410032,
            "data_dependencies": {},
            "function_set": {}
        },
        "function_2": {
            "name": "function_2",
            "time": 0.8426291209897561,
            "speedup": 0.5230460498099899,
            "ram": 0.9560861694942583,
            "prob_request": 0.523911808562635,
            "data_send": 14.586409286496373,
            "data_dependencies": {},
            "function_set": {}
        },
        "function_3": {
            "name": "function_3",
            "time": 0.8429600489309079,
            "speedup": 0.9258844764851225,
            "ram": 0.3521979180300595,
            "prob_request": 0.7073489501327491,
            "data_send": 11.555498742492656,
            "data_dependencies": {},
            "function_set": {}
        },
        "function_4": {
            "name": "function_4",
            "time": 0.44670682366245573,
            "speedup": 0.26284716379559747,
            "ram": 0.7328702181706013,
            "prob_request": 0.6322803444098967,
            "data_send": 74.90923998632651,
            "data_dependencies": {},
            "function_set": {}
        },
        "function_5": {
            "name": "function_5",
            "time": 0.7297175394311641,
            "speedup": 0.7208964009374541,
            "ram": 0.30505917297710927,
            "prob_request": 0.517647544024082,
            "data_send": 7.50686754898447,
            "data_dependencies": {},
            "function_set": {}
        },
        "function_6": {
            "name": "function_6",
            "time": 0.15431472425315246,
            "speedup": 0.29797872343032,
            "ram": 0.7140354678652597,
            "prob_request": 0.272639131886136,
            "data_send": 57.79775148621556,
            "data_dependencies": {},
            "function_set": {}
        },
        "function_7": {
            "name": "function_7",
            "time": 0.96661538820187,
            "speedup": 0.7826478846685843,
            "ram": 0.4965086231548159,
            "prob_request": 0.39498145085992986,
            "data_send": 2.497401337115345,
            "data_dependencies": {
                "provider_0": 6099.303760640117
            },
            "function_set": {}
        }
    },
    "paths": {
        "num_paths": 4,
        "0": [
            0,
            4,
            6,
            7
        ],
        "1": [
            0,
            3,
            5,
            7
        ],
        "2": [
            0,
            1,
            7
        ],
        "3": [
            0,
            2,
            7
        ]
    },
    "input_data": 74.6243140191778,
    "input_functions": [
        "function_0"
    ],
    "output_functions": [
        "function_7"
    ]
}