{
    "deployment_number": 5,
    "num_functions": 9,
    "num_requests": {},
    "functions": {
        "function_0": {
            "name": "function_0",
            "time": 0.23424871881222825,
            "speedup": 0.4988248773622076,
            "ram": 0.13757110374827122,
            "prob_request": 0.33476939952403306,
            "data_send": 61.61277165355526,
            "data_dependencies": {},
            "function_set": {}
        },
        "function_1": {
            "name": "function_1",
            "time": 0.6706379386486819,
            "speedup": 0.5953093645825711,
            "ram": 0.5718390365910963,
            "prob_request": 0.9076934321209318,
            "data_send": 76.04363487751559,
            "data_dependencies": {},
            "function_set": {}
        },
        "function_2": {
            "name": "function_2",
            "time": 0.5613348536037993,
            "speedup": 0.31254705354643714,
            "ram": 0.4001417240284043,
            "prob_request": 0.2344702931909264,
            "data_send": 52.150669299244264,
            "data_dependencies": {},
            "function_set": {}
        },
        "function_3": {
            "name": "function_3",
            "time": 0.2933778662244823,
            "speedup": 0.2227523359594169,
            "ram": 0.7869899743565166,
            "prob_request": 0.27258841718921384,
            "data_send": 85.61273720589062,
            "data_dependencies": {},
            "function_set": {}
        },
        "function_4": {
            "name": "function_4",
            "time": 0.6535261036551778,
            "speedup": 0.9240005253917258,
            "ram": 0.2082842147195716,
            "prob_request": 0.15025791648963355,
            "data_send": 21.043892142897008,
            "data_dependencies": {},
            "function_set": {}
        },
        "function_5": {
            "name": "function_5",
            "time": 0.9475985318024068,
            "speedup": 0.3691216108290535,
            "ram": 0.24668372273092942,
            "prob_request": 0.29449955598533684,
            "data_send": 46.74603294090661,
            "data_dependencies": {},
            "function_set": {}
        },
        "function_6": {
            "name": "function_6",
            "time": 0.7146545037433357,
            "speedup": 0.3897346361474481,
            "ram": 0.5064615115793195,
            "prob_request": 0.6570990129889113,
            "data_send": 70.72378056834579,
            "data_dependencies": {},
            "function_set": {}
        },
        "function_7": {
            "name": "function_7",
            "time": 0.9406873926450177,
            "speedup": 0.4009730012433952,
            "ram": 0.2963831001595693,
            "prob_request": 0.7593287342633709,
            "data_send": 18.924565449824595,
            "data_dependencies": {},
            "function_set": {}
        },
        "function_8": {
            "name": "function_8",
            "time": 0.33820562423431644,
            "speedup": 0.2365742654031526,
            "ram": 0.3660042403650905,
            "prob_request": 0.6909600640221312,
            "data_send": 7.7666737653094575,
            "data_dependencies": {},
            "function_set": {}
        }
    },
    "paths": {
        "num_paths": 5,
        "0": [
            0,
            3,
            5,
            8
        ],
        "1": [
            0,
            4,
            7,
            8
        ],
        "2": [
            0,
            6,
            8
        ],
        "3": [
            0,
            1,
            8
        ],
        "4": [
            0,
            2,
            8
        ]
    },
    "input_data": 40.65848667527766,
    "input_functions": [
        "function_0"
    ],
    "output_functions": [
        "function_8"
    ]
}