{
    "deployment_number": 2,
    "num_functions": 5,
    "num_requests": {},
    "functions": {
        "function_0": {
            "name": "function_0",
            "time": 0.6923108721310446,
            "speedup": 0.32030220072942217,
            "ram": 0.9809437409775157,
            "prob_request": 0.6145883820735529,
            "data_send": 64.85033099051654,
            "data_dependencies": {},
            "function_set": {}
        },
        "function_1": {
            "name": "function_1",
            "time": 0.3968775317088673,
            "speedup": 0.657780494593997,
            "ram": 0.17612328405285765,
            "prob_request": 0.9095967858849364,
            "data_send": 47.70133047300231,
            "data_dependencies": {},
            "function_set": {}
        },
        "function_2": {
            "name": "function_2",
            "time": 0.8773042509924285,
            "speedup": 0.46115351869808363,
            "ram": 0.2812987326257571,
            "prob_request": 0.9558285483330529,
            "data_send": 54.30670098883997,
            "data_dependencies": {},
            "function_set": {}
        },
        "function_3": {
            "name": "function_3",
            "time": 0.3232086274879331,
            "speedup": 0.2652789329217795,
            "ram": 0.5520841149412044,
            "prob_request": 0.6363184256489555,
            "data_send": 88.71666735253315,
            "data_dependencies": {},
            "function_set": {}
        },
        "function_4": {
            "name": "function_4",
            "time": 0.3445990906486582,
            "speedup": 0.8028319266074444,
            "ram": 0.5559265415149809,
            "prob_request": 0.4670976812270329,
            "data_send": 13.42328622061851,
            "data_dependencies": {},
            "function_set": {}
        }
    },
    "paths": {
        "num_paths": 3,
        "0": [
            0,
            3,
            4
        ],
        "1": [
            0,
            1,
            4
        ],
        "2": [
            0,
            2,
            4
        ]
    },
    "input_data": 45.519904119946354,
    "input_functions": [
        "function_0"
    ],
    "output_functions": [
        "function_4"
    ]
}