{
    "deployment_number": 2,
    "num_functions": 9,
    "num_requests": {},
    "functions": {
        "function_0": {
            "name": "function_0",
            "time": 0.2586055130006745,
            "speedup": 0.5381667350335988,
            "ram": 0.11884273043146446,
            "prob_request": 0.20856584755590957,
            "data_send": 77.74906782150615,
            "data_dependencies": {
                "provider_0": 2568.2929196474515
            },
            "function_set": {}
        },
        "function_1": {
            "name": "function_1",
            "time": 0.6495404103803281,
            "speedup": 0.37723574802289517,
            "ram": 0.7029949414223287,
            "prob_request": 0.2713108318333128,
            "data_send": 40.22757053037745,
            "data_dependencies": {
                "provider_0": 6202.026993156243
            },
            "function_set": {}
        },
        "function_2": {
            "name": "function_2",
            "time": 0.32596733628719876,
            "speedup": 0.9310948418753786,
            "ram": 0.4367907640828279,
            "prob_request": 0.29901034045639624,
            "data_send": 8.848981048264818,
            "data_dependencies": {
                "provider_0": 873.4685480762616
            },
            "function_set": {}
        },
        "function_3": {
            "name": "function_3",
            "time": 0.10240178158225306,
            "speedup": 0.18388551020063454,
            "ram": 0.3157712930705792,
            "prob_request": 0.6498456178687603,
            "data_send": 46.838509823182385,
            "data_dependencies": {},
            "function_set": {}
        },
        "function_4": {
            "name": "function_4",
            "time": 0.8221145415673526,
            "speedup": 0.39270549250048903,
            "ram": 0.8361527593781807,
            "prob_request": 0.10300962033203556,
            "data_send": 13.648656959962516,
            "data_dependencies": {},
            "function_set": {}
        },
        "function_5": {
            "name": "function_5",
            "time": 0.3108443760495264,
            "speedup": 0.2050459640215733,
            "ram": 0.47269647549795946,
            "prob_request": 0.2851433040649966,
            "data_send": 9.719879972435661,
            "data_dependencies": {
                "provider_0": 1103.4802747130122
            },
            "function_set": {}
        },
        "function_6": {
            "name": "function_6",
            "time": 0.9933737435337706,
            "speedup": 0.6002448693830554,
            "ram": 0.28557513192360917,
            "prob_request": 0.5145718307259586,
            "data_send": 73.252687189677,
            "data_dependencies": {},
            "function_set": {}
        },
        "function_7": {
            "name": "function_7",
            "time": 0.8449611692492799,
            "speedup": 0.7383069975657787,
            "ram": 0.21638732921461867,
            "prob_request": 0.44002663674343945,
            "data_send": 69.47386444295097,
            "data_dependencies": {},
            "function_set": {}
        },
        "function_8": {
            "name": "function_8",
            "time": 0.8643415702919379,
            "speedup": 0.32903199753719037,
            "ram": 0.7886845608807461,
            "prob_request": 0.4459873910931806,
            "data_send": 11.110415202645967,
            "data_dependencies": {},
            "function_set": {}
        }
    },
    "paths": {
        "num_paths": 6,
        "0": [
            0,
            3,
            5,
            8
        ],
        "1": [
            0,
            4,
            8
        ],
        "2": [
            0,
            7,
            8
        ],
        "3": [
            0,
            6,
            8
        ],
        "4": [
            0,
            1,
            8
        ],
        "5": [
            0,
            2,
            8
        ]
    },
    "input_data": 77.23813083802878,
    "input_functions": [
        "function_0"
    ],
    "output_functions": [
        "function_8"
    ]
}