{
    "time_list": [
        [
            [
                0.00953221321105957
            ],
            [
                0.002336740493774414,
                0.0010027885437011719,
                0.0025196075439453125
            ]
        ]
    ],
    "overall_time": [
        0.03493690490722656
    ],
    "comparison_time": [
        0.2855949401855469
    ]
}