{
    "time_list": [
        [
            [
                0.017794132232666016
            ],
            [
                0.0005049705505371094,
                0.002457857131958008,
                0.0021038055419921875
            ]
        ]
    ],
    "overall_time": [
        0.05011487007141113
    ],
    "comparison_time": [
        0.22533130645751953
    ]
}