{
    "time_list": [],
    "overall_time": [
        0.0360870361328125
    ],
    "comparison_time": [
        0.2588179111480713
    ]
}